{
  "pipeline_metrics": {
    "elapsed_seconds": 22.960779666900635,
    "processed_chunks": 256,
    "dropped_chunks": 0,
    "rate_limit_hits": 0,
    "errors": 0,
    "throughput_chunks_per_sec": 11.149446943762499,
    "avg_embed_latency_ms": 0.0,
    "avg_db_latency_ms": 18147.624969482422,
    "avg_minister_latency_ms": 65.437912940979
  }
}