{
  "pipeline_metrics": {
    "elapsed_seconds": 22.025724172592163,
    "processed_chunks": 320,
    "dropped_chunks": 0,
    "rate_limit_hits": 0,
    "errors": 0,
    "throughput_chunks_per_sec": 14.528466691605711,
    "avg_embed_latency_ms": 0.0,
    "avg_db_latency_ms": 17105.47924041748,
    "avg_minister_latency_ms": 71.35355472564697
  }
}