{
  "pipeline_metrics": {
    "elapsed_seconds": 30.654855489730835,
    "processed_chunks": 449,
    "dropped_chunks": 0,
    "rate_limit_hits": 0,
    "errors": 0,
    "throughput_chunks_per_sec": 14.64694523430718,
    "avg_embed_latency_ms": 0.0,
    "avg_db_latency_ms": 12593.913555145264,
    "avg_minister_latency_ms": 91.49283170700073
  }
}