{
  "pipeline_metrics": {
    "elapsed_seconds": 21.046154499053955,
    "processed_chunks": 258,
    "dropped_chunks": 0,
    "rate_limit_hits": 0,
    "errors": 0,
    "throughput_chunks_per_sec": 12.258771410657396,
    "avg_embed_latency_ms": 0.0,
    "avg_db_latency_ms": 16146.052837371826,
    "avg_minister_latency_ms": 54.04543876647949
  }
}