{
  "pipeline_metrics": {
    "elapsed_seconds": 62.29058909416199,
    "processed_chunks": 353,
    "dropped_chunks": 0,
    "rate_limit_hits": 0,
    "errors": 0,
    "throughput_chunks_per_sec": 5.666987620941502,
    "avg_embed_latency_ms": 0.0,
    "avg_db_latency_ms": 19599.943955739338,
    "avg_minister_latency_ms": 30.48404057820638
  }
}