{
  "pipeline_metrics": {
    "elapsed_seconds": 75.47197246551514,
    "processed_chunks": 418,
    "dropped_chunks": 0,
    "rate_limit_hits": 0,
    "errors": 0,
    "throughput_chunks_per_sec": 5.538479866694802,
    "avg_embed_latency_ms": 0.0,
    "avg_db_latency_ms": 18014.030516147614,
    "avg_minister_latency_ms": 26.21835470199585
  }
}