{
  "pipeline_metrics": {
    "elapsed_seconds": 12.682980298995972,
    "processed_chunks": 709,
    "dropped_chunks": 0,
    "rate_limit_hits": 0,
    "errors": 0,
    "throughput_chunks_per_sec": 55.90168214769905,
    "avg_embed_latency_ms": 0.0,
    "avg_db_latency_ms": 1131.0220786503382,
    "avg_minister_latency_ms": 43.4685264314924
  }
}