{
  "pipeline_metrics": {
    "elapsed_seconds": 41.020830154418945,
    "processed_chunks": 627,
    "dropped_chunks": 0,
    "rate_limit_hits": 0,
    "errors": 0,
    "throughput_chunks_per_sec": 15.284917296785826,
    "avg_embed_latency_ms": 0.0,
    "avg_db_latency_ms": 11903.769334157309,
    "avg_minister_latency_ms": 61.6147518157959
  }
}