{
  "pipeline_metrics": {
    "elapsed_seconds": 62.28208327293396,
    "processed_chunks": 695,
    "dropped_chunks": 0,
    "rate_limit_hits": 0,
    "errors": 0,
    "throughput_chunks_per_sec": 11.158907401256236,
    "avg_embed_latency_ms": 0.0,
    "avg_db_latency_ms": 19040.10510444641,
    "avg_minister_latency_ms": 71.63616021474202
  }
}