{
  "pipeline_metrics": {
    "elapsed_seconds": 22.21075940132141,
    "processed_chunks": 196,
    "dropped_chunks": 0,
    "rate_limit_hits": 0,
    "errors": 0,
    "throughput_chunks_per_sec": 8.824551846903624,
    "avg_embed_latency_ms": 0.0,
    "avg_db_latency_ms": 18899.163961410522,
    "avg_minister_latency_ms": 23.781657218933105
  }
}