path,ext,size_bytes,mtime,is_binary,sha256
.env,,224,2026-02-17T01:44:25.379551,False,afaecdc526de91459c09510223309841f534e755ff28b42f6327d4a453c898a6
.env.example,.example,8431,2026-02-19T20:17:51.804184,False,4209a005d3bd285c5144c1caf3ae17c081e558d03b9ee0f225cdb800adb4e4de
.github/copilot-instructions.md,.md,12168,2026-02-18T03:28:31.488813,False,f43d5dbef3b615f069c62c9d9c22a7d1bbd4607fee191faaf0ca6d4243872b31
.gitignore,,473,2026-02-16T06:17:58.174937,False,7d0743591313284d8ca05497d5c607a727e7863db879ba49d7993422e1e71de3
analytics/__init__.py,.py,0,2026-02-15T16:33:36.400518,False,e3b0c44298fc1c149afbf4c8996fb92427ae41e4649b934ca495991b7852b855
analytics/dashboard.py,.py,1705,2026-02-15T21:03:29.064564,False,09adc60f3a6f376024fba5fb57935842b0abe856ae3a026227c2caafce656f20
analytics/improvement_tracker.py,.py,0,2026-02-15T16:33:36.462085,False,e3b0c44298fc1c149afbf4c8996fb92427ae41e4649b934ca495991b7852b855
analytics/reporting.py,.py,0,2026-02-15T16:33:36.441781,False,e3b0c44298fc1c149afbf4c8996fb92427ae41e4649b934ca495991b7852b855
analyze_conversation_learning.py,.py,8377,2026-02-19T20:04:41.269206,False,6708594788bad06e7e511300e4c5a96af4dd16f2aca1e883810a344da32f5061
ARCHITECTURE_CLARIFICATION.md,.md,8457,2026-02-19T20:18:18.479513,False,008a5bd42ed12b7e7c244957642a9486ed147d33d43292b8e0ab3e01aba3d7a7
archive/integrations_old/__init__.py,.py,219,2026-02-15T16:10:25.510132,False,9a05a4642307f80094d710a2f117748a78aabbd43a03cd314fa0ae6afa5b9cbb
archive/integrations_old/persona_mas_integration.py,.py,9757,2026-02-14T15:08:53.485999,False,b3448dd849eb5b375e1a545a01f239d1af16de7d7e0a27fb740031fd0cf60ef3
archive/integrations_old/persona_mas_integration_simple.py,.py,6576,2026-02-14T15:08:53.485999,False,ab4f5220405586e77d4d48e18ab329e5672a30c481673d4952ed8ffdeff1a8ce
archive/runtime_old/__init__.py,.py,559,2026-02-11T00:56:15.660977,False,bcaa17c9e3c5503a1dbf177fddfcf4e1e990a14a420946d46120b8b65a885eac
archive/runtime_old/action_spiral.py,.py,1764,2026-02-11T00:56:43.805557,False,9d86ecc230a1cb8bc930ce508227ae61ced3e36d6adaa527b0e172a1737f40de
archive/runtime_old/consciousness.py,.py,859,2026-02-11T00:56:33.812033,False,f96cf8fe16708b79e49545d2aa694d3bc2121e4a64e77c1e0c2f1e298065a81b
archive/runtime_old/diagnostics.py,.py,2005,2026-02-11T00:57:13.139252,False,c75c8fa70e0822d9c9de4efe600d3b3dd53189d67420727ea11e1acd8fc8af45
archive/runtime_old/dopamine.py,.py,870,2026-02-11T00:56:50.096718,False,d42ac0c23dc4f09332712a7ff2c4659027951102ffbcac1182e399e55e00d55b
archive/runtime_old/memory.py,.py,1028,2026-02-11T00:56:58.617796,False,746ce6bfefd9da02520b7f98015cd7239d48207116eda5c44abda6d1842ea5e4
archive/runtime_old/predictive.py,.py,2181,2026-02-11T00:56:27.840049,False,8619d28623c681bb399d7c2edc8fee4fdb2eb1fd7de7ca9ba4e4fee4ccc937b2
archive/runtime_old/run_sim.py,.py,1690,2026-02-11T00:57:25.217655,False,a0e573cfcdf9fe12ca07b82d2c64a4a9b3c787b331db4a2cf70100a45e92f28b
AUDIT_REPORT.txt,.txt,13303,2026-02-19T19:50:04.538874,False,b0710499450c0ae31d0331fe14c063be1763dff00a278a41c0e1566ad2de0065
AUDIT_REPORT_FINAL.txt,.txt,16735,2026-02-19T20:04:22.545034,False,4e00d7816de5d4a6c26e15e19990575ce300c7f19c89d2598a8c8736f18daddb
AUDIT_RESOLUTION.md,.md,16971,2026-02-19T19:54:55.424636,False,339996d1ef7bbadf86f4b94292d48926c1fe2c1e2e203f96ea7ed0e8e0ba7eec
AUDIT_RESOLUTION_INDEX.md,.md,11782,2026-02-19T19:55:31.689707,False,0c1c55b955183d6ea0d5241274790451697f18e9961f6a4b89f53ea822d06920
audit_temp/all_markdown_files.txt,.txt,8450,2026-02-19T20:01:13.115472,False,a78ecc6f5cf089dc82dbe36cfed3671a0c873d8e9479c702ea3542d7ee4eb2df
audit_temp/all_python_files.txt,.txt,16010,2026-02-19T20:01:12.793369,False,f055435d73a0ad677068b2bdd0e03ccef053f7144cc867bb179407434e4eb1c8
audit_temp/markdown_files.txt,.txt,6512,2026-02-19T20:01:24.201569,False,b7b5fbe46bb481980aea6120501775d4ed6fe2cd174b6ceb154b3cbe89da43e6
audit_temp/python_files.txt,.txt,19712,2026-02-19T20:01:24.199554,False,666a2f8dce3df645ee70addd1bc5579e27aaf3dc8604ae4528707814c6b5ca39
audit_temp/todos.txt,.txt,17049640,2026-02-19T20:01:36.732085,False,e16f02e9a58cd5b68559742e4f96b97353f290a8483bc67b5c0105fd15ecd549
audit_temp/todos_raw.txt,.txt,198,2026-02-19T20:01:52.839689,False,b030d1dacf1f4843fd1ee5a9fd23dcd485108d88e01dd93ea7fb24b1c2a26996
benchmark_quickstart.log,.log,4444,2026-02-14T23:54:03.470333,False,dbc2d53330a7512552c4f7f3d6f0c8e86e316ee1982aa0facdbb98cc307ef298
CHANGELOG.md,.md,7760,2026-02-19T19:52:35.650846,False,ad62d7f2583171158b373eaedb002366f2603a35cb970beaf152ac044e40f9cb
COMPLETION_SUMMARY.md,.md,15772,2026-02-19T19:57:05.795448,False,19c4c7230a1fcd255f81cdb9f6c14937e3f612180532ca4b1b487e553775d866
data/books/16-05-2021-070111The-Richest-Man-in-Babylon.pdf,.pdf,1576497,2026-01-14T21:12:42.112854,True,ad12447579667c03001f41621f511f3e957c6f102f73f830be5b8d034a06bd91
data/books/20090526_TNA13Crawford2009.pdf,.pdf,194885,2026-01-14T20:54:41.069516,True,d603bdd56f8f3a9510c43724410d9590965c5ecdbbb489dc7656e3af56df68c1
"data/books/2950_Daniel Kahneman - Thinking, Fast and Slow (2013).pdf",.pdf,3021431,2026-01-14T20:34:43,True,cd1a03debc5473752ed5b27c02da632011dc5840c92b23973c2c27c78904a21f
data/books/33449.pdf,.pdf,1210913,2026-01-15T06:02:56.147682,True,ca4140dce53782feda91b31357dbbacf5c379f97711551c13f66a526f3bca283
data/books/64b13492db952-the-daily-stoic.pdf,.pdf,2725248,2026-01-15T05:49:14.957031,True,5cfc645edec021cbcee1fbcac071acc33ce398ad636ade79dfd619f33453d140
data/books/9780262353946_caa.pdf,.pdf,492428,2026-01-14T20:48:49.308758,True,547e8b953f105815a129828c18cdf6b81aaadcaa69ee50d3d1ea4d4a92e75f35
data/books/_OceanofPDF.com_The_art_of_laziness_-_Library_Mindset.pdf,.pdf,591860,2026-01-14T21:03:20.105811,True,ffbf3086bc7bf25916c0669b2e87ea1d32183cb58ef778d7ac660ee1e93179ef
data/books/Being in Love.pdf,.pdf,933631,2026-01-14T21:19:49.198002,True,2c2ee78f1f1298e5a253707584168869c5c5ee73fb057bb3716cf688b7ab15e1
data/books/Beyond good and evil.pdf,.pdf,6790130,2026-01-15T05:54:46.897056,True,0df6db8ad414de68faca313ccbb40bb8a11063c1849a72d9cb286e3072622252
"data/books/CAMUS, Albert - The Stranger.pdf",.pdf,550049,2026-01-14T21:18:25.275679,True,7fb2930d14d57bb12b0a507656aa963ce276f7a1bf18fb2a1cc4ae9b240b0d74
"data/books/Cioran, E. M. - Trouble With Being Born (Seaver, 2011).pdf",.pdf,1061930,2026-01-15T05:54:58.002223,True,6ba4f5b56d3dcf09f623db1ccabd4ed03039d6f2d1d94b284ff55d356878c6ec
data/books/ClearThinking.pdf,.pdf,6389931,2026-01-14T20:43:12,True,f51599d2f4dbe615bbe0c9d43a766e24dad9cb0b4674d2709fe3eb14cab7ea9c
data/books/Collins-2001-Good-to-Great-Why-Some-Companies-Make-the-Leap...and-Others-Dont_.pdf,.pdf,7702978,2026-01-14T21:07:26.445839,True,ede30acefbe4063ace657c56b2b5fcfbf3876d3cab7647d3af342183047c83e2
data/books/Crime.pdf,.pdf,2352410,2026-01-14T21:18:06.299812,True,e2b3dbf94668a4c0cdcd918aecd931f92dfe8c228fd15c81f9803d5877899113
data/books/crowdastudypopu00bongoog.pdf,.pdf,3005323,2026-01-14T20:51:44.418032,True,5aa49c3434af8f60b37f9504375a98182d22411b1402227875a4210882330b05
data/books/Crucial Conversations.pdf,.pdf,2084008,2026-01-14T21:24:35.604523,True,dadd3629490de96cadcd1a782fec6b995650ae5b2847b8be8e52ecfee95ca920
data/books/Deep Work.pdf,.pdf,1594739,2026-01-14T20:59:11.579881,True,4fd44b31a3a08548a4f19770bda75b5b8b45bdf70a8ffb49b4ae5e3ddcd8973b
data/books/Do It Today.pdf,.pdf,753032,2026-01-14T21:09:07.928798,True,af633a8310227ad15108de88139e9ed7c6bc85ca3573195bc216a53c6930fb50
data/books/E001005.pdf,.pdf,1383132,2026-01-14T20:54:51.884614,True,195d8af289e9d60fa233c94c12a5038a0d4b016d94875c0e4c87b8d456f6b841
data/books/ernest_becker_the_denial_of_deathbookfi-org.pdf,.pdf,8505880,2026-01-15T05:54:53.614805,True,ab6d855d64a85688bbf08487be912668ccec850634cc2d9a0ab4c8bd9ae95c3b
data/books/extreme_ownership__how_us_navy_seals_lead_and_win.pdf,.pdf,2381718,2026-01-14T21:01:03.922541,True,370ebfba9beebd2404939406a17f605039eb60daa9cce6001244db2b7a0376fa
data/books/f94cc-a-guide-to-the-good-life-the-ancient-art-of-stoic-joy-william-braxton-irvine.pdf,.pdf,722387,2026-01-15T05:49:04.005675,True,601d611cab91574346bffd77ab172ee44a6511099d28c6aba5ab3c08ab91b150
data/books/Felix-Dennis-How-to-Get-Rich.pdf,.pdf,1142033,2026-01-14T21:13:13.802475,True,61aab4edf824ed8b1ecd7b4ea3617786dea50b41e7adfd2a0d85c6653aaf0dff
data/books/Finish_What_You_Start_The_Art_of_Following_Through_Taking_Action.pdf,.pdf,635162,2026-01-14T21:09:46.132282,True,72aed4f7e6a64f3313384b55b330f00f1201bbe54c40ee1f9e70e61fcd4c0d33
data/books/Finite-and-Infinite-Games-by-James-Carse.pdf,.pdf,8009574,2026-01-15T05:47:32.921811,True,143bef992e8e5d8b1c9a7d7aa895baa8f3bc7be55a9b02cbceef12487a074354
data/books/How to Not Die Alone.pdf,.pdf,5719047,2026-01-15T06:29:48.711128,True,f975595379ea0572890cc383081877b43940f16917df2c42872713c436b42032
"data/books/How To Win Friends And Influence People - Carnegie, Dale.pdf",.pdf,1624097,2026-01-14T21:24:40.225694,True,ece7cbdd0541dad0be3aa2fc5d63b2e39e3aed9d5aca75c399c80d11373bba1c
data/books/Jacques Ellul - The Technological Society.pdf,.pdf,11689365,2026-01-14T20:48:54.702148,True,4cfeec9e91b383b80577ff3f4905b62f91acc3af9e84813d8be63c7a5b3abd98
data/books/Letters from a Stoic 1.pdf,.pdf,9239490,2026-01-15T05:49:53.925179,True,0a488ec612fe3d998909fa1e397862c5eec526d98481373d514a06c01fcc0283
"data/books/Machiavelli,+The+Prince.pdf",.pdf,2860352,2026-01-14T20:52:18.003072,True,903c884765c63abffd29a74c903f914f63e931fb95e92182cb7c4db6305f9505
data/books/Man and his Symbols ( PDFDrive ).pdf,.pdf,62391741,2026-01-15T06:28:38.770077,True,d88d25319addc79441f42813e43bdd3d4a58a743b7679c855a477b3eda7bae72
data/books/mans-search-for-meaning.pdf,.pdf,323804,2026-01-15T06:27:43.453948,True,805472c2eb48957906a69f6196e83c167fd682659f312fe74b65328db1745f1a
data/books/Marcus-Aurelius-Meditations.pdf,.pdf,1986376,2026-01-15T05:49:41.435846,True,b02870de0fbf771af42aefcdd6a6ccc4386381fa20d3513242acf8b4f9c25aca
data/books/Mastery by Robert Greene.pdf,.pdf,1815979,2026-01-14T20:55:06.159119,True,24efd86dd331927feb972033bfe19ed437d38ad64d1c80103627f8a351895bce
data/books/Men-are-from-mars-women-are-from-venus.pdf,.pdf,1254315,2026-01-14T21:19:26.158614,True,6915174fbfe13eea520eaed05774c790159537214647928cba7324eb1151bc83
data/books/milan_kundera_-_the_unbearable_lightness_of_being.pdf,.pdf,673655,2026-01-15T05:53:19.695441,True,ca6bd2dbb4550f7d14edd155390568dde9f6d00d394fc2ae46a487d483e66160
data/books/modern-man-in-search-of-a-soul-stages-of-life-1.pdf,.pdf,11085845,2026-01-15T05:55:41.916320,True,26f658b2f4bdb64d2aa84cea961424e16eccc56018ecfac1aa4a918836a306a7
data/books/NeilPostman-AmusingOurselvesToDeath.pdf,.pdf,3821883,2026-01-14T20:48:58.750350,True,cba4d1865c82197839d8482583f106e5bc47d39b25f2fcaf5f3929d1701eb9af
data/books/No-Excuses-The-Power-of-Self-Discipline-by-Brian-Tracy.pdf,.pdf,1967169,2026-01-14T21:07:30.643207,True,29bea4e26ca008dc7c6f646c6f0d9595b7f8d5d6e0fb05ddd3544cd942a323a2
data/books/Notes-from-Underground-Extract.pdf,.pdf,2701687,2026-01-14T21:18:12.512780,True,d94a8a0682749b7842f448fcd59e0208cd6949821e2532a17838294cb7d3fbc4
data/books/Ortega_y_Gasset_Jose_The_Revolt_of_the_Masses.pdf,.pdf,23246967,2026-01-14T20:49:04.756857,True,617eedacee2a099624cabe6144b31e8d849755854755e18a5c49b2acb6c875d7
data/books/pathtowealthorli00hall.pdf,.pdf,21896100,2026-01-15T06:06:23.223741,True,862605a651ff6a1f75eeb06408eb4b3c6c0c3afcc158478a17826776e44f5752
data/books/Poor Charlie’s Almanack_ The Wit and Wisdom of Charles T. Munger ( PDFDrive ).pdf,.pdf,2332085,2026-01-14T20:37:18,True,c63a561ae3f8734b4ff325903d13ff6355f61b3d306d06ba5aa15616e67d00da
data/books/roadto.pdf,.pdf,3307363,2026-01-14T20:54:52.893660,True,80c6695826ab805fe2030115ec7c102b69a6eeaea857951fb887fe31d74590ec
data/books/Seamos_personas_de_Infliuencia.pdf,.pdf,356862,2026-01-15T06:03:29.741719,True,3f79eb44b81d00bedd7d762414a94e2a21c914b993c0c61979330891bf5c7024
data/books/Summary-of-SGTCIY-pdf.pdf,.pdf,172619,2026-01-15T06:56:18.495459,True,8d7d9ed68846cb30347cc78be06216014400d5045f7c6096ae006f385d15d09f
data/books/SuperThinking.pdf,.pdf,10326801,2026-01-14T20:40:57,True,d31ff07d10d1e1b9d15e9099b6f968c0813a577b532a6569574e8f4d4236b307
data/books/The Courage To Be Disliked.pdf,.pdf,2451180,2026-01-15T05:50:04.694513,True,7c7f6cda49d260fda39e03c0c77932feded233d09023aebe13733f3cbaddeec1
data/books/The Diary of a CEO_ 33 Laws of Business and Life (2023).pdf,.pdf,9893255,2026-01-14T21:12:45.885611,True,7e8f549f122e39bfc81c5d2290bcdcf3fcf3d16c0e3962500f688e4d51026e3d
data/books/The Myth of Sisyphus - Albert Camus.pdf,.pdf,1246909,2026-01-15T05:54:48.836968,True,d571dae7f56671330c01d4de9b6e627e33dfc45f74a9947f7a5d315cd81c9586
data/books/The Psychology of Persuasion.pdf,.pdf,3574104,2026-01-14T20:51:17.984196,True,b71d64837c821dd1673a02ef4444d26c7af302fd8ca2125a57124d358f5d31b0
data/books/the-communication-book-44-ideas-for-better-conversations-every-day-9781324001997-1324001992_compress.pdf,.pdf,1607301,2026-01-15T06:28:48.451593,True,32470e4e102b682e853ed9ff2a162baa73457617a0b0ab62768ae5364999a840
data/books/the-millionaire-fastlane.pdf,.pdf,3752691,2026-01-14T21:12:50.346063,True,9e53709a5484e8a14910ea3dc9741dbf257e184f0c1a3d02dcbef291ffad562a
data/books/the_magic_of_thinking_big.pdf,.pdf,1038821,2026-01-14T21:19:30.313099,True,66629a97707c2d8f03f5c3e950936fe5d70bbe0379715957c4465a5342c61484
data/books/The_Psychology_of_Money.pdf,.pdf,2953539,2026-01-14T21:12:35.612056,True,748c76e1212fd00208f82990ced3c2ca8fa8b47c11322faba1b13dc347ad32de
data/books/ThePersonalMBA10thAnniversaryEdition.pdf,.pdf,8683628,2026-01-14T21:12:15.720269,True,9b54edb7921a7c7a432795218e1f413d8ea6f1ead7dc95cdde14a01b3b70a997
data/books/TheRighteousMind.pdf,.pdf,7418525,2026-01-14T20:36:09,True,e4a8d6be6d594a2417577377d3f4b6d4b6f641eac5ad46ca6f8ac6ea595afc7c
data/books/think-again-the-power-of-knowing-what-you-dont-know-random-house-large-print-grant-adam-z-lib.org_.pdf,.pdf,27339075,2026-01-14T20:42:21,True,efb0461739c27f61e0c55125a6bbabec334527d13e9b45eaba9d1ebfce223749
data/books/Thus spoke Zarathustra.pdf,.pdf,13775442,2026-01-15T05:54:43.467877,True,400c4bfab275c8d3e1776201fdcc9d932511f20490be324e9057f2be455e5392
data/books/Win-Your-Inner-Battles.pdf,.pdf,650467,2026-01-14T21:18:46.379860,True,57d36b71a1277a6d0dea9d600ae830865cbbcb3e78cc6f5eeb2ae3a69fa1d422
data/books/Your Next Five Moves Patrick Bet David.pdf,.pdf,6774563,2026-01-14T21:12:10.092798,True,342a0b3f59d202ca8e336f2ee4338ea317ed62e4aea25a00abc10394eb247f2c
data/conversations/llm_conversation_20260219_170916.json,.json,3379,2026-02-19T17:09:16.147344,False,b7937f9f9f8b53d0222e74df5bca564f575bb606de1327d9e602bb8476e6b4bf
data/conversations/llm_conversation_20260219_172345.json,.json,22095,2026-02-19T17:23:45.306400,False,26f184072712dc332adbb1fadc6bc4e80c182e1ebceaa4345e135dc80b3735c2
data/conversations/llm_conversation_20260219_192944.json,.json,30711,2026-02-19T19:29:44.228437,False,3020385b7549135811c78d1e64b9e96c58e57a2fde19c8f60c9463a54231626b
data/conversations/uc_20260217_222116.json,.json,2752,2026-02-18T03:51:16.863726,False,f7ab45617fbcdeda4667d73ae231c8acb0ec2ac90b4d7299ced66f4752335469
data/conversations/uc_20260218_035416.json,.json,8718,2026-02-18T03:54:16.478582,False,262f90b78fb825724c9f53f0306fb99e0805740afb40513f93931a49542a759c
data/conversations/uc_20260218_040256.json,.json,13972,2026-02-18T04:02:56.281950,False,448640528343fe78f80dfaf719fb6608eab82fba6848eb50c58c12a4529d618f
data/conversations/uc_20260218_101857.json,.json,8055,2026-02-18T10:18:57.453140,False,a019d7827adfe501e36d1c02a56f0e9e99fde2c783008e7bdb91d9e2fdcade6c
data/conversations/uc_20260218_104425.json,.json,12658,2026-02-18T10:44:25.874693,False,c6e9d32598d830ec606612db0e83a9406e61c1834772af61212b5fa7f62241bf
data/conversations/uc_20260218_174532_s1.json,.json,9811,2026-02-18T17:45:32.759364,False,fa81eea01ea13248773cd2fa655f8c12f4f54b345fedf925e891e1d52b4a6846
data/conversations/uc_20260218_174801_s2.json,.json,5342,2026-02-18T17:48:01.265035,False,507e3f6611429318dc04f761d8671f94215435f0dfc99d29166352db79afe39e
data/conversations/uc_20260218_175123_s3.json,.json,5851,2026-02-18T17:51:23.943436,False,6a40334edcebf9206fc8854105eefaea9c19090872d19c89c93116f06db8ee76
data/conversations/uc_20260218_175504_s4.json,.json,5552,2026-02-18T17:55:04.095565,False,9079ec4e144403e7d11a4676e8595c02f5fdbce424e17c359ba345a8c6eabd2c
data/conversations/uc_20260218_175811_s5.json,.json,5577,2026-02-18T17:58:11.693155,False,350d3cb3bd2f43a38ba760cc2683c38f544786ac72d12c0eb3a8d8779f4d420d
data/conversations/uc_20260218_180140_s6.json,.json,4914,2026-02-18T18:01:40.428212,False,7bb49459ae8e8ff767e1987775a6a98bc3905698319eeb934e3da5191e0e5303
data/conversations/uc_20260218_180439_s7.json,.json,4908,2026-02-18T18:04:39.450975,False,9aa21adec0b9d615cc8eebaa6662d86edb8b2e2a878b141e3bd46363cb34fe22
data/conversations/uc_20260218_180746_s8.json,.json,4796,2026-02-18T18:07:46.909822,False,a6fc696c9706af9b30ff8d61dcad49979e5ea11bd55357094b22091d2b6af5a2
data/conversations/uc_20260218_181126_s9.json,.json,4605,2026-02-18T18:11:26.769591,False,abdf7b348e9c907b1c76f09f4c21d4ddecbfc0063f14dc08239881b7ad37b7c9
data/conversations/uc_20260218_181452_s10.json,.json,4607,2026-02-18T18:14:52.674396,False,31013473d8f8800959e3f40eb3e932e407908081f024ee44d5b0b0b9a5c94ff2
data/conversations/uc_20260218_181806_s11.json,.json,4537,2026-02-18T18:18:06.422912,False,53c1959ba3ddb16462a883b1236652ebd9f4d370641510e9f7b5883ede5930b3
data/conversations/uc_20260218_182116_s12.json,.json,4375,2026-02-18T18:21:16.932312,False,15d49a6b6739a61ac3f8386674094478fcff2e75ef54f4f541fa951d001d4989
data/conversations/uc_20260218_182409_s13.json,.json,4623,2026-02-18T18:24:09.661270,False,c09ae25e5e8db064114bbccd250678f191557bcceb802e8ccc0457445be81c5a
data/conversations/uc_20260218_182708_s14.json,.json,4265,2026-02-18T18:27:08.537860,False,b9f964a71bd90589acdb7734f7d6f9a7e54aa69c71b3fb089d6c2bc2d47c94de
data/conversations/uc_20260218_183012_s15.json,.json,4265,2026-02-18T18:30:12.036981,False,2cf173880bf0b4fca0ddd5d6a06d083f6e5a8540dfcf38acdc16a274f1254057
data/conversations/uc_20260218_183347_s16.json,.json,4340,2026-02-18T18:33:47.664088,False,8568434f407ce8660acf213fbe725cb043dec71ae426bfd45d52490d002fb9db
data/conversations/uc_20260218_183728_s17.json,.json,4799,2026-02-18T18:37:28.022882,False,8ea28e09a8310bdf9cd1b89b6e728ba5bbd01521e64429c06bd31c75b2dc6e1e
data/conversations/uc_20260218_184033_s18.json,.json,4849,2026-02-18T18:40:33.585157,False,c83898e642612e2079f49f1f2ba58f6f58c44004dbdf622ca6d8d52020421fe2
data/conversations/uc_20260218_184342_s19.json,.json,4123,2026-02-18T18:43:42.862096,False,08d5355d4b04c7ab8bee28bbf5c1913a94cd7b35012a439681e8458e1a8ba257
data/conversations/uc_20260218_184643_s20.json,.json,4100,2026-02-18T18:46:43.926274,False,c4c0681e752df4b0f6f15d27927edf16850a6ba177c8d2f3e02b6ecffaae956f
data/conversations/uc_20260218_185021_s21.json,.json,4216,2026-02-18T18:50:21.444914,False,31ada66493f93f16327c505b928e2159977bda4c53c786c1c7739be7bb369d2e
data/conversations/uc_20260218_185328_s22.json,.json,4224,2026-02-18T18:53:28.083288,False,1811f5a68c63e33c20bbd420aabe5d7fd04e182c8aeae0df96193a2fce98e43c
data/conversations/uc_20260218_185700_s23.json,.json,4236,2026-02-18T18:57:00.108132,False,622afa91f7a00e7791bb31879616be13ae09a25531ddb015fbdefeaa9bbcebd7
data/conversations/uc_20260218_190044_s24.json,.json,3939,2026-02-18T19:00:44.649883,False,53c2df978d7e65d0131244c28ecbe84e7e7689aeeb8f70bc9c4fad82775ec1e2
data/conversations/uc_20260218_190337_s25.json,.json,3927,2026-02-18T19:03:37.763586,False,86b1ae4b7d24182fe3122d8efbe12c6e6aca9dc08ba2efb8862360be26c916a7
data/conversations/uc_20260218_190637_s26.json,.json,4149,2026-02-18T19:06:37.134631,False,4b06940c8a0a7dc71cecf6b3aef6ffc66990dd13dcd18912aeb9c2c6c9b7b6f0
data/conversations/uc_20260218_190946_s27.json,.json,4151,2026-02-18T19:09:46.742349,False,8d0c28f5a90118889347fd1acb6acf09e2bbb07cba00114a90dea149e4e8b052
data/conversations/uc_20260218_191229_s28.json,.json,4307,2026-02-18T19:12:29.361529,False,3f85e8932e864f38915e4c48f8a18c8c7c50e3aecf582f93f72b5d322e991769
data/conversations/uc_20260218_191529_s29.json,.json,3735,2026-02-18T19:15:29.878668,False,77a22e8eb0bbc6cc47865e955a8f20e82ba6d308f6891513df690464b4c1cb08
data/conversations/uc_20260218_191837_s30.json,.json,3688,2026-02-18T19:18:37.984932,False,658bf1458a66cb36be695df953cb9ce1ddca4c15659d79378f06e25d429d630e
data/conversations/uc_20260218_192124_s31.json,.json,3695,2026-02-18T19:21:24.184963,False,c300b5edb58fe5995e00d482150a68fe9c878e92dcee3b2c9df90c9a5d68b467
data/conversations/uc_20260218_192434_s32.json,.json,3704,2026-02-18T19:24:34.306994,False,cb1065b27ca203d61716eff7cdda61f12d79f3d88823b373ab81aa8b552b7669
data/conversations/uc_20260218_192734_s33.json,.json,3787,2026-02-18T19:27:34.909862,False,b862aece60ea6d4431bff66f45a1df8b9b9454b99734a9eb34fa5a2d0956e8fd
data/conversations/uc_20260218_193125_s34.json,.json,3833,2026-02-18T19:31:25.894065,False,3e6a6ca33f7ad9c01171b14cff5e713cd28b5c5f92d35c19c637ed34f4c9bd06
data/conversations/uc_20260218_193434_s35.json,.json,3759,2026-02-18T19:34:34.701293,False,8c8bb48f501c07f84b15c41f9534a16ff877e4d696ebc8fb5dd216d91448a4c9
data/conversations/uc_20260218_193753_s36.json,.json,3759,2026-02-18T19:37:54.000226,False,d7b8f040e487d9d69b04ff1ed8663c5506fc208feeb435faa494636c052c4da3
data/conversations/uc_20260218_194137_s37.json,.json,4030,2026-02-18T19:41:37.498294,False,914df69661d8af56a5441b45e2cf5c6a5a1cf54d9508a50e4a078bf054ee9252
data/conversations/uc_20260218_194513_s38.json,.json,4275,2026-02-18T19:45:13.634562,False,7fb07b7699e0376f6ceab04cd7f019f4ae206b700f6795da54a2f4a5476b705d
data/conversations/uc_20260218_195313_s39.json,.json,9215,2026-02-18T19:53:13.133455,False,71a874727abf461e5c5c58e12c3ef7bec5028dd8e4c5e1ebcd5b9899aea4a143
data/conversations/uc_20260218_195621_s40.json,.json,4990,2026-02-18T19:56:21.649186,False,befd04841c726da48e732eb0deee3838cfcd74b73c8d928f8e4e2d50913be7c1
data/conversations/uc_20260218_195939_s41.json,.json,4992,2026-02-18T19:59:39.405149,False,a9a94eb2bb76070b68ece7fe700fd5927f097ff58585857d16b3c8f7e6c91d9d
data/conversations/uc_20260218_200322_s42.json,.json,4377,2026-02-18T20:03:22.816890,False,a250a53385e19ad55f543f40cd5df02d8836fc9d8d4ee502ac565bfdae2f03fc
data/conversations/uc_20260218_200633_s43.json,.json,4532,2026-02-18T20:06:33.211402,False,f52d41573460b706cd9bd76d29eafa5d1c6afa03fc019a0f6b8bb372d5393abf
data/conversations/uc_20260218_200951_s44.json,.json,3796,2026-02-18T20:09:51.217015,False,2c35ec55a8e7ad86b2e349782836721c2a41f3234cf1e8bb44183138e79daf9c
data/conversations/uc_20260218_201300_s45.json,.json,4048,2026-02-18T20:13:00.519464,False,f579e5e75514e2317fb27adbd5c0dad0d76ec813e62e6846e7f469394158ceee
data/conversations/uc_20260218_201607_s46.json,.json,3894,2026-02-18T20:16:07.980058,False,9fa19a1f59d885d9d81b67207f0bb8bbe84d9fbf37ee009fa81757ae10f6f1a4
data/conversations/uc_20260218_201932_s47.json,.json,4306,2026-02-18T20:19:32.927047,False,bfb9cd8ef5b3a8338a94e731d93000cdc65101dac801867f3454d1b99f147ca4
data/conversations/uc_20260218_202357_s48.json,.json,4292,2026-02-18T20:23:57.131720,False,f5cf3ea3c2db55a2410c7f9065b0a3e61ab6104ac03f011eecbb6baae664c6a7
data/conversations/uc_20260218_202845_s49.json,.json,4247,2026-02-18T20:28:45.342735,False,8249a912db47d3f2e65327e35a7b2d9f02c53963c1ed3b9dcec802b1782e8740
data/conversations/uc_20260218_203222_s50.json,.json,5739,2026-02-18T20:32:23.001537,False,da02ab618f98868f7105ceea25d5d6639b74c5c431248a0b93b17b5127d63fef
data/conversations/uc_20260218_203535_s51.json,.json,4303,2026-02-18T20:35:35.561813,False,c97c511c59589ab3999b2297fb85c58e582e2d600f1abd83278e12f2b0176cfb
data/conversations/uc_20260218_203922_s52.json,.json,4256,2026-02-18T20:39:22.461092,False,90c936926633ae98c23acb6ecdf2704baa450f70ffdc366841be3655411df49e
data/conversations/uc_20260218_204238_s53.json,.json,4426,2026-02-18T20:42:38.773067,False,fe180b6f699e6a04880eb154d1f8edb01735c157a42fa7ed4c1c4270fef7f2b6
data/conversations/uc_20260218_204602_s54.json,.json,3612,2026-02-18T20:46:02.694536,False,f07e2d9c7fa99fc4f42c98101f36ccef2658e98c4a03a445ebe75df0f49f6f89
data/conversations/uc_20260218_204927_s55.json,.json,3884,2026-02-18T20:49:27.400230,False,1d98ff72e2224c1776449fdb0d4ee94b0751e1094467f4bc29055d9b3c5913d0
data/conversations/uc_20260218_205309_s56.json,.json,3730,2026-02-18T20:53:09.954656,False,7b1b3ff7fc3564434046d40514d1f872e564f422bd457a7fe1893ccdbc9e5b0c
data/conversations/uc_20260218_205621_s57.json,.json,3815,2026-02-18T20:56:21.170408,False,c05822bc16709a565a0a4465d465a9357c851eb52d0838540b62c88c54a817fd
data/conversations/uc_20260218_205950_s58.json,.json,3812,2026-02-18T20:59:50.259710,False,52be481cc23e7db590858c45af9094e6f3f3eaed346948190e91d88adf0a0ef1
data/conversations/uc_20260218_210255_s59.json,.json,3626,2026-02-18T21:02:55.886791,False,58b4431cdc29c185a750e99bb62b10a33ae0aee2d4fcfb9b4dce821f513cc380
data/conversations/uc_20260218_211058_s60.json,.json,8232,2026-02-18T21:10:58.127634,False,64a437b3fe20205c7ba43807e2d9d34c48fd54c749e9582a0689ad190acaf240
data/conversations/uc_20260218_211912_s61.json,.json,9312,2026-02-18T21:19:12.985786,False,a4594b04c2ebff4bf0448db389ab598a6d70a37e26b58a38a8d662f667ce86b1
data/conversations/uc_20260218_212653_s62.json,.json,10110,2026-02-18T21:26:53.830754,False,3023c3836b739f2d41f8ff8ac93588c4a7d583dddcf6f3e29955e92f8a42e3aa
data/conversations/uc_20260218_212954_s63.json,.json,4850,2026-02-18T21:29:54.083228,False,79136d8e3f9532388c8c6b530c00aff87b42af3f519e484d67fab8c972d0199d
data/conversations/uc_20260218_213302_s64.json,.json,4841,2026-02-18T21:33:02.608113,False,6e3fdf0fd67c708115de50720c34e5d9e097be691277b20019195d00b3240866
data/conversations/uc_20260218_213627_s65.json,.json,4848,2026-02-18T21:36:27.551306,False,beae4ab78ed3c282b22597ee6668a2d92a276629a22011a2a20d91120f500f9c
data/conversations/uc_20260218_214012_s66.json,.json,4843,2026-02-18T21:40:12.816778,False,c9039abb236866423ee6cc6da9fa3eddf1162219c30cc103e69737ddbd2090a1
data/conversations/uc_20260218_214316_s67.json,.json,4846,2026-02-18T21:43:16.478475,False,a5afab0a723893cfe398a6ee9c41c8309c47b54257a1203bcbe60d9b84a4d44e
data/conversations/uc_20260218_214630_s68.json,.json,4755,2026-02-18T21:46:30.427166,False,4c9145bf9781a2e87e886a1247550328dc7d3f46f1e3e39248bffaba085338b7
data/conversations/uc_20260218_215310_s69.json,.json,8087,2026-02-18T21:53:10.030820,False,a3a8620b7e091bcd6da75f1cdf3b83f1ef7ebe303320b82533d2070deb8db69d
data/conversations/uc_20260218_215634_s70.json,.json,4914,2026-02-18T21:56:34.906672,False,300d3857b089c28de91dcaef40eda770300e5ca1aaac525ac93c506a4d801280
data/conversations/uc_20260218_220030_s71.json,.json,4705,2026-02-18T22:00:30.584899,False,d89723850b2ea39a945901cc23a951efe6ea21bbaabae9faa6d0a156b57fc610
data/conversations/uc_20260218_220355_s72.json,.json,4647,2026-02-18T22:03:55.944583,False,86526e4a61ccd3bcb1eafa8e15dc6f7839640c5734dca887a6d8d80a6bdedd6b
data/conversations/uc_20260218_220718_s73.json,.json,4885,2026-02-18T22:07:18.272839,False,3e94700bc9cda903218526951bfc191c7ff00318a82608f689afbd2020bc1b6d
data/conversations/uc_20260218_220942_s74.json,.json,2532,2026-02-18T22:09:42.470665,False,8869ccf80c49d35d460f5053731a8bfe0df9854589774c2c2b06614d32fe9821
data/conversations/uc_20260218_221748_s75.json,.json,8700,2026-02-18T22:17:48.640267,False,371d3e05a260613ab73db100d177cd84b81a2086227693a84a6c523b08a518c2
data/conversations/uc_20260218_222113_s76.json,.json,4276,2026-02-18T22:21:13.417156,False,fabb446056da3183094054152a63b5d7a3bed795ac158f45ef780e57d17d451d
data/conversations/uc_20260218_222518_s77.json,.json,4195,2026-02-18T22:25:18.125630,False,94c6baba4050d64c98b6a07b8bed322506275493b963bd6f9dbd56628f50c5b9
data/conversations/uc_20260218_222922_s78.json,.json,4229,2026-02-18T22:29:22.653652,False,5f136dfb008752cec7cf1e49af893df5e9cf9b8fbdce6e23beb7389475d99f2c
data/conversations/uc_20260218_223309_s79.json,.json,4413,2026-02-18T22:33:09.581953,False,492b69cca061ef72be15c8c8a35db93cac74ce2cdfbfabd62c5ef06c68d6e247
data/conversations/uc_20260218_223656_s80.json,.json,4328,2026-02-18T22:36:56.509991,False,2f16e5f8f3c5de7fb83557e3eafb8b83545d98e8083efeba521cc2f0385ab602
data/doctrine/locked/adaptation.yaml,.yaml,3343,2025-12-28T18:08:35.748711,False,9c8946ca72fd010a6932459487832f9e2b07e64b3cc073b32da1c4666e791356
data/doctrine/locked/conflict.yaml,.yaml,3459,2025-12-28T18:08:35.749710,False,4fdceeea50601f1405efc963a629919673cbc55c776430e9a766a0af99af9a88
data/doctrine/locked/data.yaml,.yaml,3228,2025-12-28T18:08:35.750215,False,3f41b078603af5483dd08ae1e52736ca62c3d47d812c21fdb1055c477fe124c4
data/doctrine/locked/diplomacy.yaml,.yaml,3602,2025-12-28T18:08:35.750215,False,b7443c631ae191400b5bacc36e90b922b3571097e14d2d473aed924fa8fbb106
data/doctrine/locked/discipline.yaml,.yaml,3064,2025-12-28T18:08:35.751220,False,046a8f38895d32febaf714423ebb87f419b80ea15e6909e4b228470ba9fd1726
data/doctrine/locked/grand_strategist.yaml,.yaml,3842,2025-12-28T18:08:35.751220,False,57fe2daede47a68e3ccc2d922ea28c29f7e6b34a6cacba8b4ac5bb9c991f6c87
data/doctrine/locked/intelligence.yaml,.yaml,3126,2025-12-28T18:08:35.751220,False,5b1d2af3b47292bdc83c6ab555db9489b8c27988d8e7c980240af2a5396acde6
data/doctrine/locked/legitimacy.yaml,.yaml,6512,2025-12-28T18:08:35.752225,False,322878aeb6f3d03903a12ad0d322e351a608970f40f003debdd9f4ddaac3873c
data/doctrine/locked/n.yaml,.yaml,5313,2025-12-28T18:08:35.752225,False,29dece7ee3a27c0493c51f76ec2cf2c35a8886e2f4b420fceae2a7147dcd9725
data/doctrine/locked/narrative.yaml,.yaml,3554,2025-12-28T18:08:35.753226,False,5cac21741dcdcfadb0c74b344707ef54e01660a0d188853184e30927cc986fd3
data/doctrine/locked/optionality.yaml,.yaml,6286,2025-12-28T18:08:35.753226,False,2e8b3005f043e436662baccebd0ab53fea90869105fba6bcabb021d5ea26cd15
data/doctrine/locked/power.yaml,.yaml,3155,2025-12-28T18:08:35.754225,False,c8f6142cee3a19bc5ca4dfe729ac575620cc67b6ae450dafa4bcc3ab349a332a
data/doctrine/locked/psychology.yaml,.yaml,3186,2025-12-28T18:08:35.754225,False,edeec57c220ec5637bb625f2d334a583c615363ed67a23eec829a0a8418d17b0
data/doctrine/locked/risk_resources.yaml,.yaml,3119,2025-12-28T18:08:35.754225,False,11f92f66afeecf3d5370c588b7ef7603bd625c49bc1b8dc3b6fc7565364d140d
data/doctrine/locked/sovereign.yaml,.yaml,2377,2025-12-28T18:08:35.755225,False,96a7ae507cf6138810a9134e58246faff2a9affd72d5f0804a91ae4b133784bf
data/doctrine/locked/technology.yaml,.yaml,3371,2025-12-28T18:08:35.755225,False,45998c2a6d4710fa5fa7f337e0cdd7ed4d11a9b4bf56675bc360267f71c56a5c
data/doctrine/locked/timing.yaml,.yaml,3339,2025-12-28T18:08:35.756224,False,e7ec76852bea774c4a8529bba841128bcf7fa3c98a9688bf8d6c7830b2a4c143
data/doctrine/locked/tribunal.yaml,.yaml,1797,2025-12-28T18:08:35.756224,False,00d44466e84298398d0b227cb7ac379c42c4fd0478bc53b6bf911d218c410f57
data/doctrine/locked/truth.yaml,.yaml,6388,2025-12-28T18:08:35.757225,False,ea9297f1f9d41d824644d0aaf46238cbdaa477d89c9905c1e7b8cdc09bb41591
data/doctrine/locked/war_mode.yaml,.yaml,1615,2025-12-28T18:08:35.757225,False,9c19e210f20609897db33290451d6f00a41141452323eed19e1572e32766a534
data/learning_insights/learning-insights.jsonl,.jsonl,3249,2026-02-19T14:24:15.637908,False,c498e4041975961700148778c7ca35ceea8637125ba262487489319d1d4b2734
data/learning_insights/weak-domains.json,.json,271,2026-02-19T14:24:15.638921,False,3faa0632aecfb550710bd912d0bbeaf843656b5e0c813e474fc76d6610ece7ab
data/memory/arc_timeline.json,.json,4,2026-02-16T06:34:30.648389,False,e3566b3a06430868d71e9287dfd6c6c520a3da027aabea01951d407ee131dc2f
data/memory/contradictions.json,.json,4,2026-02-16T06:34:27.901753,False,a5338d955b09046ec0b16f3a9625b7955c763aae07dc722e474e6078745f932f
data/memory/episodes.jsonl,.jsonl,154582,2026-02-19T14:40:35.766625,False,805b412498c19d9b37d7c908cdc89a13d3320948fed772fdc35148276ef8ace6
data/memory/metrics.jsonl,.jsonl,47576,2026-02-19T14:40:35.769150,False,64be16d64a8df54491df1cf27c497e91298f9d9ef8e324cd18f4acad62dba255
data/memory/patterns.json,.json,4,2026-02-16T06:34:25.104732,False,e3566b3a06430868d71e9287dfd6c6c520a3da027aabea01951d407ee131dc2f
data/memory/simulation_report_llm_smoke.json,.json,2753,2026-02-17T01:43:57.240102,False,a80e0e84b7ed466decf7b407873307a40d14b876caabe3c25e23fcf989437691
data/memory/simulation_report_smoke.json,.json,4984,2026-02-17T01:42:49.002786,False,285ae9992f720e259b797212b70f564bd15427053d3463ce1c1b1739852662ce
data/memory/test_episodes.jsonl,.jsonl,1692,2026-02-17T03:00:46.300916,False,28b1059d71da3c7452818fa48babf99acc18f8e8dd78c53bdbb4478a66f4227b
data/memory/test_episodes_ml.jsonl,.jsonl,34785,2026-02-17T02:58:26.909437,False,43a7b510976e87cdf5ba69799570f822ef30afa6cc36da0eac6194bf24cbba87
data/memory/test_metrics.jsonl,.jsonl,6560,2026-02-17T03:00:46.410800,False,375f4fb9bcf12d048fb21751cbe5b4789392bedba3c90849e9c1210aa24d4826
data/memory/test_metrics_ml.jsonl,.jsonl,4954,2026-02-17T02:58:26.916405,False,7e01cf39433b51d1d5b9b417cfdde461819be59877a1749bb0a4b98fd86f14da
data/memory/trace.log,.log,8857,2026-02-17T02:04:00.114356,False,34b13ce19cfc0841d1a027a13c60deee287831e690ded5650819cf4e0fdd0bfa
data/memory_db_stub.json,.json,194,2026-02-11T18:04:31.925442,False,8ca8452e47f2cfe63a0cee6f81b52f7ed90d78464f0821b9d9b9a45176e83d70
data/ministers/adaptation/claims.json,.json,260314,2026-02-11T13:44:25.786027,False,855e38c6f5efdf34a49ccefcb64ae40fb0ac89083e93990e67b40ed30bead131
data/ministers/adaptation/doctrine.json,.json,601838,2026-02-11T13:28:12.264002,False,c8c535b69029b7855a325826c0ade1f23d61fd27b823f674304ba94a832b2cbb
data/ministers/adaptation/principles.json,.json,283603,2026-02-11T13:44:25.681785,False,c2e9f6202f4536f1844c7b7af92de7e92b27e2221d8c68c5ee3138ec85e64bcf
data/ministers/adaptation/rules.json,.json,283088,2026-02-11T13:44:25.735786,False,14d26020ac4e1e6bb3e393c9e355edec260c1d78fbdcc944346860692783027d
data/ministers/adaptation/vector.index,.index,4,2026-02-11T12:52:27.495610,True,a5338d955b09046ec0b16f3a9625b7955c763aae07dc722e474e6078745f932f
data/ministers/adaptation/warnings.json,.json,269324,2026-02-11T13:44:25.834577,False,6cc2f1001a6ee1b6ddfd03b126b88b85be938f68bb7258d4af07301d0cc290fa
data/ministers/base/claims.json,.json,1968,2026-02-11T13:44:25.836581,False,f6d40df2153a8972822476a8a93067fe797480d30979718390b4318565e70269
data/ministers/base/doctrine.json,.json,5318,2026-02-11T13:24:36.351740,False,9a7ebac670ea1c11d68e0f9bb84964b541797d77b8ae215d526aa4806b6ee868
data/ministers/base/principles.json,.json,2587,2026-02-11T13:44:25.835594,False,d029c419b63737d64eb94593339c6a911fec0795fae96adb0939548e2beac081
data/ministers/base/rules.json,.json,2639,2026-02-11T13:44:25.836581,False,c3c1b7bcaa4e0ae7adc63ae9b2f941cbe64309150e93a5cc2ac78e0c6b7261c1
data/ministers/base/vector.index,.index,4,2026-02-11T12:52:27.496551,True,a5338d955b09046ec0b16f3a9625b7955c763aae07dc722e474e6078745f932f
data/ministers/base/warnings.json,.json,1937,2026-02-11T13:44:25.837577,False,dca68da6b85060b6533e1cbf2d1108d06e1794736343deb0d318b792893c26e1
data/ministers/conflict/claims.json,.json,135242,2026-02-11T13:44:25.917722,False,2f826e0cebd01f28af8e716226ddc85ab26cf4569c31500a3b9d3a809942f5d0
data/ministers/conflict/doctrine.json,.json,312246,2026-02-11T13:28:14.974340,False,f956db0524996641c70d43f0a6e9f117e2d7164ee05e4a3b370639bc3ffde844
data/ministers/conflict/principles.json,.json,151092,2026-02-11T13:44:25.864872,False,cbedb66b3e5236bf987ccfef564d5b1eb002abb3c51b7f08a2ea1a75c44d0b2d
data/ministers/conflict/rules.json,.json,148682,2026-02-11T13:44:25.892558,False,876095264148e6d10baf9ba57ce53c2b1d111bf2dcf1f5197afe23ab95f21853
data/ministers/conflict/vector.index,.index,4,2026-02-11T12:52:27.498551,True,a5338d955b09046ec0b16f3a9625b7955c763aae07dc722e474e6078745f932f
data/ministers/conflict/warnings.json,.json,142675,2026-02-11T13:44:25.943721,False,8b238d93fa55a5584de82762b8ef48c1df22aae18df86ce73025a527a1170476
data/ministers/constraints/claims.json,.json,357789,2026-02-11T13:44:26.150447,False,b523e5f6dff4ba35e1a40bbdcf91904c5c9281394b36b56456eac81918deb0ce
data/ministers/constraints/doctrine.json,.json,828498,2026-02-11T13:28:19.438250,False,f8f7976d957cdd53602ca6ce56efa0c60b24048b167f25fec7531b77598e65f7
data/ministers/constraints/principles.json,.json,385575,2026-02-11T13:44:26.010524,False,c7dc092bb73de7fdaf3fbd2da8db1cb9f12e37ab4240b9b7c8cafa7f042be89d
data/ministers/constraints/rules.json,.json,391647,2026-02-11T13:44:26.082603,False,ce0dda467df940fe4394ed4812736e5617a95b31239c556e3a101a3348bd8158
data/ministers/constraints/vector.index,.index,4,2026-02-11T12:52:27.499561,True,a5338d955b09046ec0b16f3a9625b7955c763aae07dc722e474e6078745f932f
data/ministers/constraints/warnings.json,.json,365459,2026-02-11T13:44:26.211555,False,8ba8bb2e638686fa4913b5a05b3f6039b47d15794778d115c05d7ecca4a81814
data/ministers/data/claims.json,.json,34053,2026-02-11T13:44:26.230083,False,710d55c52105fb666455ef9b477323fcaac10be4acd0a6fec573b36cf213c434
data/ministers/data/doctrine.json,.json,82150,2026-02-11T13:25:20.227054,False,99458264fe425196c0c4054e2a527f74be6a248cf4d5fc31fe7774f56b1b50c0
data/ministers/data/principles.json,.json,36461,2026-02-11T13:44:26.217568,False,05f5235b89e856efd12408568430a0994fb7396599459c3834fe471df285fe68
data/ministers/data/rules.json,.json,36380,2026-02-11T13:44:26.224577,False,04f3311b0bc42e51d21b0c2cce78742dad6f907cbb0db3678142357e17828796
data/ministers/data/vector.index,.index,4,2026-02-11T12:52:27.500551,True,a5338d955b09046ec0b16f3a9625b7955c763aae07dc722e474e6078745f932f
data/ministers/data/warnings.json,.json,34132,2026-02-11T13:44:26.236755,False,b2c303cef2165bd717571047e82a3eb863adf8e6dbe003b19de24c62b761574a
data/ministers/diplomacy/claims.json,.json,170,2026-02-11T13:44:26.237755,False,3e95a45037b06f75ba8419987957aefff08b4802062e7bdafae983f1b4d94655
data/ministers/diplomacy/doctrine.json,.json,348,2026-02-11T12:52:27.502050,False,3412ffc742ea3cc9e566c7022fd91e7a0afefd96bc3d825c6906035f8662bdc4
data/ministers/diplomacy/principles.json,.json,174,2026-02-11T13:44:26.236755,False,679930349e63019c75f134da2a3605e9b184415b7d22e05cfc7e5e6293776ed2
data/ministers/diplomacy/rules.json,.json,169,2026-02-11T13:44:26.237755,False,9425d28049d1e5f6d9548598d1290dddac0ab8d8eb59a7b08adee13ca824a3c2
data/ministers/diplomacy/vector.index,.index,4,2026-02-11T12:52:27.503064,True,a5338d955b09046ec0b16f3a9625b7955c763aae07dc722e474e6078745f932f
data/ministers/diplomacy/warnings.json,.json,172,2026-02-11T13:44:26.237755,False,8298293405ef93066cfb35ed5f9097f9239df0b66a2d3a2d85fdeaee3065f77c
data/ministers/discipline/claims.json,.json,212471,2026-02-11T13:44:26.354539,False,ceb1e81f818baf02dcbf0f9d6eb4f68a8239808be8c21e561b535836120b3fde
data/ministers/discipline/doctrine.json,.json,479897,2026-02-11T13:28:23.112779,False,6c59f3f4be94e22ae1e1398b74fecdd140329ec7f888593ac63207583c5e784a
data/ministers/discipline/principles.json,.json,229630,2026-02-11T13:44:26.278962,False,998a2476ff16575bedc4c7eb3dc2841585eb1eaa54a30e016ba54ec9106dc2dc
data/ministers/discipline/rules.json,.json,230150,2026-02-11T13:44:26.320336,False,f95e09ee020c652bab04fee4610fff14d22574d17d18bfc06626092164a9c108
data/ministers/discipline/vector.index,.index,4,2026-02-11T12:52:27.504366,True,a5338d955b09046ec0b16f3a9625b7955c763aae07dc722e474e6078745f932f
data/ministers/discipline/warnings.json,.json,217219,2026-02-11T13:44:26.397902,False,05aa1d0672a95dc2576bc84d1c52c0390fce6b7bec063c4edb7a16203b87cd4d
data/ministers/execution/claims.json,.json,16458,2026-02-11T13:44:26.410135,False,84d3bac43ba7d8bed254a8153d3a351d4f768b1662ceb756d65eea40c930de19
data/ministers/execution/doctrine.json,.json,39730,2026-02-11T13:24:09.192877,False,fcb350556acfd72ce32c3becf62df26933bb8c8151c24003817d4464c1d0db55
data/ministers/execution/principles.json,.json,16993,2026-02-11T13:44:26.401903,False,284fc47b5c6aee1b8b2fb0504a63682226ee03f5eb8eb528baec64fbe11c211c
data/ministers/execution/rules.json,.json,16469,2026-02-11T13:44:26.406033,False,a73b7fec7cd9728867b1507199eab4fa0f515817d18463a6c7ab7880124f29e4
data/ministers/execution/warnings.json,.json,16199,2026-02-11T13:44:26.414135,False,44ce3245a052e1d25a591f1fd1ffa6af9b4186eb5ef51afe1d2517b4f4ce6382
data/ministers/executor/claims.json,.json,40286,2026-02-11T13:44:26.440369,False,b4fc340c90fe029733d285232e8df07018c5a3a8a09093731a685dbb7f784888
data/ministers/executor/doctrine.json,.json,92946,2026-02-11T13:28:25.140513,False,81f2fcc2843cb4b8c74b9b49e3f67be7128aec9794d0d98bf8238ab8a598fa7c
data/ministers/executor/principles.json,.json,43792,2026-02-11T13:44:26.423149,False,caa730c7f0b4de801179f2eca52bf847b863e1ef806cd5af5e961db0dc349bb4
data/ministers/executor/rules.json,.json,45659,2026-02-11T13:44:26.431676,False,1ab77ea7bdfc6d39692b80a48ba813fde0e15a18074f1db3bb440e6d8dd70ec0
data/ministers/executor/vector.index,.index,4,2026-02-11T12:52:27.506506,True,a5338d955b09046ec0b16f3a9625b7955c763aae07dc722e474e6078745f932f
data/ministers/executor/warnings.json,.json,43583,2026-02-11T13:44:26.448375,False,78751a1e1ca17fb3794ad6ed790b515182a3c11a4086f50aa3832a594db04074
data/ministers/legitimacy/claims.json,.json,32016,2026-02-11T13:44:26.467560,False,62541319e3b7af2fd590713496b9c86f4122b07d2510cdbca52cb8ccb77bbf3d
data/ministers/legitimacy/doctrine.json,.json,74100,2026-02-11T13:28:27.348532,False,d695a487d22f9beef4dda004cd245904ae1d2158d87a4a5b96c566ec666815e6
data/ministers/legitimacy/principles.json,.json,33905,2026-02-11T13:44:26.454380,False,ee12935d7bdeab9500f3c2802f0aea2a45ee84e1dfb2a2a6617271c26ae94029
data/ministers/legitimacy/rules.json,.json,35378,2026-02-11T13:44:26.461377,False,39295a91fd00da53f67582fd5971f956609d7a6e63783c56155e17548245ddaf
data/ministers/legitimacy/vector.index,.index,4,2026-02-11T12:52:27.522757,True,a5338d955b09046ec0b16f3a9625b7955c763aae07dc722e474e6078745f932f
data/ministers/legitimacy/warnings.json,.json,34044,2026-02-11T13:44:26.473555,False,7f932cb436568787c529d0bb03550dedef33797e78cf25422d503c98e22555f2
data/ministers/optionality/claims.json,.json,132964,2026-02-11T13:44:26.555504,False,bbbb38e2ca7a6a4385344b287309d47713fd56c9db53dcb80203620b4924e767
data/ministers/optionality/doctrine.json,.json,306049,2026-02-11T13:27:40.994545,False,7cee00d5e1e48a078db440c2a4ecf1696b01618ce421c598311130baca1fbf5b
data/ministers/optionality/principles.json,.json,140292,2026-02-11T13:44:26.502093,False,18b297dcdf8eb7748e06ef2a131c779a862a32078dedcbf8cea287ce9d85973d
data/ministers/optionality/rules.json,.json,144764,2026-02-11T13:44:26.527777,False,514ab7fccb1ebec36460469ef9b786a098ac818663e803d7a2e080074142c623
data/ministers/optionality/vector.index,.index,4,2026-02-11T12:52:27.524657,True,a5338d955b09046ec0b16f3a9625b7955c763aae07dc722e474e6078745f932f
data/ministers/optionality/warnings.json,.json,135686,2026-02-11T13:44:26.601072,False,f47465bfc006467ab6e838b1cb5ac9f5183fd3b3cb8e67276cd19a4b62756321
data/ministers/power/claims.json,.json,266777,2026-02-11T13:44:26.782435,False,e1a96e56e6e0e4ee8160a5aacc21aef831e61c022d838169c3c2f1d7fde579b1
data/ministers/power/doctrine.json,.json,614875,2026-02-11T13:28:31.044609,False,d7c7489ebf3a5423d138b583d0b7ccc1ec39050a21306c771cdf667befd95644
data/ministers/power/principles.json,.json,291487,2026-02-11T13:44:26.665185,False,f22cf26972a3367db849d12795ed8e535298ece4231f7f448586c7bac7b162f1
data/ministers/power/rules.json,.json,290558,2026-02-11T13:44:26.725559,False,f2ef7dc583f65170a2fd47631c3d2fd84f3a3f871204fd548c7e3269bedd5db5
data/ministers/power/vector.index,.index,4,2026-02-11T12:52:27.525735,True,a5338d955b09046ec0b16f3a9625b7955c763aae07dc722e474e6078745f932f
data/ministers/power/warnings.json,.json,269834,2026-02-11T13:44:26.839531,False,d5d5c3558e7909d1b557bd8a766737559e459e822377071dad75daf03f632fa1
data/ministers/psychology/claims.json,.json,213970,2026-02-11T13:44:26.973456,False,c1f06954c1cd69ba6aeda9fcfd5595feb5dda98bd47ac6f99041bc9ebcdde955
data/ministers/psychology/doctrine.json,.json,497408,2026-02-11T13:28:34.674887,False,77ed51d41e0805e661289453d71edb1d5fb279422c32edcfbedd9578e88805f3
data/ministers/psychology/principles.json,.json,224484,2026-02-11T13:44:26.884467,False,2dde367b834613fbeec0a08d9cb85c1e29c6d964db772dcd8dbc1f472e9d8b63
data/ministers/psychology/rules.json,.json,229349,2026-02-11T13:44:26.929437,False,e261eaca87b36a12e290b2e1b4b4efc29a64b01d661e62aa314f51ec0e0618f8
data/ministers/psychology/vector.index,.index,4,2026-02-11T12:52:27.526680,True,a5338d955b09046ec0b16f3a9625b7955c763aae07dc722e474e6078745f932f
data/ministers/psychology/warnings.json,.json,219533,2026-02-11T13:44:27.037047,False,fb7db760514601957515a09d8a6dfecf59c77be0159022d716fc28cd616a6c28
data/ministers/registry/claims.json,.json,169,2026-02-11T13:44:27.039057,False,4e1f3be93d99fbe090b1d7fcd0527e5884186cf2061cb006c50087567fc3156d
data/ministers/registry/doctrine.json,.json,347,2026-02-11T12:52:27.527718,False,f7b1665d3f1a5820ccae9b43153bc26e2a7b2439cffc9d8b1d37c323ce810663
data/ministers/registry/principles.json,.json,173,2026-02-11T13:44:27.038047,False,00631640ce7128f4c2461ecaaf04c1294dc35ab24aa830e725b1df278c69a2bb
data/ministers/registry/rules.json,.json,168,2026-02-11T13:44:27.038047,False,80ae59934142f39f4f14b9fc9e195f19d0a49c41243f9e49c33e57c592bc878d
data/ministers/registry/vector.index,.index,4,2026-02-11T12:52:27.528680,True,a5338d955b09046ec0b16f3a9625b7955c763aae07dc722e474e6078745f932f
data/ministers/registry/warnings.json,.json,171,2026-02-11T13:44:27.039057,False,e01effcc7fa9d293f5caa20d8c260b60d78ba342330c648d7124d81857f9f7ce
data/ministers/risk/claims.json,.json,283891,2026-02-11T13:44:27.239261,False,6526e404599c46a0a84b6cef638723a81da852d505b3c1f634f52605323c32cd
data/ministers/risk/doctrine.json,.json,641748,2026-02-11T13:28:38.323916,False,c6157b62014a603e0f5cfbf7a784ec1bfb77baef9497e4361c7abb648595afcd
data/ministers/risk/principles.json,.json,309619,2026-02-11T13:44:27.121508,False,87e1af73337d1f753cdafb4292fce4356f6a4ed1d8d5ca158a66f1a57e41b930
data/ministers/risk/rules.json,.json,307192,2026-02-11T13:44:27.185713,False,2d8bbe77ce8969c8b11e79b0f59109594f88c8300cadb16d42a210905b3db2f1
data/ministers/risk/vector.index,.index,4,2026-02-11T12:52:27.529737,True,a5338d955b09046ec0b16f3a9625b7955c763aae07dc722e474e6078745f932f
data/ministers/risk/warnings.json,.json,290686,2026-02-11T13:44:27.292388,False,c309a6fd9c2c931a1a3176e80be7c4f93d00aea81723df836e0aa5364b980b7a
data/ministers/strategy/claims.json,.json,377091,2026-02-11T13:44:27.512469,False,cd1ec0c2a90b395639812e58540c663bcb0d7cd7d3efa67a4e237309bed18985
data/ministers/strategy/doctrine.json,.json,863563,2026-02-11T13:28:42.526206,False,3a6a38cfb025577c856315968c500dfae7a9d3db33da0ff265e028a7b306a95c
data/ministers/strategy/principles.json,.json,414291,2026-02-11T13:44:27.368296,False,2f1e26a77c507e0212b42e9b8bcb01642f7742329eec9c0bf51009961e348279
data/ministers/strategy/rules.json,.json,415980,2026-02-11T13:44:27.449478,False,8acf4c420f425aea1d376a6790a138c4b04209b084fe5e06a4216acb76a9b868
data/ministers/strategy/vector.index,.index,4,2026-02-11T12:52:27.531861,True,a5338d955b09046ec0b16f3a9625b7955c763aae07dc722e474e6078745f932f
data/ministers/strategy/warnings.json,.json,386069,2026-02-11T13:44:27.573073,False,4f7ec03bb3d53e5aecc2016aef2b47ae1783904a8fe598a6d8243fe8e92bb361
data/ministers/technology/claims.json,.json,24705,2026-02-11T13:44:27.586262,False,508e21749c2d9d6cce90a8d3731c7a915e178847dd56c89456f5a4838cd0546c
data/ministers/technology/doctrine.json,.json,58229,2026-02-11T13:24:48.217726,False,a92c8a1180604d182a876491db3fc1aa9c7e0db5c5cf91b6352cf1471c8e8b30
data/ministers/technology/principles.json,.json,24367,2026-02-11T13:44:27.577073,False,2bc18cd7e216d4da94d26a9f8a2b49dc3fa97525c4da512751e5acc847d83733
data/ministers/technology/rules.json,.json,25176,2026-02-11T13:44:27.582608,False,88cd76ea7cdedd065428b161433a7aae0e5689b24daf13c8f5c2d25d8fcbb1de
data/ministers/technology/vector.index,.index,4,2026-02-11T12:52:27.532870,True,a5338d955b09046ec0b16f3a9625b7955c763aae07dc722e474e6078745f932f
data/ministers/technology/warnings.json,.json,24783,2026-02-11T13:44:27.591266,False,6664b5b4b030ec60bab531a6fc13b3a1e6c626ddae39525fa9d59f2c7d480c2d
data/ministers/timing/claims.json,.json,134618,2026-02-11T13:44:27.674765,False,a35454a2b96a2ada25d6bf534fdc860da9a06384dedda83dd325bb0a3ab13b5a
data/ministers/timing/doctrine.json,.json,313808,2026-02-11T13:27:04.860140,False,a6c90f3cf1ce74ef482ff5a13b6f1af633053303915a3220abca20de3261358f
data/ministers/timing/principles.json,.json,142785,2026-02-11T13:44:27.620578,False,27f62d908a9c92ebeb1e457e739302507bfd514e6b134d978a48c5b655b6c5d8
data/ministers/timing/rules.json,.json,146796,2026-02-11T13:44:27.650237,False,473a4ff34c147bb20305437e06660171a9c1df91ba1a3a3b63d213dd8b08145c
data/ministers/timing/vector.index,.index,4,2026-02-11T12:52:27.533869,True,a5338d955b09046ec0b16f3a9625b7955c763aae07dc722e474e6078745f932f
data/ministers/timing/warnings.json,.json,136161,2026-02-11T13:44:27.700429,False,feb1a0ba0ad1409dac877dfbb9959227ca1f0d17adbad503fc1812b4d03869c7
data/ministers/truth/claims.json,.json,87935,2026-02-11T13:44:27.748661,False,b98355ad4d611f2cbc8c32acf5ae65d6a7acfa1ef0d7f8454cc30ff267a40c43
data/ministers/truth/doctrine.json,.json,196995,2026-02-11T13:28:44.895838,False,2190d21cc4d748c0d2ebd837823a7a7fbccfedd60c2de606369883a522081ae2
data/ministers/truth/principles.json,.json,92772,2026-02-11T13:44:27.717664,False,55d333824990677294b1340daacfe359e411abcdf3ba7a55f658ee0746a7da74
data/ministers/truth/rules.json,.json,92797,2026-02-11T13:44:27.734664,False,acf447086f6600732047325713e1d7d8145e5e04f199155dd98e14966470ae49
data/ministers/truth/vector.index,.index,4,2026-02-11T12:52:27.534868,True,a5338d955b09046ec0b16f3a9625b7955c763aae07dc722e474e6078745f932f
data/ministers/truth/warnings.json,.json,90046,2026-02-11T13:44:27.762664,False,f7ea245ff659bd8451579212916388bdfa4ea2de8e25725e429dfcbda5714fd2
data/sessions/completed/session_session_1365443524_a200aa6a.json,.json,2231,2026-02-18T03:27:23.525439,False,ce01acea2da5cd87dd7280107e4069884d9be8786a8da5b7ff0a92908cb2df71
data/sessions/completed/session_session_1365443565_a9eaf33a.json,.json,538,2026-02-18T03:27:23.565859,False,c40087d64a6c927cfa3b496c832e47001f78f4c6d8e149b5dab5e50b30ced43f
data/sessions/completed/session_session_1365443566_44a8b8b1.json,.json,550,2026-02-18T03:27:23.566951,False,62eb17b94f82e0a0102b2258c513043215340a6d899ae7da68d22749805adc95
data/sessions/completed/session_session_1365443567_d66dd3af.json,.json,562,2026-02-18T03:27:23.568064,False,e40cbc9171dc602e3767ad8dd6f0c513634553c3e494f994f56fe190595ec7a5
data/sessions/completed/session_session_1365443568_2903f950.json,.json,569,2026-02-18T03:27:23.568610,False,6304fc1de80386f32712c8669d1b783557c1afca59c03b606a23b4347ee84495
data/sessions/completed/session_session_1365943051_5de42df2.json,.json,10591,2026-02-18T03:35:46.024919,False,a66055000ca8d6bfbea3752ae15362eb07f24ae85664c0bc656f7c2d6fe88de7
data/sessions/completed/session_session_1365953683_5de42df2.json,.json,10591,2026-02-18T03:35:56.928885,False,e2a964a821b325d6fc79d499edc2dd138338d168b4e61af638e2f1572d524013
data/sessions/completed/session_session_1365971777_5de42df2.json,.json,10591,2026-02-18T03:36:14.944679,False,4cedbee158c6db4dfecee972c68f2e58594192e524fc461c0c2796ab9248825d
data/sessions/completed/session_session_1366021208_905a409d.json,.json,10553,2026-02-18T03:37:03.523250,False,c9a639acfd482a67655d6f7d8cff1f39f3543e503de46992a941e7c9428ae027
data/sessions/completed/session_session_1366296290_5de42df2.json,.json,2188,2026-02-18T03:41:51.155802,False,b6106967e5e20d2a7020007b2efec0cac38b2be2818912c46fabb11a68bacb63
data/sessions/completed/session_session_1366350163_5de42df2.json,.json,2188,2026-02-18T03:42:42.388796,False,64fa06c9d059acddc2b4b69f20dbb7fc2b9c98825e8616cf96849c4d11afced3
data/sessions/completed/session_session_1366395533_5de42df2.json,.json,1470,2026-02-18T03:43:22.488493,False,e431488c68acbaf75db53a616fa4cc5d9e73e4b491011dbe77c525fcf6de91db
data/sessions/completed/session_session_1366417915_7dac6ff1.json,.json,2976,2026-02-18T03:43:54.957401,False,c9ce9ad8f081195cf9b04d689d65c23cf2885428e338013fb6999214f29c7662
data/sessions/completed/session_session_1366436961_7b8b965a.json,.json,2206,2026-02-18T03:44:16.907383,False,196ef8e75c94d36f0cc20e2889d65fbfe5a415ee81e28b91b371f1cd9c1f9148
data/sessions/completed/session_session_1366458912_7b8b965a.json,.json,1444,2026-02-18T03:44:26.288275,False,a46cbdd6887dfc2544bba5325d1c242e45476a09f22478b0daa93ea7a9782c40
data/sessions/completed/session_session_1366503189_cfe996e8.json,.json,1410,2026-02-18T03:45:10.017296,False,f58a77631bb77d25cd77797b24e644fc2239415388a147d02155c16cda8e6ec5
data/sessions/completed/session_session_1366588490_2dd9cd7b.json,.json,1418,2026-02-18T03:46:36.542013,False,a694fc37725f048ef98d2f3c8527a5491d356f5dbfe68a3ba02db4c24249368d
data/sessions/completed/session_session_1366598545_7fa3b767.json,.json,4065,2026-02-18T03:47:25.541727,False,4fe16d61312ecabe5eabf6d7edbcf97c153ef712fa44ce732279fa8af076ec5c
data/sessions/consequences.jsonl,.jsonl,443,2026-02-18T03:27:23.548138,False,4f1ef50649c27e2fdc9dc4cd33e2d4bb414413ce2c963018f059e208c38a8291
data/vector_db_stub.json,.json,219323,2026-02-12T12:07:11.531097,False,a82f90972c57fb6e76e5a6e7f4dafa3392a443c52bb51a162f7a7ca4cde5b921
DEAD_ENDS_AND_REDUNDANCY.txt,.txt,10795,2026-02-19T20:10:31.227863,False,314ca107d02891bfcbcb6bb063acb587f6906bcb3b5f6d6cde83bc4c32882de5
DEAD_ENDS_RESOLUTION.md,.md,7840,2026-02-19T20:16:59.220290,False,ae34fa88525039c197688ba76bbba4a402e76d584243a2f8d0a510efb590f6fa
DEPENDENCIES.md,.md,12893,2026-02-19T19:54:06.923023,False,28dbf4f53448a8497e8b7a578419ff28a6b302a3ce318a161a8575c067044367
documentation/01_PROJECT_OVERVIEW.md,.md,12262,2026-02-18T02:35:14.504230,False,337b481000c3e6dd3b183ddbc0cea057db4edb9cfa790bd35ca57d1706b87f69
documentation/02_ARCHITECTURE.md,.md,25462,2026-02-18T02:36:42.046129,False,e2b8229b2685e696934444b29335a1d23cf307a7c6fdd9c1dfc2268318627472
documentation/03_FILE_REFERENCE.md,.md,26682,2026-02-18T02:39:00.213332,False,b37a85971fa45396f8727e1d5afa84fc21ab93d776a06d3eb7767fc549c80b5d
documentation/04_DATA_FLOW.md,.md,27401,2026-02-18T02:40:39.757966,False,abb0355227153a71e1c2284a499ec77cb68755b5ec520db611bcb061ac9e5a41
documentation/05_FLOWCHARTS.md,.md,31732,2026-02-18T02:42:17.977818,False,ff1170aa69cb6412fa27c3ad2196e9302ac4b5b8ac6947a03ababa2e7a3b943e
documentation/API_FIXES_SUMMARY.md,.md,6347,2026-02-18T03:46:08.760633,False,fae3bddf238fdc52acf1ebdccc72cd390d7744e54b9b2c5a9ff11b7226bcc98e
documentation/DIALOGUE_ENHANCEMENT_GUIDE.md,.md,14019,2026-02-19T15:21:28.754606,False,59e207af2e2c235bfa6942da5bffea89a9121c49c8261ed8a52ba4753d68bddd
documentation/DYNAMIC_COUNCIL_GUIDE.md,.md,11756,2026-02-16T06:52:03.398493,False,ef9351601c884036598142006f104172ffb724bef84d2ff9841ecbc6f58c129c
documentation/FINAL_SUMMARY.md,.md,20358,2026-02-19T14:28:00.346797,False,9c97d9f16afa3c72f1fcd49b402718e86ff1a4fc1be1b739744b907dcb8c646d
documentation/forensic_audit_2026-03-04/00_complete_file_manifest.csv,.csv,543354,2026-03-04T07:42:00.884459,False,a5d06db36a8a00e004ecd8d9d440a7ed63b0a071dca791b66c4fe426278184ce
documentation/forensic_audit_2026-03-04/00_complete_file_manifest.json,.json,896781,2026-03-04T07:42:00.874151,False,1328aee4706dd306424feae05f7a0ca090a0044855924d68f6aa1f4f703360b4
documentation/forensic_audit_2026-03-04/00_inventory_summary.json,.json,186,2026-03-04T07:42:00.891638,False,04b46ac7bc5879be284479fdbeb3d1f3595070e1afa0e073fdcdade57f79b9a4
documentation/forensic_audit_2026-03-04/01_python_source_index.json,.json,222879,2026-03-04T07:42:00.885726,False,500438367bf24f2b044e87ca07b8526f4e130a8b5497d0afdbf83ab564d5d1de
documentation/forensic_audit_2026-03-04/02_text_source_index.json,.json,282366,2026-03-04T07:42:00.887638,False,1f64582dab7ebcc619ef50059edd0c7aab2a89f36c7b1205f2b58cea44397e4d
documentation/forensic_audit_2026-03-04/03_json_source_index.json,.json,683679,2026-03-04T07:42:00.890639,False,d72aaf08e25e51e8a4eceaf72c29a84f5e5e256dea80308e5dd35abee2488f82
documentation/forensic_audit_2026-03-04/99_analysis_errors.json,.json,1016,2026-03-04T07:42:00.890639,False,a8b84e5366dd08c88f2112bfbb3ad3a3afdddd40de5fe430a1731a7fed13941b
documentation/forensic_audit_2026-03-04/A00_SCOPE_AND_METHOD.md,.md,1109,2026-03-04T07:42:55.780478,False,0333cfd662bf89fa501b0bca040bf1104cbd78267f9911e9753ecd0d89d547a7
documentation/forensic_audit_2026-03-04/A01_FILE_COVERAGE.md,.md,3883,2026-03-04T07:42:55.781478,False,df42441fdcfdb0caf0b9c7af6bcae69e5b670ba2241ce701fa934fae026ca0bd
documentation/forensic_audit_2026-03-04/A02_PYTHON_ARCHITECTURE_INDEX.md,.md,10460,2026-03-04T07:42:55.782115,False,37be8b1c2e67f5b7b61465ab1a33ab29b2c7778ef6408559cb12f9b7fba9c026
documentation/forensic_audit_2026-03-04/A03_PARSER_AND_DATA_QUALITY_FLAGS.md,.md,1437,2026-03-04T07:42:55.782115,False,cbc449e5820444fe51ef1b122e94a09d6da19c891d465b2f85056f0e8ec80f8d
documentation/forensic_audit_2026-03-04/A04_DEPENDENCY_AND_ENTRYPOINT_MAP.md,.md,3453,2026-03-04T07:43:35.469737,False,584985805dacd661181e7508ae30cdb9a3ecf139ba6cd1e1a31941d6dbc7b7d6
documentation/forensic_audit_2026-03-04/A04_dependency_map.json,.json,6095,2026-03-04T07:43:35.469737,False,039ad563d75ed579c8a86c3e6f71a34988ec6d381af39967ce35b0a36a29e2d5
documentation/forensic_audit_2026-03-04/A05_API_SECURITY_TEST_SURFACE.md,.md,4983,2026-03-04T07:45:01.510696,False,95850cc4add5309802c37cc22acbe8537dab409d58bcbbbefa2a600d2d0b3286
documentation/forensic_audit_2026-03-04/A05_test_inventory.json,.json,7807,2026-03-04T07:45:01.510696,False,99f89a53287d25efb04f0105377f294fda27c6d9ad8b3a44a0948a1981acba9b
documentation/forensic_audit_2026-03-04/A06_documentation_index.json,.json,191029,2026-03-04T07:44:29.939854,False,e6129d6008097be3a13e37ae584d212b70aa6de5fe386da51a8a5f12795ee6ca
documentation/HYBRID_MEMORY_ARCHITECTURE.md,.md,9821,2026-02-16T05:09:54.117951,False,5431a4c166e49599924c041cfc238f13cf8030569f8e5224173f7916f294ae7e
documentation/IMPLEMENTATION_COMPLETE.md,.md,11212,2026-02-19T15:23:44.483230,False,2222728424a7871c2bf9a4a2c6b02b139aabcbdf57d3d36667a6905f521e283f
documentation/INTEGRATION_SUMMARY.md,.md,10993,2026-02-16T06:47:09.580462,False,b4fd29fbad2afb4507c06bb3db2987f354bd718ac2bc32a7c0831d35b174eada
documentation/LLM_CONVERSATION_GUIDE.md,.md,8715,2026-02-19T17:05:43.358378,False,f0668f245c965cb190cb48ac3e7daca45ea4359063375d2f27e0d94b80635f71
documentation/ML_LEARNING_LOOP_COMPLETE.md,.md,16915,2026-02-19T14:24:52.505646,False,633f7d38d0e54b09e1cca152b806c7e84e16d79768ba9f4f3ea00da920b10e03
documentation/MODE_EXAMPLES.md,.md,21710,2026-02-16T06:48:18.591655,False,8240273461de0273f097f7ebd99e474a0073b9b39d628adad6311bfa2daf3f32
documentation/MODE_ORCHESTRATOR_COMPLETE.md,.md,13221,2026-02-16T06:49:34.117155,False,1179455270e035e39d4f8da13a77624f772a7d28893252cec48226f9b9b864c2
documentation/MODE_QUICK_REFERENCE.md,.md,5197,2026-02-16T06:46:35.071503,False,a7364c9dec8b019f8b1dbaafbdc0027172f696b491df442e7910aade74d6c33a
documentation/MODE_SELECTION_GUIDE.md,.md,13556,2026-02-16T06:46:16.384194,False,67b2d8a11eca419f9fefc16bdf4320a85490453ae3389b1ae9256393cf1088cd
documentation/MODE_TESTING_CHECKLIST.md,.md,13088,2026-02-16T06:48:53.884582,False,77108ccd13c57f9d65a10ec57888adf7bcfb198852c25384ede73df736267cab
documentation/PWM_INTEGRATION_GUIDE.md,.md,21327,2026-02-16T05:13:27.670566,False,f1e0244145635b7b00514cdd77aec2593827564dbbba98c8397b3f075c02db65
documentation/PWM_INTEGRATION_SUMMARY.md,.md,16822,2026-02-16T05:16:11.912909,False,6cdbaed72280cdf6cd91a059e1dcb221a4d7744988e416bc3fd9c2288d134141
documentation/PWM_REDESIGN_IMPLEMENTATION.md,.md,10600,2026-02-16T05:40:09.367408,False,4cc7c5c95739ef7b404f47a16f432f01e761ba0ddac4bf48948c574b2bfddccc
documentation/README.md,.md,8292,2026-02-18T02:34:27.214730,False,59a8c59d122d63c231c1e5bdfdf546140761c639ebcbbb98ea61bbfa6a5b62cb
documentation/SESSION_FEATURES_GUIDE.md,.md,12234,2026-02-18T03:28:01.273387,False,c3db98bb66be56cb24d49997e0dea3207e209b7e88d3e785c3f249a76f20e264
documentation/sovereign_ml_log.txt,.txt,1450,2026-02-15T04:36:08.395361,False,1b0cfcf3afb394d851f22b74e11657c9d6fc1ec99b4afd4596a4b4defd63ef52
documentation/SOVEREIGN_ORCHESTRATOR_GUIDE.md,.md,9702,2026-02-16T05:08:03.654757,False,9b228e77797806f4dad99e797bc983d1168f88326b3ac4477c8812a8c77d180f
documentation/SYNTHETIC_CONVERSATION_GUIDE.md,.md,8916,2026-02-17T02:27:25.509048,False,756bb033f74003910f507b82af6c0d40c3eb204fe00139ad5a77b07a33d10914
documentation/system doc/01_PROJECT_OVERVIEW.md,.md,12262,2026-02-18T02:35:14.504230,False,337b481000c3e6dd3b183ddbc0cea057db4edb9cfa790bd35ca57d1706b87f69
documentation/system doc/02_ARCHITECTURE.md,.md,25462,2026-02-18T02:36:42.046129,False,e2b8229b2685e696934444b29335a1d23cf307a7c6fdd9c1dfc2268318627472
documentation/system doc/03_FILE_REFERENCE.md,.md,26682,2026-02-18T02:39:00.213332,False,b37a85971fa45396f8727e1d5afa84fc21ab93d776a06d3eb7767fc549c80b5d
documentation/system doc/04_DATA_FLOW.md,.md,27401,2026-02-18T02:40:39.757966,False,abb0355227153a71e1c2284a499ec77cb68755b5ec520db611bcb061ac9e5a41
documentation/system doc/05_FLOWCHARTS.md,.md,31732,2026-02-18T02:42:17.977818,False,ff1170aa69cb6412fa27c3ad2196e9302ac4b5b8ac6947a03ababa2e7a3b943e
documentation/SYSTEM_ARCHITECTURE.md,.md,17881,2026-02-19T15:28:50.144214,False,c07682f1fd422c40d6b956f694b63469064fc335773bc7187d1ce9c5f481e4b6
documentation/SYSTEM_READY.md,.md,5387,2026-02-17T02:21:42.093774,False,6dbe39cf16c356999d5f5f8fe76d6b46581180527775874f068db7c30a7cacd5
documentation/SYSTEM_STATUS.md,.md,18883,2026-02-17T03:11:50.720470,False,71c7200566128da0a44c4dfd400ca288a8764b7e1eda1715da7c2a6ce335a2db
documentation/TECHNICAL_CHANGES_SUMMARY.md,.md,12304,2026-02-19T15:24:19.632437,False,c3c6b2b5707f80caad86187bac41bf63b8cd58b72b487cff8d3fcdc83db1a8c1
documentation/TESTING_VALIDATION_GUIDE.md,.md,8383,2026-02-16T06:37:23.088087,False,7b74c3ae3b626f15e79d649bae3ac5567e9cfef9354d4f8948b2f634e911fc30
documentation/USER_PERSONA_CONVERSATION_GUIDE.md,.md,6218,2026-02-18T04:02:45.476880,False,703ff6918c7c35994aa43f38f93868ac8d9668324fc11411426041f4797b9383
documents/Clarification Request Person N,,48511,2026-02-11T00:30:29.569779,False,b28ba7da3ebc2bc51053505eb69f59f4e45a82c4899d8d3000bd0524e8bc838c
documents/CONSOLIDATION_COMPLETE.md,.md,6418,2026-02-14T15:08:53.497001,False,5236b3b58ab25ae6ab1f756a140d7df7358817ca76a01f2184a6ba36985371a6
documents/CONSOLIDATION_IMPLEMENTATION_REPORT.md,.md,10011,2026-02-14T15:08:53.497001,False,bf2c27b0adc0be0680eb9739b8e86fdd38d6403d00ec33702703e59120b410a3
documents/KIS Evaluation and Upgrades,,29960,2026-02-11T00:32:49.884465,False,5a62ec9c4878cba4d8a49c295cb4253edb0e7ecd75a762fb70ce9f68b284ca2b
documents/Multi-Agent LLM Simulation,,21285,2026-02-17T01:34:23.043579,False,6e705fe2cecaecfa251f6a42af7e14c480c408fb7cb3020ffd9301663e4c155d
documents/Personal World Model,,101430,2026-02-11T00:28:32.529320,False,d9192360196efef42dcb4e10aebee72b429c9a3c1f988a853d8e8a530fd6f492
documents/PHASE_3_5_IMPLEMENTATION_SUMMARY.md,.md,5986,2026-02-14T15:08:53.490000,False,ff9dd013d20a97d4bc5b01252827e11aeb33b0eb4c50332b25a1303be72cebba
documents/PHASE_3_5_MINISTER_CONVERSION.md,.md,11064,2026-02-14T15:08:53.490000,False,b1abf12c14c5a0f2cdaf730121a0b096fe38d5edf1d74fb61345ad255e01f8f7
documents/PHASE_3_5_POPULATION_REPORT.md,.md,6781,2026-02-14T15:08:53.490000,False,03dfa6d8ee6d2a8ae43dd09098f23c239a95d38c49bcf5435c49732d24bdacb5
documents/PHASE_3_5_QUICK_START.md,.md,9765,2026-02-14T15:08:53.490000,False,135002d4a273fd5e982a5f9a034548ac97680cd1cb1e9af267631673fb8ebd47
documents/PHASE_3_5_REAL_DATA_SUMMARY.md,.md,9299,2026-02-14T15:08:53.490999,False,3c7e946ee0e6c831df726dead7c2983752aa0f04a2f833ee43a5fa05588f002b
documents/QUICK_REFERENCE.md,.md,7040,2026-02-14T15:08:53.497999,False,17296275caa9820bf3759f2079526837b5f5ab16f22978f52c25fff9b2d95b0f
documents/Runtime Architecture Bug,,24206,2026-02-11T00:32:16.388485,False,22d544d70ac439e78909ed2c436c113457aadc523ece45b32f53e50f6cf5e286
eval_demo_output.txt,.txt,12322,2026-02-19T22:15:47.342428,False,02f9e8e6a22b7550fb62b6de5b2f6cc5c00a4712952f24273600739f7f7fd1db
evaluation/__init__.py,.py,1101,2026-03-02T17:21:02.987548,False,198886fee5ddbe33438578a4534c84ef3e0aa5617df0ba156216c3dfd403a908
evaluation/adversarial_user_simulator.py,.py,7162,2026-03-01T18:50:57.622496,False,e3aefe868de035fb3fc0ec28c620aeb301245dbb6849a34110b5240665598820
evaluation/analyze_kis_failure_mode.py,.py,15305,2026-03-01T13:49:24.649619,False,12a7b8c13ace0331a8878331fc5ddcd665c78fa5bb448e5f20fa7138102025ac
evaluation/analyze_minister_similarity.py,.py,7889,2026-02-23T17:13:54.732477,False,e1925ed36d8a30558d457ea33f243bc854d785bc564cb75751f4d8a7e9413f53
evaluation/baselines/ERA_v2.0_diversity_baseline/baseline_lock.json,.json,6134,2026-02-26T08:15:44.642773,False,350652f654c03839f96c22110d227c3c99cbba1114c8812ca25416843e86c5ea
evaluation/baselines/ERA_v2.0_diversity_baseline/PHASE2_ROBUSTNESS_REPORT.md,.md,799,2026-02-26T08:15:44.645786,False,fb6565ccd57f50ef9e80d56c40136f414f8cd14a581690542a21104f859309a2
evaluation/baselines/ERA_v2.0_diversity_baseline/phase2_robustness_results.json,.json,599927,2026-02-26T08:15:44.644794,False,3f27098a0fe1e9641e4689e4f73435ae227bf2e47617b961e40e4d2a4a4f2c8c
evaluation/baselines/ERA_v2.0_diversity_baseline/split_manifest_seed42.json,.json,6976,2026-02-26T08:15:44.645786,False,ad465eade01a48d3c23ce38d19dac5e627353027f0f08ee183cee62f9fd23c33
evaluation/baselines/ERA_v2.0_diversity_baseline/TAG.txt,.txt,29,2026-02-26T08:15:44.642773,False,e5bfbc036c6cb142e79d0acba6f2c7afac758eeb216acaa6325f70c563de4c96
evaluation/benchmark_dataset/adversarial.json,.json,5847,2026-02-19T23:01:23.503093,False,61d1fd90d3873babe5e2be1bb254b7b52a5b5d50cea3b2f1d416358dce2d0194
evaluation/benchmark_dataset/dataset_manifest.json,.json,1311,2026-02-21T07:53:43.282687,False,04244d33ae7b52e3a25f7d162d4ec13f09d81e7eab18b5827cef9ae49c23911d
evaluation/benchmark_dataset/emotional.json,.json,21312,2026-02-19T23:01:23.500749,False,1b468b968fe3b5843f43cc2e967738af44f68b1afa4ae3dad9ff3fd8e623bf12
evaluation/benchmark_dataset/irreversible.json,.json,22301,2026-02-19T23:01:23.499815,False,2292d3abd4a1f28d3f405ab026bf1ce8a05a0679ecdb6905cf243c505f6e84c4
evaluation/benchmark_dataset/long_horizon.json,.json,21037,2026-02-19T23:01:23.501796,False,7dcca67242fdd27952147cedac45fd6d749af577ac67756709d916bf73ceae75
evaluation/benchmark_dataset/ood.json,.json,20067,2026-02-21T07:53:32.941266,False,f84001193f75dbe6ba4da89781383a869d8933d94c8dde16ca921ef5a2900ee6
evaluation/benchmark_dataset/split_manifest_seed42.json,.json,6976,2026-02-23T09:01:39.247007,False,ad465eade01a48d3c23ce38d19dac5e627353027f0f08ee183cee62f9fd23c33
evaluation/benchmark_dataset/strategic.json,.json,20887,2026-02-19T23:01:23.501252,False,82be874871eee270a3e0cf1a2223247b93ea75484eedb198d7d953108b3006b6
evaluation/BENCHMARK_README.md,.md,9585,2026-02-19T22:03:40.860471,False,1d266a123417e669adc7c2ab0d9214b55ace29f290b98ee3c42b8b8aaa87bfa9
evaluation/build_kis2_index.py,.py,1902,2026-03-02T17:20:28.611678,False,b1f7769666f0b753ff23500af51ebfb8cb04cac9193a3a4b15fbcf154124b8dc
evaluation/build_phase2_gating_dataset.py,.py,13604,2026-02-26T23:05:33.176382,False,4fa7e6ac3320422a8ca6e117fc4cc0697b8a15f62ef88487058e648a55c4e4b0
evaluation/create_split_manifest.py,.py,6974,2026-02-23T09:01:32.420655,False,74bb5412b86bb6d59b8993ff071bcccdc77cdb541c3a288f175d3bb837d92c34
evaluation/distribution_shift.py,.py,3994,2026-03-01T19:03:19.316527,False,2de5743651dbe79cef684c4dd6b15e908162eb83bb75b2bcadcc785cdf4bbee9
evaluation/evaluate_phase2_gates.py,.py,9650,2026-02-28T23:14:10.595740,False,8db54fa0b3a62cac32e9f88a5dca488354a076c92360435bed2fcb11261cf07a
evaluation/EVALUATION_GUIDE.md,.md,10829,2026-02-19T21:34:24.674186,False,a567e9eeba39c5a93d56e8440b3df89977898b7361b0de63d6a962d582bf5c08
evaluation/evaluation_runner.py,.py,27172,2026-03-01T19:06:20.730042,False,3ad0323c3f997d6094984ff935aaafd1fd087cba32e5e89d0252dc934cc3e771
evaluation/freeze_diversity_baseline.py,.py,4520,2026-02-26T09:52:31.883189,False,a932d596611ad6e12b780c08c3ab6e7aa057cc7f6042093a0187edbe00644234
evaluation/GAPS_FIXED.md,.md,17744,2026-02-19T21:51:26.250353,False,c7c9a934b1e2d3db3c845a3a3cfadfc8bdd5d5656c8fd84c1e330014a933d7cb
evaluation/gate_milestone3.py,.py,16533,2026-03-01T09:02:41.773222,False,793e3193aa32cb25b3b8b0f4b777423cab29e58410a9ef65390f701a328aa60c
evaluation/gating_model.py,.py,11248,2026-02-26T09:50:00.754990,False,5902533dfbc4601d1e51decf24ab7f8be716f7cc41c8faeeaae0019c622a729a
evaluation/gating_support.py,.py,19227,2026-03-01T06:01:43.089077,False,9ac801c90d72006f2adeacc62a97ab7fdd16d0ff446b05e463c67564da72f0ee
evaluation/INTEGRATION_CHECKLIST.md,.md,9805,2026-02-19T21:35:05.190934,False,2e4c3d3ae77508c53767206ef803b765e59ec139b3c16b2dfacd93298891fd32
evaluation/kis2_retrieval.py,.py,15486,2026-03-02T17:20:22.019566,False,b69776e15abaecf75b756961cafbdc8b3042d9cab4c6856cac9ca6bafb273a28
evaluation/learned_uncertainty.py,.py,7110,2026-03-01T09:00:32.048514,False,013c5f9de2b7e6d88f2d141d39fc7302314ac8cbe5bf8a441a3957437bef8712
evaluation/metrics/__init__.py,.py,126,2026-02-20T20:06:30.781237,False,6df466f3347ada014c1bb259b94dc339a7fde06af100dc25a0445695cbd71375
evaluation/metrics/evaluation_metrics.py,.py,9792,2026-02-21T04:05:06.625481,False,e4409a17513080e241d738c4be217e6cd78c3862c648064d7b482e9317b59f77
evaluation/MODEL_VERSION.json,.json,1513,2026-02-19T21:46:02.918596,False,851ecd2d1deeea4e4b3643751f88000196393789691399ad89c5161a94aa5a1b
evaluation/models/phase2_gating_model.meta.json,.json,34057,2026-02-26T08:49:29.603428,False,9a0a79d03e8b9f2b52dbda733dcd06e79bc7ae13552626d43a98e74f53a84896
evaluation/models/phase2_gating_model.pt,.pt,17301,2026-02-26T08:49:29.601268,True,1d6ff7ea2d35243430c0d27758b461f602f5d11af1dc9578861bfb5a309f32bf
evaluation/models/phase2_gating_model_v2_aug4_embed.meta.json,.json,1754312,2026-02-26T11:45:40.922434,False,a0e80871911cb039c7a2c95f51ac0bbe522dce7f31fa7ed945c3339bb248dec6
evaluation/models/phase2_gating_model_v2_aug4_embed.pt,.pt,487457,2026-02-26T11:45:40.856401,True,6b77c2c9061d0a1282bb2d2cbc346ca08842db35f341ab2c04c00267f2e123f6
evaluation/models/phase2_gating_model_v2_aug6_embed.meta.json,.json,1754219,2026-02-26T14:01:28.419734,False,0d345540ec8ca917fbccae1876ff041e6462db0e7b1027bcd01005f501db3c40
evaluation/models/phase2_gating_model_v2_aug6_embed.pt,.pt,487457,2026-02-26T14:01:28.355084,True,f4f83b63cf5f7adbb64639baf7af2eb5ae95b9fb4b7b6a0bd8677d2191f03079
evaluation/models/uncertainty_predictor_compare_semantic.json,.json,17664,2026-03-01T18:45:50.100417,False,f66985c7958f70ffa4529c82ab22f1c854b25c20504ebedf8e076d6022eee6ea
evaluation/models/uncertainty_predictor_compare_semantic_q30.json,.json,17705,2026-03-01T18:46:02.927323,False,9db860c7b48198d30691b2be1b198001bd0860e0e68709f74a8d489dba2c6655
evaluation/models/uncertainty_predictor_compare_strict.json,.json,17647,2026-03-01T18:45:50.093324,False,1439a0ffacdfa8728f63119f3e8aecb008f5755428a66f9657a33342595eb13a
evaluation/models/uncertainty_predictor_compare_strict_q30.json,.json,17677,2026-03-01T18:46:02.900236,False,3ebadb8816c471b12ab5140b687da9d9a6bda002039cc0b472b35f54558b216f
evaluation/models/uncertainty_predictor_semantic_control_q30.json,.json,17711,2026-03-01T23:59:19.059122,False,e5a9c8a15efa323c6bcc98b33366a11922c08d6c31eb523f68060bcd829c81d3
evaluation/models/uncertainty_predictor_semantic_full_q30.json,.json,17671,2026-03-02T13:10:04.934783,False,c7c886cf6b88030ec1326b0c23050ca6137196cf95746260adb8603ca32ab9fb
evaluation/models/uncertainty_predictor_v1.json,.json,17627,2026-03-01T08:58:47.082636,False,a732f34ec23070cea182b9a258b57f4ce450e14d11c8ef274b1dff3d82a27bca
evaluation/red_team_governance.py,.py,4165,2026-03-01T19:03:46.839741,False,6cc72f6af5d86af2659b9312a28522339ad5ec2b3dede2aa3326f7633852e3fd
evaluation/reliability_analysis.py,.py,23963,2026-02-27T02:23:45.288523,False,61a6a8b5e1b50202f6c4bcb5b1afc9b9979c187698db097cb18d20eda15021d0
evaluation/results/benchmark_results.json,.json,10249,2026-02-25T21:35:12.746850,False,0e5f36ee51f00aeafe72d5bf9e81029ead08ee6ea4f9abca609565cc5f2c32e0
evaluation/results/ERA_v1.0_FROZEN_BENCHMARK_REPORT.md,.md,1653,2026-02-20T20:45:08.542740,False,d821d3cfb7d83e148449a76fcbeeaeb6b21d8c521fac524064974120dc3d3b71
evaluation/results/ERA_v1.1_CALIBRATED_BENCHMARK_REPORT.md,.md,1848,2026-02-21T05:22:07.885178,False,b7b285093323fd965ad5ffb5bb0f0217fd8649b1db4003588a079994723fc64e
evaluation/results/frozen/ERA_v3.5_robust_control_validated/MANIFEST.json,.json,1242,2026-03-02T17:12:30.029654,False,4f40e193430a7d77bb3ce74c8cd2aa12e90991e16ebfb7055404126c84db4ae8
evaluation/results/frozen/ERA_v3.5_robust_control_validated/milestone3_gate_report_control_semantic_full.json,.json,2683,2026-03-02T13:10:14.714527,False,a800fc9dfcdf7e43ce471770f366d93e6f571135850b730890145de388768590
evaluation/results/frozen/ERA_v3.5_robust_control_validated/phase2_robustness_results.json,.json,3785919,2026-03-02T16:24:54.475715,False,1c73b16c44217f4982339a56018437711d3c92cb75376e18426d33d11ca60f8d
evaluation/results/frozen/ERA_v3.5_robust_control_validated/phase4_unified_full_20260302_144852.err.log,.log,282990,2026-03-02T16:24:54.483150,False,5efcd1f022fe8dd1d284482300feeee07fcb903e4f19359c4b131c8b2c5fcdf0
evaluation/results/frozen/ERA_v3.5_robust_control_validated/phase4_unified_full_20260302_144852.out.log,.log,3775,2026-03-02T16:24:55.685081,False,472f151afa1fa09f5187605e66c145b526e2efd81cfa5f93570430e548a51377
evaluation/results/frozen/ERA_v3.5_robust_control_validated/phase4_unified_full_20260302_144852.pid,.pid,7,2026-03-02T14:48:52.151242,False,0f9886217497d4cd67855b86abe017737b8eecbff4a6423452a3f1a62d6ba8e6
evaluation/results/frozen/ERA_v3.5_robust_control_validated/uncertainty_analysis_semantic_full_q30.json,.json,36947,2026-03-02T13:10:04.936797,False,ab227d701d3f0d2590efd93b55be1c40e5f1099241edbcacd1628616db21a6d3
evaluation/results/frozen/ERA_v3_semantic_control_baseline/MANIFEST.json,.json,1104,2026-03-02T14:32:55.111633,False,819b5989b0552644ec296108a4a21a5eddbbfcf28cf79321dda403a17137aa72
evaluation/results/frozen/ERA_v3_semantic_control_baseline/milestone3_gate_report_control_semantic_full.json,.json,2683,2026-03-02T13:10:14.714527,False,a800fc9dfcdf7e43ce471770f366d93e6f571135850b730890145de388768590
evaluation/results/frozen/ERA_v3_semantic_control_baseline/phase2_robustness_results_test_semantic_control.json,.json,1029971,2026-03-01T23:48:32.419870,False,68d6924e3150df8747478128ca95c4e098104a98f7d1f002b52ffd9ee9f5717c
evaluation/results/frozen/ERA_v3_semantic_control_baseline/phase2_robustness_results_train_semantic_control.json,.json,4203664,2026-03-02T12:49:47.816863,False,989736ac4c26066343c5781e935f0da75df4bc3260b05e36a3de85d9159fde62
evaluation/results/frozen/ERA_v3_semantic_control_baseline/phase2_robustness_results_val_semantic_control.json,.json,1051854,2026-03-02T13:09:37.866724,False,71bbee22d45d8f63bdf44d7299dc9f6c2bb5e1591cdc8a058cc19204c3037f73
evaluation/results/frozen/ERA_v3_semantic_control_baseline/uncertainty_analysis_semantic_full_q30.json,.json,36947,2026-03-02T13:10:04.936797,False,ab227d701d3f0d2590efd93b55be1c40e5f1099241edbcacd1628616db21a6d3
evaluation/results/gating_dataset_train.err.log,.log,55501,2026-02-26T08:46:20.320703,False,99aa54f0c5630fc2ab0eaff003904c86897711b20293881a995571b9b28c24a8
evaluation/results/gating_dataset_train.json,.json,264756,2026-02-26T08:46:20.328980,False,8a174e6201d40430eb1a11745df1455b590f09cee298cc77f6f96e0e30975b11
evaluation/results/gating_dataset_train.log,.log,770,2026-02-26T08:46:20.390993,False,1838b14433e3457ef2dd0aaaa20aa08cc7c6e2641d637388a520b1a83751f887
evaluation/results/gating_dataset_train.pid,.pid,7,2026-02-26T08:35:02.650013,False,fde04a3e953eda1cd73908e5d4dd760eb1d8efc785675ff8eb05f74ebb2b14a8
evaluation/results/gating_dataset_train_aug4_embed.json,.json,10197200,2026-02-26T11:30:45.229016,False,55c877e8ef99cd4bebf93db86ff1ae0f7d8fc32800aad6e70e5b661f0f2777e4
evaluation/results/gating_dataset_train_aug6_embed.json,.json,14282446,2026-02-26T13:42:56.053223,False,6a8075577df63f58e4079dec85f6956f85a57c7f53f082be0341b4218f019f16
evaluation/results/gating_dataset_val.json,.json,63838,2026-02-26T08:49:13.660372,False,6532d013223b31295d372f62d41df54c90c913b8316df0bad6594a34b3ea8842
evaluation/results/gating_dataset_val_aug4_embed.json,.json,2442811,2026-02-26T11:43:28.967611,False,587f69c3ab5a74a9e14d81227dfad89860b46eb8f9237dafd97bec573b9b2c9f
evaluation/results/gating_dataset_val_aug6_embed.json,.json,3419417,2026-02-26T14:00:42.060696,False,34db37bea10f22aeb8bd1d4aa1feb7fe84531c1d3f1599796e35bc5c8fda9320
evaluation/results/kis2_ab_compare_limit2_20260303.json,.json,1638,2026-03-03T09:22:25.448982,False,c9cb081cce8399a798b49c2c4dbcd3fb681bd188efd95e05c7507ded2495a3ae
evaluation/results/KIS2_AB_COMPARE_limit2_20260303.md,.md,940,2026-03-03T09:22:25.448982,False,4263330d5d25ce3a322871a84300fa4ea0cadf10d0b13401a959ae39138cfda4
evaluation/results/kis2_full_test_20260303_094735.err.log,.log,8379,2026-03-03T09:47:35.267189,False,4f4c76054d08481f0a78cf590de2b610e86127a7c4bf9fd27c36d00e7cd102e8
evaluation/results/kis2_full_test_20260303_094735.out.log,.log,0,2026-03-03T09:47:35.267189,False,e3b0c44298fc1c149afbf4c8996fb92427ae41e4649b934ca495991b7852b855
evaluation/results/kis2_full_test_20260303_094735.pid,.pid,7,2026-03-03T09:47:35.282502,False,a543c5e380be9c92566c6e93d48dbbd4628b73274f615769cb37bf6f245cff48
evaluation/results/kis_failure_mode_diagnosis.json,.json,3487,2026-03-01T13:46:17.572423,False,0ae699f7b6d3dfbc5dcf69907be363fb03e0069957009df69ebbf3daf1317051
evaluation/results/KIS_FAILURE_MODE_DIAGNOSIS.md,.md,802,2026-03-01T13:46:17.573023,False,b0fcb35390bb2c4ef3e46549014f51df5d139c99425d6b9c4a0bb0b03e412429
evaluation/results/kis_failure_mode_diagnosis_current_strict.json,.json,3486,2026-03-01T13:49:50.424117,False,7b9ae9eadfccf421935bbb9b17d9c0d5ba36b317f1819f56ee343de0b028f1b9
evaluation/results/KIS_FAILURE_MODE_DIAGNOSIS_current_strict.md,.md,801,2026-03-01T13:49:50.425126,False,5dfe911cc7e277feb89694b06832bcf5cbd3810f9bbee9f3b32d0ce2cff31c67
evaluation/results/kis_failure_mode_diagnosis_principle_activation_static.json,.json,13382,2026-03-01T17:37:55.731024,False,585c1650b3b17ae5faeb105104fcf66b09e69657d305394b4b762c2bca06b519
evaluation/results/KIS_FAILURE_MODE_DIAGNOSIS_principle_activation_static.md,.md,4482,2026-03-01T17:37:55.731719,False,15aaa9a272f680ba37b9188a73ec419db20bfda392b00ab89963a49a055589b5
evaluation/results/kis_failure_mode_diagnosis_test_control.json,.json,3435,2026-03-01T13:48:14.425056,False,8acd50ef5da3a73e5097b41404945a7b9d8bfc117106c18239d9a364740fce6d
evaluation/results/KIS_FAILURE_MODE_DIAGNOSIS_test_control.md,.md,782,2026-03-01T13:48:14.425056,False,17f59309270f37074d6077ef3ea782fdb927dba2bf62aea21d37369f4e8c9a8e
evaluation/results/kis_failure_mode_diagnosis_test_control_leq06.json,.json,22597,2026-03-01T13:49:37.275779,False,155671e564aefa909f5470da0fddec307c18858cdb524112e861001598873bff
evaluation/results/KIS_FAILURE_MODE_DIAGNOSIS_test_control_leq06.md,.md,7871,2026-03-01T13:49:37.275779,False,864b8e1ce92b4b504aa6ca4bed547c6883bc48d90864345a0be8b73d00d85c8f
evaluation/results/logs/ollama_serve_20260222_185159.err.log,.log,3271,2026-02-22T18:52:06.216666,False,832fdd5db30efb4947bf3beabae8c8db3d7c998cb22b40e2fc41e8ffc81c9e68
evaluation/results/logs/ollama_serve_20260222_185159.out.log,.log,190,2026-02-22T18:57:35.938835,False,b555783c1e5d1627d26577b02becf1b8e68e6d6934ad4b333d279966d454a17e
evaluation/results/logs/step1_core_identity_20260222_162953.err.log,.log,6958,2026-02-22T16:31:26.425633,False,4853c146eb08de06f99d55c6d6fb16c684e81b114bc3619fa6a2bdd8c12cbd87
evaluation/results/logs/step1_core_identity_20260222_162953.out.log,.log,0,2026-02-22T16:29:53.147689,False,e3b0c44298fc1c149afbf4c8996fb92427ae41e4649b934ca495991b7852b855
evaluation/results/logs/step1_core_identity_20260222_163256.log,.log,274424,2026-02-22T17:07:02.309837,False,7bc3a7999b2d2bf5be3c75055a5ae0ba341ac7f1518e59b5f9b433147a5b7e25
evaluation/results/logs/step1_core_identity_after_ollama_fix_20260222_224313.log,.log,472842,2026-02-23T00:08:39.845594,False,83eccecf07455e000172439a90306b3e29dc520ba1f64b601c96f5288d29363c
evaluation/results/manual_inspection_5_hard_cases.json,.json,4821,2026-03-01T18:00:12.368691,False,190cedb348ff378a92925add822c681047f992afaeccc831e34e2f75bda23d67
evaluation/results/manual_inspection_5_hard_cases.md,.md,5320,2026-03-01T18:02:57.663088,False,49b3a3026f7cd9295f722c85b16c97ec1542b8c00b52cf4be321cb02ee467f4f
evaluation/results/milestone3_gate_report.json,.json,1450,2026-02-26T23:57:00.423671,False,9fa474263d274f76e36fea9d5c92e7b1ece3b920fc6fa3616ecaecd7ff3730a1
evaluation/results/milestone3_gate_report_control_darbar_strengthened.json,.json,2598,2026-03-01T13:39:17.076519,False,a3b06081e57daef663e9181bd05a18f798b4c956a29520b40d24aa1df08d7e63
evaluation/results/milestone3_gate_report_control_learned.json,.json,2642,2026-03-01T11:36:29.797522,False,b55ed92bb1c1a73219848ed02cb4e332980cb812908b71e5b8eb7fcbfbe7097a
evaluation/results/milestone3_gate_report_control_principle_activation_static.json,.json,2655,2026-03-01T17:37:24.788539,False,54678095e290ac1f4b81095276bcf8ed1bee2b5619ce3dd19256c3983803024e
evaluation/results/milestone3_gate_report_control_runtime_percentile.json,.json,2616,2026-03-01T13:00:59.081232,False,c096a06b976908dcf04f53d3361a4befebfead2f10d3e9eb49ba51660349650f
evaluation/results/milestone3_gate_report_control_semantic.json,.json,2678,2026-03-02T00:00:28.214582,False,65979005f6d01df690cc7d55472044592d807be4ccc0036405796281bf63617a
evaluation/results/milestone3_gate_report_control_semantic_full.json,.json,2683,2026-03-02T13:10:14.714527,False,a800fc9dfcdf7e43ce471770f366d93e6f571135850b730890145de388768590
evaluation/results/milestone3_gate_report_latest.json,.json,2423,2026-03-01T09:02:54.332966,False,f6354d922659caab6bf70aa1bc1fe17a288f73f8232f02f18dd8ae48e5780d94
evaluation/results/milestone3_gate_report_modeling_latest.json,.json,2423,2026-03-01T11:40:38.828976,False,f6354d922659caab6bf70aa1bc1fe17a288f73f8232f02f18dd8ae48e5780d94
evaluation/results/milestone3_gate_report_modeling_semantic_q30.json,.json,2438,2026-03-01T18:46:38.223847,False,00ae53c029fb65638d98f1f8ec6aac6a094fcdc91d1d4812a4037758f9eb5a81
evaluation/results/milestone3_gate_report_modeling_strict_q30.json,.json,2430,2026-03-01T18:46:45.292013,False,8d733de7f57731417e0e643b5680cd0f95b8b2d30f0e66d6d36d6b6e53f57625
evaluation/results/minister_similarity_report.json,.json,47374,2026-02-23T17:14:55.288486,False,69c0971f8994c38e5b327b3fe617d97fc635acde1c957f0cf2fb849026280047
evaluation/results/MINISTER_SIMILARITY_REPORT.md,.md,943,2026-02-23T17:14:55.290241,False,7761e857b68c03cd2ab62cc2bd93b345832ae6785358392a85425b7043231eec
evaluation/results/phase2_confidence_run_20260226_180423.err.log,.log,4935,2026-02-26T18:04:53.447119,False,448a8fb7741c2962213772e9c9456a9f457391f3572db5c9a9bc51ad6081aad3
evaluation/results/phase2_confidence_run_20260226_180423.out.log,.log,200,2026-02-26T18:04:53.442673,False,1aba157aaee60947ba99e34cf4ff93e6fd90fc8be4b7155b510748c2bde5bdae
evaluation/results/phase2_confidence_run_20260226_180756.err.log,.log,130302,2026-02-26T18:34:49.745857,False,c0a1aee605275fc351e498b23929885c51df76515a76427b826ff9b1654ac46b
evaluation/results/phase2_confidence_run_20260226_180756.out.log,.log,732,2026-02-26T18:34:49.739255,False,c13350c3d2eb69c02a41dc5bbff8498203aace755dcb56becd1c6593dd17eb97
evaluation/results/phase2_files_snapshot_20260225.zip,.zip,25664,2026-02-25T20:50:01.791197,True,f9bd05978c63956322756d3675ee3831574b0e9ff8ab79d252c371a6cae90f35
evaluation/results/phase2_gate_report.json,.json,1653,2026-03-01T18:42:30.488339,False,2cdc025c65fb7a24aeba5de6c5ee2ac6ddacf4572ff636390c2a41ee06e82ce1
evaluation/results/PHASE2_GATE_REPORT.md,.md,1133,2026-03-01T18:42:30.489351,False,dfdd5bd980baad64e030f2a70fc8be366f76297aa0fbfcb25bfc60b85302ca85
evaluation/results/phase2_gate_report_caseA.json,.json,1673,2026-03-01T04:01:43.586487,False,b0c74a5078a0f6cd3167b9aab4dbed80cee255f6c15c65246687e546c6c9544a
evaluation/results/PHASE2_GATE_REPORT_caseA.md,.md,1153,2026-03-01T04:01:43.587493,False,6c2266296aa734141f38b60bb337d71b1b9e73202c7febc1241d0f41026b5081
evaluation/results/phase2_gate_report_semantic_control.json,.json,1646,2026-03-01T23:48:32.511754,False,17c4dab18cf1fd5db00020e14d70520a966b8b718cd32641cdf8a565f07a4698
evaluation/results/PHASE2_GATE_REPORT_semantic_control.md,.md,1126,2026-03-01T23:48:32.515766,False,dc191bbc83bfdc8eafc0ac45c7c1ac0d510e285c806ce330e0c88c0e49d5e20c
evaluation/results/phase2_gate_report_test_control_darbar_strengthened.json,.json,1740,2026-03-01T13:36:17.716669,False,24ba561aaaed4aa44c3f18c1f240bbedd919aeee2cac3079698c75103707f577
evaluation/results/phase2_gate_report_test_control_principle_activation_static.json,.json,1745,2026-03-01T17:36:44.999393,False,78518c74e30b589bdecdb73e6945f0d2a51ec7cfd1e358d7f44b3909a637c390
evaluation/results/phase2_gate_report_test_control_runtime_percentile.json,.json,1717,2026-03-01T12:58:55.435927,False,a412f93402cdc814e77fbf00a0621e5d7db292bc89d873602704f6c377913668
evaluation/results/phase2_gating_training_report.json,.json,33692,2026-02-26T08:49:29.606034,False,8b3ce259cc39e37da67ddd6549f9ec1b2c099ad08e84f3588b227b0de222c275
evaluation/results/phase2_gating_training_report_v2_aug4_embed.json,.json,1754000,2026-02-26T11:45:40.989777,False,b140437f87737967665123439966bd798fb1c42d2682e2381315fada4c384e60
evaluation/results/phase2_gating_training_report_v2_aug6_embed.json,.json,1753908,2026-02-26T14:01:28.482383,False,4b88aca06150cfb3e44888de50ca9f1467a5ee4e083846184319f9372b449156
evaluation/results/PHASE2_ROBUSTNESS_REPORT.md,.md,1173,2026-03-03T16:45:39.193367,False,c62ddf51706d3e0e0f82a652ce4179d7df1ef1bd8340274ebb4af51a81936975
evaluation/results/PHASE2_ROBUSTNESS_REPORT_test_control.md,.md,995,2026-02-26T23:54:21.534975,False,918a8c4337a9461f9dfef27ec73e42ecd7779726c23447df5f3c3e507f0b42d4
evaluation/results/PHASE2_ROBUSTNESS_REPORT_test_control_darbar_strengthened.md,.md,993,2026-03-01T13:36:17.266815,False,00bd44e11e98e790bca0507fd3223cf75cc077cbe07a33f66404cfbaaa06c201
evaluation/results/PHASE2_ROBUSTNESS_REPORT_test_control_learned.md,.md,995,2026-03-01T10:12:48.515618,False,6df39733d84ea5f3ebc2a6e9bed455f2e9aedc134f36fce66f18461492f8111a
evaluation/results/PHASE2_ROBUSTNESS_REPORT_test_control_principle_activation_static.md,.md,995,2026-03-01T17:36:44.983867,False,517f976b97baa40b311a88e73caeb4cbbb175dcc30fb003aeeba131b3cffff45
evaluation/results/PHASE2_ROBUSTNESS_REPORT_test_control_runtime_percentile.md,.md,993,2026-03-01T12:58:55.367750,False,66c1fb8f37df2d5bdc5dc3c42913e76ade980f9261db81d3f38afbe5c287dfc4
evaluation/results/PHASE2_ROBUSTNESS_REPORT_test_control_semantic.md,.md,995,2026-03-01T18:42:30.474925,False,9e39c383ef627401748197ae6bf81b052e194d67074550b94899e1c5654d8553
evaluation/results/PHASE2_ROBUSTNESS_REPORT_test_limit2_kis1_20260303_091407.md,.md,1001,2026-03-03T09:14:00.654712,False,302853c6fa3c114b62e9496cc6234fa6f6c20d5f29bf88dd9aa77d74f4c2fc2c
evaluation/results/PHASE2_ROBUSTNESS_REPORT_test_limit2_kis2_20260303_092203.md,.md,1177,2026-03-03T09:21:53.859049,False,14b6ccfe2c39b5ad947aa4f04bf25ea87ccf48a3092594777034bb31142794f0
evaluation/results/PHASE2_ROBUSTNESS_REPORT_test_no_control.md,.md,995,2026-02-26T23:25:22.728168,False,292dcc0652b2113db9c3ae2b4b90fd1fb39e8d980e5aaf29ed57d1f0c1ecd34c
evaluation/results/PHASE2_ROBUSTNESS_REPORT_test_semantic_control.md,.md,994,2026-03-01T23:48:32.420868,False,1d5c22bd624aae88ac811bc821dab4cff9458e3a2aafcf3b84cd12623312a709
evaluation/results/PHASE2_ROBUSTNESS_REPORT_test_semantic_control_kis2_u50_20260304_072214.md,.md,1173,2026-03-03T16:45:39.193367,False,c62ddf51706d3e0e0f82a652ce4179d7df1ef1bd8340274ebb4af51a81936975
evaluation/results/PHASE2_ROBUSTNESS_REPORT_test_semantic_no_control.md,.md,995,2026-03-01T23:58:50.932563,False,cc4530dd8c626633a7fff311d4bf02e4ced15e619023a730c5cd8e80616d8bb1
evaluation/results/PHASE2_ROBUSTNESS_REPORT_train_semantic_control.md,.md,994,2026-03-02T12:49:47.819861,False,314c4466ab44ef64e9bd9bbc7448faefcae8a0c413a7c137af8a3043f48d9485
evaluation/results/PHASE2_ROBUSTNESS_REPORT_val_semantic_control.md,.md,1009,2026-03-02T13:09:37.866724,False,c43add1b3664fcbbffa8676eee4a62d9121dca8eca957abddcf21d93a827a5b5
evaluation/results/phase2_robustness_results.json,.json,1119835,2026-03-03T16:45:39.192366,False,74bb0968de6dc7efee95f0e5cd59bf9d46feb01e7482d5d0dd81976a2cc9d3c3
evaluation/results/phase2_robustness_results_test_control.json,.json,561558,2026-02-26T23:54:21.533428,False,d33ebff62758d23917c845c0856d9cbe5f847cb0eddaeabb5da239dd16a694d1
evaluation/results/phase2_robustness_results_test_control_darbar_strengthened.json,.json,720597,2026-03-01T13:36:17.261951,False,a54989815a88688051e0b62e9e615c90443b32df818998f304ccf841869885e2
evaluation/results/phase2_robustness_results_test_control_learned.json,.json,719659,2026-03-01T10:12:48.513556,False,18867efec09e909cf8262008a87c63b6e4e0250d0ab3476abdfe6e53cd5b6f6b
evaluation/results/phase2_robustness_results_test_control_principle_activation_static.json,.json,827520,2026-03-01T17:36:44.982867,False,06cc4e524342977c4068314a3551257216c26775edf538ba55fa5034f631c764
evaluation/results/phase2_robustness_results_test_control_runtime_percentile.json,.json,720536,2026-03-01T12:58:55.366720,False,d1e5dcef72ed4182e3261014abab70799230eaf7a13ee1ae5797e51b33a711a6
evaluation/results/phase2_robustness_results_test_control_semantic.json,.json,837134,2026-03-01T18:42:30.474925,False,e9de364ec2b6328af8abb299e0dea14a5241cc6e59441cdabad262a8ae5e7a16
evaluation/results/phase2_robustness_results_test_limit2_kis1_20260303_091407.json,.json,279403,2026-03-03T09:14:00.654712,False,39cb6d7c3e6e5035da3c84d13e8b829fe272f2493eb3db12dff8cb958f55496e
evaluation/results/phase2_robustness_results_test_limit2_kis2_20260303_092203.json,.json,258491,2026-03-03T09:21:53.857218,False,41562d3e85ff7f1f023fa42b6ddfa46c65bc7363cce56f807b4cbc60d2844d42
evaluation/results/phase2_robustness_results_test_no_control.json,.json,563649,2026-02-26T23:25:22.724314,False,a43e2c31e066c3002ab720701acb5fe6b4ab9385a71b65d4866a66c5b0893fac
evaluation/results/phase2_robustness_results_test_semantic_control.json,.json,1029971,2026-03-01T23:48:32.419870,False,68d6924e3150df8747478128ca95c4e098104a98f7d1f002b52ffd9ee9f5717c
evaluation/results/phase2_robustness_results_test_semantic_control_kis2_u50_20260304_072214.json,.json,1119835,2026-03-03T16:45:39.192366,False,74bb0968de6dc7efee95f0e5cd59bf9d46feb01e7482d5d0dd81976a2cc9d3c3
evaluation/results/phase2_robustness_results_test_semantic_no_control.json,.json,939858,2026-03-01T23:58:50.930899,False,c3411c98e8a6008a45baf619cd330bac544fd03c149ec8ab4707f10f874ce86a
evaluation/results/phase2_robustness_results_train_semantic_control.json,.json,4203664,2026-03-02T12:49:47.816863,False,989736ac4c26066343c5781e935f0da75df4bc3260b05e36a3de85d9159fde62
evaluation/results/phase2_robustness_results_val_semantic_control.json,.json,1051854,2026-03-02T13:09:37.866724,False,71bbee22d45d8f63bdf44d7299dc9f6c2bb5e1591cdc8a058cc19204c3037f73
evaluation/results/phase2_test_diversity_20260225_011425.err.log,.log,4961,2026-02-25T02:05:04.339853,False,562faa9dfc76ffeec8f6c61e32565f79e7a60922ea0255e45a7fcd48b6116b94
evaluation/results/phase2_test_diversity_20260225_011425.log,.log,0,2026-02-25T01:14:25.905513,False,e3b0c44298fc1c149afbf4c8996fb92427ae41e4649b934ca495991b7852b855
evaluation/results/phase2_with_gates_test.err.log,.log,41311,2026-02-25T09:33:10.975848,False,fe9bbb7bdb7d621d54b0655a115239eb4e2db7190a3770c45f3baf2b77c2c1fc
evaluation/results/phase2_with_gates_test.out.log,.log,2217,2026-02-25T09:33:11.003837,False,545a4bb740ae33a887c69063f404180dae36456fe734c8de3e49e6351408e999
evaluation/results/phase2_with_gates_test.pid,.pid,7,2026-02-25T09:22:34.244827,False,e92692b7492e945fbb6183cfdcfeb64e70a6be69b2c7e18940fd88b3b6496567
evaluation/results/phase4_full_20260301_191218.err.log,.log,261432,2026-03-01T20:15:55.352684,False,e10dedc8d536cc6e25f8d2b1aa52bc2bcce4f8a39b3833a6f208b9e50b47cab0
evaluation/results/phase4_full_20260301_191218.out.log,.log,3132,2026-03-01T20:15:55.402640,False,cda71151142509daaf1eaf6ae9f8388d5a19f8df1422c57fe2d5213348658350
evaluation/results/phase4_full_20260301_191218.pid,.pid,7,2026-03-01T19:12:18.325608,False,ca693fe9006973410ddb32c9103db39a0a64c0d955be8452c914558e2defdfe7
evaluation/results/phase4_unified_full_20260302_144852.err.log,.log,282990,2026-03-02T16:24:54.483150,False,5efcd1f022fe8dd1d284482300feeee07fcb903e4f19359c4b131c8b2c5fcdf0
evaluation/results/phase4_unified_full_20260302_144852.out.log,.log,3775,2026-03-02T16:24:55.685081,False,472f151afa1fa09f5187605e66c145b526e2efd81cfa5f93570430e548a51377
evaluation/results/phase4_unified_full_20260302_144852.pid,.pid,7,2026-03-02T14:48:52.151242,False,0f9886217497d4cd67855b86abe017737b8eecbff4a6423452a3f1a62d6ba8e6
evaluation/results/reliability_phase2_council/reliability_phase2_council.json,.json,37206,2026-02-26T20:37:14.391001,False,11f206ce4ca44607876f54dc79676f741af4c43d8dac3f32f12d281328bdbe27
evaluation/results/reliability_phase2_full/reliability_phase2_full.json,.json,37693,2026-02-26T20:36:08.736366,False,03273013fde5b72e01bf28a59818a49945b359af4529462aca6512102c7cde92
evaluation/results/reliability_phase2_semantic_control/reliability_phase2_semantic_control.json,.json,12079,2026-03-02T00:00:12.647869,False,7ed65d4d7a2277bc06dc704650f503b76eaab36e7ebac46430c8d8ccc1ac9026
evaluation/results/reliability_phase2_semantic_control/reliability_raw.svg,.svg,5406,2026-03-02T00:00:12.646869,False,c6491b67ecd4f3a6153b4fc22975a93e699469913ede1d72f548c4c42700ad31
evaluation/results/reliability_phase2_semantic_full/reliability_calibrated_test.svg,.svg,4263,2026-03-02T13:10:02.597657,False,ae5cd9c665fdd6beab092db3c905e9082dda649c20c1a22b9f17a2622353eedd
evaluation/results/reliability_phase2_semantic_full/reliability_phase2_semantic_full.json,.json,38572,2026-03-02T13:10:02.598666,False,4fc1605562d018fc75b3ff953e165bcb31c83daeb1bfc1dfecdfaa401b79e6e7
evaluation/results/reliability_phase2_semantic_full/reliability_raw.svg,.svg,5671,2026-03-02T13:10:02.564582,False,99209fc1d87930086c2118d56165be09ecb7a95169ab97cdc34d3224c58685bd
evaluation/results/semantic_train_control_20260302_105120.err.log,.log,2713,2026-03-02T10:51:30.700727,False,801d4db6ad051281d1fcd9fab07d38323cbf212b97905b7620532bbb6f94b40d
evaluation/results/semantic_train_control_20260302_105120.out.log,.log,200,2026-03-02T10:51:30.702726,False,1aba157aaee60947ba99e34cf4ff93e6fd90fc8be4b7155b510748c2bde5bdae
evaluation/results/semantic_train_control_20260302_105120.pid,.pid,6,2026-03-02T10:51:20.078862,False,25e287784a6146219aecbee1638319cf4ad2d0e621242c22f4da97642d9f1e74
evaluation/results/soft_match_experiment_hard10.json,.json,9975,2026-03-01T18:02:29.560294,False,e91276d186f020f5a43a113bb0cd5cded7891329998a75b870d3568913455857
evaluation/results/uncertainty_analysis_council650.json,.json,11936,2026-02-26T22:54:43.232198,False,b53ca8dc3f8fb59ee666bb97dc416a13603fb097e4c98eb7d717a94c6f8e35a0
evaluation/results/uncertainty_analysis_council_latest.json,.json,28697,2026-03-01T06:44:16.356302,False,8434bd6761d49fc2be053d50a339443454aa3b03109f9a1fdc3061e01e2e1488
evaluation/results/uncertainty_analysis_full1300.json,.json,11939,2026-02-26T22:54:25.409840,False,5127c0cd545d7270119850fd2c3a96612f2ccc2951007cda45348db19caa68a7
evaluation/results/uncertainty_analysis_latest.json,.json,35370,2026-03-01T08:58:47.084131,False,3fdc9765b96703064f2dac2d8f1ccc5adba4a39eff203a8836c4e46785edec8e
evaluation/results/uncertainty_analysis_manual_h70.json,.json,34160,2026-03-01T08:38:10.397669,False,1408d355d6315ba58a31109a551e92e7a3e1ba2d915fb9bbedf83f5c045b7322
evaluation/results/uncertainty_analysis_semantic_control_q30.json,.json,35682,2026-03-01T23:59:19.063132,False,dd03d4d19be2556244736e26880e9837bbf9855b93a7e54ca3e20bfef29b5dcf
evaluation/results/uncertainty_analysis_semantic_full_q30.json,.json,36947,2026-03-02T13:10:04.936797,False,ab227d701d3f0d2590efd93b55be1c40e5f1099241edbcacd1628616db21a6d3
evaluation/results/uncertainty_analysis_strict_semantic_compare_semantic.json,.json,34043,2026-03-01T18:45:50.103415,False,84b24c9a68782c69998cec4cc223f53be0a53ec07d1aa8eba1eb7aec355662cc
evaluation/results/uncertainty_analysis_strict_semantic_compare_semantic_q30.json,.json,35542,2026-03-01T18:46:02.929851,False,c7ebb03572e7645c818726e097024077d49bfc1bf147fd4201540dda4325491b
evaluation/results/uncertainty_analysis_strict_semantic_compare_strict.json,.json,34100,2026-03-01T18:45:50.096325,False,f980f5911f00d15615e74f9c5b90aee425f11d19d155dc679f8bcfebfae64af2
evaluation/results/uncertainty_analysis_strict_semantic_compare_strict_q30.json,.json,34945,2026-03-01T18:46:02.903243,False,4c1c7fa644d333513f45de34615f7314842485e369026480edeb85a926d36fe8
evaluation/results/uncertainty_enriched_rows_latest.json,.json,1018214,2026-03-01T08:58:47.131495,False,c635d06dde7dd4686b06108af23ff361fb853008ebe9c387008598483c0ba54f
evaluation/results/uncertainty_enriched_semantic_control_q30.json,.json,164375,2026-03-01T23:59:19.074198,False,82e6e354968078574e5e58c5c4239b381789d0116a5a68864719c2b4c9df951a
evaluation/results/uncertainty_enriched_semantic_full_q30.json,.json,1041597,2026-03-02T13:10:04.977103,False,634a5482671ced35f18ea0d1ec89c71ed54369dc3272509adeeac5aa08b5cad0
evaluation/results/uncertainty_enriched_strict_semantic_compare_semantic.json,.json,164264,2026-03-01T18:45:50.111203,False,1aa2135d1b6fa955e810f22d141e2cc64750bb9e6dbf8de01000410f6325f6fc
evaluation/results/uncertainty_enriched_strict_semantic_compare_semantic_q30.json,.json,164228,2026-03-01T18:46:02.936821,False,d99f91a2dab0e58302598cf224a764ddab488645f55dae9f2db29bfbe7fbcb8d
evaluation/results/uncertainty_enriched_strict_semantic_compare_strict.json,.json,162433,2026-03-01T18:45:50.103415,False,6155bde95b5e907a651a8c93b360f950eb33500cc34ce6c74bdb9d55f3edd863
evaluation/results/uncertainty_enriched_strict_semantic_compare_strict_q30.json,.json,162358,2026-03-01T18:46:02.910774,False,f36e1755cf8243ca357ad0b2bfa9318372edb54c212742f852b54b7b9aaf4746
evaluation/results/uncertainty_m3_test_control.json,.json,11800,2026-02-26T23:54:58.763245,False,1ad5edbd1b0aec728957f6c427b3dd86aa3378e0beb7410118d540370d3d8ec9
evaluation/run_phase2_robustness.py,.py,120106,2026-03-03T15:12:26.091063,False,04f7f5e751e85db90f0f5c796fd9859712e08f88242da32ff0fa6b6663d5e8a6
evaluation/run_phase2_with_gates.py,.py,16089,2026-03-03T14:42:30.325548,False,953c81255d7276998780cec7a8a0198f16521543bb2bfb7d3c3e69205cb84f92
evaluation/run_phase4_stress.py,.py,4238,2026-03-02T14:39:39.657237,False,9675ea5dc5aa0fb1a75d5e784991e445302ead05f7a9a763bdc902245e0f3323
evaluation/scoring/outcome_scorer.py,.py,16040,2026-03-01T18:30:13.476267,False,d5d19b73fff4396577b110f844fcdd284cf70a63a8df3c2f46e1a57a0b9e6121
evaluation/scoring/regret_scorer.py,.py,4179,2026-02-19T21:33:24.410325,False,f562fafb2f9981f35f78435034464a2bf337dd595aad6e1af5d019db6cc0bdbb
evaluation/scoring/rubric_engine.py,.py,4676,2026-02-20T22:07:57.203505,False,c97eb4bbd8a25eab49954cb448d88e5360b451302c662f9ffefe61ad0da71079
evaluation/stats_engine.py,.py,16854,2026-02-19T21:46:41.985345,False,8cc83223e7d90ebcb93b99005ebe1c9042b22faa1b7495eda6b52a6183c61b6e
evaluation/train_kis2_reranker.py,.py,4079,2026-03-02T17:17:22.626428,False,4b22cb9837f585a1f32a98bb37b66f5890379651c9fcd3f2f49f6818772ab787
evaluation/train_phase2_gating.py,.py,9392,2026-02-26T09:51:44.447917,False,4725889e4cf705cf8bda0f9eb6e0abc7ced06f1fde75d293cc71eb6abdce05a7
evaluation/uncertainty_analysis.py,.py,61102,2026-03-01T08:56:35.513199,False,e3996367ce44cca0d0069121e6cd094578ee544cafa002b95c63afe0103056f0
hse/__init__.py,.py,674,2026-02-15T16:10:14.888375,False,629190f41b7f2fbf0d4b34aeb2a7bd67ebc1823bfd529c83046f01bedaf16264
hse/analytics_server.py,.py,1839,2026-02-15T04:46:52.982771,False,0e4b06d898121cab0a84bbf15471cf2ca28ce93010b5aa9ec7a526cc5a852f6c
hse/crisis_injector.py,.py,1938,2026-02-15T04:46:45.509289,False,39ff1c1c810b9150daf9c44a7af91a30e9513adbb1a605434ebb95b769047ad7
hse/human_profile.py,.py,2221,2026-02-17T01:48:22.811806,False,c575786faad97b8d95ddf0a4a215d345d7487d43415f91a7b8323e29ae858a3f
hse/personality_drift.py,.py,2705,2026-02-15T04:46:30.281279,False,7e862d195af366e3269b265d239e04a83e8f8cbdb6ee8fea7b6082e2232a8c64
hse/population_manager.py,.py,2499,2026-02-17T01:25:17.339893,False,7a67ed7902a4518f9726e8ad9890eb6d720753844a9721ce46541c756b36e855
hse/simulation/__init__.py,.py,187,2026-02-17T01:42:02.941373,False,b1a413d2e4a699dbff9b186f217e669edb9b933083ca60efd7400490765196fd
hse/simulation/bidirectional_simulation.py,.py,19764,2026-02-17T01:41:57.779094,False,03e68598440931a7df28c0f06832bc72823f00fb83f189f7adfab69e35515fe9
hse/simulation/human_persona_adapter.py,.py,1557,2026-02-15T21:03:03.621503,False,a8ae52b13ae0ad53c2c040964b779534ff54f6b25be35f4f34384d1fe41f0d05
hse/simulation/stress_orchestrator.py,.py,2434,2026-02-15T21:02:35.856106,False,8ab35ba9a85f179cd32f29d1a3bf5df7e0f216a8e06c4f6d5a4e680fbed0ec75
hse/simulation/synthetic_human_sim.py,.py,6793,2026-02-17T19:32:38.952665,False,b7a54af6ab726487cc408957ac10d1802539986848f4281fb8e76505c8d6b9a9
ingestion/data/combined_vector.index,.index,8144,2026-02-13T09:28:23.475513,True,224ba90844d07d84d17fd582ae159e579157d6c102ba15f0955dd32d39718d0c
ingestion/data/memory/ministers_index.json,.json,68,2026-02-10T16:30:25.572762,False,f6fa1f2c08f46c32cbe64c927ce650cbbb1b50c0306f74b0a143c820256bb886
ingestion/data/ministers/adaptation/claims.json,.json,279607,2026-02-13T11:04:08.697926,False,6cdd8941e31e8a0d4cba6c2f1b1927ea49e482919252629bfe4d34a88db85f4d
ingestion/data/ministers/adaptation/doctrine.json,.json,154,2026-02-11T15:16:56.241410,False,3a67c94e1b38c27e4d5837fb95f2b67f213ad6ccb5920fa33366ca162c4603dd
ingestion/data/ministers/adaptation/principles.json,.json,314509,2026-02-13T16:01:13.549800,False,8a00810c8b453410e8d12afb66037c959904efe4fd56b11d8327a0da34e195a0
ingestion/data/ministers/adaptation/rules.json,.json,329262,2026-02-13T11:04:08.502622,False,b7d463609d168ade6eec99676de0aa5589a970acde5319b3e587df394d0976c7
ingestion/data/ministers/adaptation/warnings.json,.json,307201,2026-02-13T11:04:08.846977,False,f0f67f6a4f00f32ab645a6118975d2e67c920be17d836be9f20962e36b7411dd
ingestion/data/ministers/Archetype Theory/claims.json,.json,177,2026-02-13T05:46:07.438353,False,f74ef3093bf10ae97611f42c25d61e0b7e6baee8e535a0a1b5fe304311d0574c
ingestion/data/ministers/Archetype Theory/doctrine.json,.json,160,2026-02-13T05:46:07.438353,False,9bce7ac8f180ee16b1162e913537fffb4e756f1e36c3b6b01212271ae9d9f6fc
ingestion/data/ministers/Archetype Theory/principles.json,.json,1306,2026-02-13T05:46:07.470855,False,8b188172b42a6befe2d8a7ad2e3244280c2be14daedd75a95cb080e6400ded4c
ingestion/data/ministers/Archetype Theory/rules.json,.json,1300,2026-02-13T05:46:07.514597,False,06c67c50ac97923e7356195bca1139d43c5a88cdc064178432a63bbdbad37164
ingestion/data/ministers/Archetype Theory/warnings.json,.json,970,2026-02-13T05:46:07.538088,False,4b5f0a470ed53a052e4d69a55bbabf28df9fd4eb887d3f46eee88fe7628d1cf2
ingestion/data/ministers/base/claims.json,.json,48528,2026-02-15T00:56:07.510943,False,d4f67cec88a4edfa12ca83e8fa23dd866508618dca3074c4b0756a6f08b6e6ff
ingestion/data/ministers/base/doctrine.json,.json,148,2026-02-11T15:17:46.879200,False,ca0dbb262c1897e490c5b109f93a8535fe75e15e44c73d10105f89d9b2a09710
ingestion/data/ministers/base/principles.json,.json,50314,2026-02-15T00:56:07.240610,False,46ede42390e2c19b9e69c5652a589d163e529c97d0d69574196ecc9edef5bce3
ingestion/data/ministers/base/rules.json,.json,53570,2026-02-15T00:56:07.380207,False,792b15891117bf4fff8e607cbaf546f51a0be0297c56d78d4a44ea3ffe69df8b
ingestion/data/ministers/base/warnings.json,.json,49221,2026-02-15T00:56:07.575027,False,0403360c76c1e94fc8b511d7e26561402f094759b78fd82dff25407daddc1b54
ingestion/data/ministers/Behavioral Finance/claims.json,.json,832,2026-02-13T15:03:15.576522,False,5c07e1825a2fd9c54a00ee5ac3d8bcc6ee889ee83e5cc5b4f868b8b45545eedd
ingestion/data/ministers/Behavioral Finance/doctrine.json,.json,162,2026-02-13T15:03:15.386776,False,e87595c7f5b70ec20d0f7659e2fc8acb136d480ce02df1db0ea1b3f6c6094e41
ingestion/data/ministers/Behavioral Finance/principles.json,.json,1102,2026-02-13T15:03:15.466786,False,5350a929d11a0b5ce6236c1467ed7c28f0b73cd0b3506c5cb9864ab3c9047d94
ingestion/data/ministers/Behavioral Finance/rules.json,.json,1059,2026-02-13T15:03:15.534504,False,68b41962caa2e45092684aebeaa08516b6514ddedbcb276c5ba669dc59ef4af2
ingestion/data/ministers/Behavioral Finance/warnings.json,.json,830,2026-02-13T15:03:15.616457,False,d3c9b7abf50a67583b426637e06353e7f4741100b63b347e11168b6a42cf788c
ingestion/data/ministers/Behavioral Psychology/claims.json,.json,927,2026-02-13T19:38:40.735311,False,e1cbea1688d01cb64fda8e06240f83976bf07b9478cdb047f79f29104586f6d5
ingestion/data/ministers/Behavioral Psychology/doctrine.json,.json,165,2026-02-13T19:38:40.490227,False,9415906c5f73f14cfccd2fc193d19467f04eb799bd9eed55586d461f55fdad70
ingestion/data/ministers/Behavioral Psychology/principles.json,.json,924,2026-02-13T19:38:40.574123,False,04b44a1c56d3458fa2917a5d4d4dd196866f28e8cfc32b374996c4f8734f4c3b
ingestion/data/ministers/Behavioral Psychology/rules.json,.json,896,2026-02-13T19:38:40.645800,False,9bc345e8b8567a9bd39d8225dc2285ce7352d548c5bf284d735e53cf3b8918d2
ingestion/data/ministers/Behavioral Psychology/warnings.json,.json,936,2026-02-13T19:38:40.856980,False,7b47fd2e1305295ddd8d7c886f7f23b18a74087cc7d1fe3819004984905126a7
ingestion/data/ministers/belief/claims.json,.json,609,2026-02-13T05:45:45.760581,False,1d87c28206005795feb6ccd9e5e7ff9644b2e00bb7fdd6d738813c49a198ab3c
ingestion/data/ministers/belief/doctrine.json,.json,150,2026-02-13T05:45:45.712121,False,110b0541a3a7d9005087fe5cfb49f4c9c64e0ab47e15e790f484995a436b54b1
ingestion/data/ministers/belief/principles.json,.json,610,2026-02-13T05:45:45.733082,False,78d7db0e27074ecc471d344b04a60cca1be9b02d733d033790fc34138813a6d9
ingestion/data/ministers/belief/rules.json,.json,622,2026-02-13T05:45:45.747479,False,eeb7bb4b1c8b2de21a94cad7482e337d29e874f9f35b0231272059869c7ef653
ingestion/data/ministers/belief/warnings.json,.json,610,2026-02-13T05:45:45.770202,False,51e15d9f29ddf275c50d0d7e5ef95f57a9616c8fe5281206e1b251816e31860e
ingestion/data/ministers/Books and Publishing/claims.json,.json,776,2026-02-13T01:14:07.131589,False,f3c73786259d55f38568d08a08343faeb52eaaec69ca1acb2b07b186405166d4
ingestion/data/ministers/Books and Publishing/doctrine.json,.json,164,2026-02-13T01:14:07.025230,False,4b8f17b57774043016f13dc793c40d3750fd8b9d83fd8e9f18c57cd4addb64fc
ingestion/data/ministers/Books and Publishing/principles.json,.json,797,2026-02-13T01:14:07.067065,False,ff6739db7c49da8963f61f50b0a515ee43fad731fd64d5361986c3983a0b8901
ingestion/data/ministers/Books and Publishing/rules.json,.json,799,2026-02-13T01:14:07.102837,False,b52840e8394fdcc655c7e69df45414afba75545b1eb45c156ec837328d0e5bc1
ingestion/data/ministers/Books and Publishing/warnings.json,.json,561,2026-02-13T01:14:07.147066,False,5b4fd2899323c9f49561109d2acf0c29d0396356afd97ac159d730f9a3e8a7f5
ingestion/data/ministers/Business/claims.json,.json,169,2026-02-12T20:32:42.273029,False,07d924cd1a7153dc18f581a97da44dd566433e700ce9e8d4e1f50b05ab563aef
ingestion/data/ministers/Business/doctrine.json,.json,152,2026-02-12T20:32:42.274002,False,28a70ffa942783a305096c756c8633ecb5c28212b29d8e137f4cddef254b9720
ingestion/data/ministers/Business/Finance/claims.json,.json,842,2026-02-13T15:03:15.778325,False,741991b1303763894216af2c4651152c834614c5f371a81f02f3d845c82df29f
ingestion/data/ministers/Business/Finance/doctrine.json,.json,151,2026-02-13T15:03:15.684560,False,cb47c2b4b38b15396d47cf2485883a77ee7b54aa125a7d11b234e0735c2931f8
ingestion/data/ministers/Business/Finance/principles.json,.json,848,2026-02-13T15:03:15.710198,False,b4863797a6378279134e9f555188e00a394757363d0a9845d85d33d283c2a548
ingestion/data/ministers/Business/Finance/rules.json,.json,828,2026-02-13T15:03:15.737496,False,a9612984a6d5464365566fa77967abb25af8b99b0de6101cadb78c8a3bf82efe
ingestion/data/ministers/Business/Finance/warnings.json,.json,874,2026-02-13T15:03:15.817153,False,36c98a333cc2d35abad48bfb3b7c1eec37720828ba630c852fafda689eeb68ff
ingestion/data/ministers/Business/principles.json,.json,173,2026-02-12T20:32:42.272063,False,2ce16b7afd48469a5427de17b1b963db4db4ab2df84acc06c74f79356d5cb524
ingestion/data/ministers/Business/rules.json,.json,168,2026-02-12T20:32:42.272063,False,aec2c1ee526225e88ff1a6f2db48a8a381c27ed06a5707ba5249584a421e6968
ingestion/data/ministers/Business/warnings.json,.json,171,2026-02-12T20:32:42.274002,False,64bcf8cf3b683cf12c2f5db0b2ef75763128cd3fb42931859b784a93e2258467
ingestion/data/ministers/Business Acumen/claims.json,.json,176,2026-02-15T01:25:36.871529,False,78498b2d667c2077d5e00e98261a6a7a40d363d42f5af46efda64a301d24899c
ingestion/data/ministers/Business Acumen/doctrine.json,.json,159,2026-02-15T01:25:36.872530,False,be45c1b4f67816673553d273b5f15fc893d90d7dd95a3ac21a2fa242c85d29a6
ingestion/data/ministers/Business Acumen/principles.json,.json,180,2026-02-15T01:25:36.870530,False,0a56d1717e174f3684e1784a8779779cc1eec80675036ac281a6d7d89e3a063d
ingestion/data/ministers/Business Acumen/rules.json,.json,175,2026-02-15T01:25:36.870530,False,141cc20ab81d4c1b8c1f75927970df226ab48b320f9f3ace795a6a7f3db9c0a7
ingestion/data/ministers/Business Acumen/warnings.json,.json,178,2026-02-15T01:25:36.871529,False,71213d131359579269e101d00ebd12ff16d9240055cae271dd26d9f926c0fa12
ingestion/data/ministers/Business Ethics/claims.json,.json,1124,2026-02-13T11:51:31.473701,False,7e4606ff87ae64057494a9b50f0b9d24ae4601ab56c9b59473f56e554c23e3be
ingestion/data/ministers/Business Ethics/doctrine.json,.json,159,2026-02-13T11:51:31.236933,False,636d2a7508caf5d924bbae29176ebc6a2174c0ce960b93aaa8a5bbc813319146
ingestion/data/ministers/Business Ethics/principles.json,.json,1259,2026-02-13T11:51:31.335828,False,1b28afb887c422390a763bb8fc294a733140c869fe1ebd9eb4dbb3ca9cdb1daf
ingestion/data/ministers/Business Ethics/rules.json,.json,1115,2026-02-13T11:51:31.393464,False,c5b5e2b2a3785ce09b5287155f8eae99bf63d906bb48acd858c3980006b16ab5
ingestion/data/ministers/Business Ethics/warnings.json,.json,1169,2026-02-13T11:51:31.533246,False,bcb384763665e57d06e8011b8559bbd877e433f22ea03c0ee7f7af396236c3a0
ingestion/data/ministers/Business Innovation/claims.json,.json,994,2026-02-12T20:33:21.194759,False,74d4789bac0d115cd9e947afdba2becf2dc73ae559715f6e19e59e0f08bce653
ingestion/data/ministers/Business Innovation/doctrine.json,.json,163,2026-02-12T20:33:21.150762,False,8143daec338e8acf87442a4f819f26df339f97783b45c3230ffd6b8f392eb5a1
ingestion/data/ministers/Business Innovation/principles.json,.json,979,2026-02-12T20:33:21.167761,False,dfe5b152a5a80725403578ca2aae1933d20765ebff9eca2c5d8043b685902413
ingestion/data/ministers/Business Innovation/rules.json,.json,977,2026-02-12T20:33:21.182760,False,f261e5335764c0b30bdcc329d0070455e658f701c9b67ab223ad3ab37ffbc610
ingestion/data/ministers/Business Innovation/warnings.json,.json,985,2026-02-12T20:33:21.220291,False,77f1cf6b9a7693bcaedc6543882fad24d6101d2b3f05090971bd2d2d6ff00ee1
ingestion/data/ministers/Career Development/claims.json,.json,820,2026-02-13T11:53:37.393485,False,cc06fd1b0b674e552538000b51751597e2d469ecd87a7232e0d06b33565398d1
ingestion/data/ministers/Career Development/doctrine.json,.json,162,2026-02-13T11:53:37.149122,False,e42d0faadcfefed007b9a287f526de28900a1e814906652bf666b8ff8d73e80a
ingestion/data/ministers/Career Development/principles.json,.json,1042,2026-02-13T11:53:37.260161,False,f9326017fcd6f5fd5c424d518c9edb7b4cd2dab827889ba2b56507ea560a7031
ingestion/data/ministers/Career Development/rules.json,.json,815,2026-02-13T11:53:37.331105,False,8933b7f79125ddc643f8f78fa36a3224a77e7ea006e6f73bdcc45b8491e35be9
ingestion/data/ministers/Career Development/warnings.json,.json,573,2026-02-13T11:53:37.426106,False,d7adefe7deffe077ee679bdf9a28e14365472c6aad3468888b820b95a8f8a81d
ingestion/data/ministers/cash_flow/claims.json,.json,830,2026-02-13T01:14:27.333842,False,97c9763dfa7c717c078eb7d6e0f0bdeb7260cf9c9c1ca55752765f864837f915
ingestion/data/ministers/cash_flow/doctrine.json,.json,153,2026-02-13T01:14:27.226269,False,c4f73d94daff15e7d8ad024f6b4282b0a69985601953034844f6ed41cfa37046
ingestion/data/ministers/cash_flow/principles.json,.json,865,2026-02-13T01:14:27.258900,False,3933a7217e6ca00b42a872aff08eadc7c168f50b23f59730e75e20f3a9b32076
ingestion/data/ministers/cash_flow/rules.json,.json,1391,2026-02-13T01:14:27.302782,False,5a00ed88731722a9a811ece45dc10e3b3ee41bf0713c3cf2df7dc8ff0d829577
ingestion/data/ministers/cash_flow/warnings.json,.json,1131,2026-02-13T01:14:27.376178,False,b73926b57bf457f8f57298f1e995c87185b9d686f10589d06f6766996d6810ce
ingestion/data/ministers/choice/claims.json,.json,813,2026-02-12T16:57:18.460281,False,acbb3a848798dca083256fb547a9933ad6e62e8bb64acb0bad7551ced6f4fc54
ingestion/data/ministers/choice/doctrine.json,.json,150,2026-02-12T16:57:18.375998,False,845b4f46a66f571282e7f1fea5715f8f63ab76a4499624e05d1935d4b9b37d06
ingestion/data/ministers/choice/principles.json,.json,848,2026-02-12T16:57:18.403949,False,00b0f202aa670e6d66dba6d74eaaee521dd1ac83a45dc3203a8fc1b8f329edcd
ingestion/data/ministers/choice/rules.json,.json,852,2026-02-12T16:57:18.433977,False,fefde70ebffeb2975525082cc7d586856af185b91e47b653031fae458221acad
ingestion/data/ministers/choice/warnings.json,.json,830,2026-02-12T16:57:18.492872,False,3cf021f65c7836b832c252adff6343947c9f1212f2484136aa7ed65d5cb41b1a
ingestion/data/ministers/christian_principles/claims.json,.json,525,2026-02-13T21:38:04.176685,False,40e5c2508753d6ab6edbfc22660a3e372c9c420b06fc95fbaa6ef0db7167ba8a
ingestion/data/ministers/christian_principles/doctrine.json,.json,164,2026-02-13T21:38:04.107336,False,5a0a626666ce1031f037f52645632cca01bfbc577f4baa35001c05baf98ed51f
ingestion/data/ministers/christian_principles/principles.json,.json,544,2026-02-13T21:38:04.122147,False,f683c3cd7e14b67a239aa1a8259bfde00604bd11ec4c52fdb091b142f7631497
ingestion/data/ministers/christian_principles/rules.json,.json,547,2026-02-13T21:38:04.144445,False,12eadbe408b9729adfa23d1298b660b03809a748952a989f2134d866745d7623
ingestion/data/ministers/christian_principles/warnings.json,.json,545,2026-02-13T21:38:04.200694,False,7b4445ab42aeb236218933525564cd601982d0801c58d2a685f15c86a9abb212
ingestion/data/ministers/Cognitive Behavior/claims.json,.json,660,2026-02-13T19:38:41.781587,False,26c29b105540b83103e46d753422dec7a0d9a3b3ef3cdd2ff631fa6447d1fa94
ingestion/data/ministers/Cognitive Behavior/doctrine.json,.json,162,2026-02-13T19:38:41.662820,False,2ba74688b1c35390beab13523dee4388fd37d50b6c90e1cfc8f72dc259b6d147
ingestion/data/ministers/Cognitive Behavior/principles.json,.json,676,2026-02-13T19:38:41.704780,False,d54cd14cb92910ae77aa681c26c1eb80607d7d3252d8fc020e97f2e042193094
ingestion/data/ministers/Cognitive Behavior/rules.json,.json,654,2026-02-13T19:38:41.741714,False,ba0b9323a9106283604457287935a90c75761b344524a365d5af0e9cb069489a
ingestion/data/ministers/Cognitive Behavior/warnings.json,.json,698,2026-02-13T19:38:41.791159,False,f1659dc372f190ae8dc1093ff4838be932493001f79765b18d3653444a927dd6
ingestion/data/ministers/collaboration/claims.json,.json,37202,2026-02-12T22:45:19.124626,False,fe42052db817610e773aab46c045a76e0600e8a3b84d32e076925067f04f493e
ingestion/data/ministers/collaboration/doctrine.json,.json,157,2026-02-11T18:01:31.579653,False,82b559ee79c74d47c198ed75237da3433b9bca52210b1c12a16301a3255b9bcd
ingestion/data/ministers/collaboration/principles.json,.json,38632,2026-02-12T22:45:19.041039,False,e844ac57e6024b70b8dfd58ffe596a1d2ff6728aec07f9e89100ef649768845e
ingestion/data/ministers/collaboration/rules.json,.json,40861,2026-02-12T22:45:19.095768,False,91d5b4565532bbbb8290d4f586693bf4fe10ae37003f0c1a0f45317049521254
ingestion/data/ministers/collaboration/warnings.json,.json,37070,2026-02-12T22:45:19.151553,False,726861c7da7d761d78a0eda8a2f138d9376babee39dc3e72eb6dcf4eaa81e796
ingestion/data/ministers/Communication/claims.json,.json,3525,2026-02-14T02:20:12.140136,False,24bb6ed50847b767160c8ff997d5a7448483561c4041f104c1f75fe9f5f978c3
ingestion/data/ministers/Communication/doctrine.json,.json,157,2026-02-13T07:46:54.229783,False,ce2866c637e6821c89ffa4020b530481c611e7cb3e3210b91c54f3716694d74e
ingestion/data/ministers/Communication/principles.json,.json,3788,2026-02-14T02:20:12.050603,False,07dcda8cc99c06aeef7bdf29799491eaa06c1cc3dfed36de935a5c994138689f
ingestion/data/ministers/Communication/rules.json,.json,3573,2026-02-14T02:20:12.088496,False,60d92c81eb16e5e0d8b19e19cd105ae9048165cd293de7fb3ed622c0d280860c
ingestion/data/ministers/Communication/warnings.json,.json,3866,2026-02-14T02:20:12.182997,False,75e22e1824277ec1a50b32c2fbc3ef953ea95632de12ac4bb723e1f0f55b104f
ingestion/data/ministers/Community Management/claims.json,.json,833,2026-02-13T16:45:28.431667,False,4433d871becd3959ead02b92ebfd99026e5313f14a8e1909e91dff9bd986e1e8
ingestion/data/ministers/Community Management/doctrine.json,.json,164,2026-02-13T16:45:28.338934,False,7888292a48307cc24e533551f0be32837d4affd288a30e2ba24cbf3aa52e09ee
ingestion/data/ministers/Community Management/principles.json,.json,808,2026-02-13T16:45:28.370255,False,c9510c2505391f25031baf5a996a09cce1b7ab46a30ed358a7afe7d28dba4419
ingestion/data/ministers/Community Management/rules.json,.json,825,2026-02-13T16:45:28.402259,False,83f65868a38f281d4b8c6652e69b8277c619ba3775f4e53fc602369195bb2baa
ingestion/data/ministers/Community Management/warnings.json,.json,823,2026-02-13T16:45:28.459906,False,599742edcdecbaa8b63569f0c6f1f4e6e137d518ab910577fb9e3e7bada7d821
ingestion/data/ministers/Compliance/claims.json,.json,553,2026-02-13T14:24:08.044562,False,f6ed3467a3662eca69990a3ce94aa64b067eb7c0b05a422c6976e07d3cb24cdf
ingestion/data/ministers/Compliance/doctrine.json,.json,154,2026-02-13T14:24:07.975918,False,7ff468d4b5fad6ec03e48ab8c463f9147a00d87a26d066c829360f0c5eb758b6
ingestion/data/ministers/Compliance/principles.json,.json,800,2026-02-13T14:24:08.007503,False,a7aaf7015916f19144ba7e1db48c354d8661dde6af8f3eabfd15004c616fa773
ingestion/data/ministers/Compliance/rules.json,.json,549,2026-02-13T14:24:08.026023,False,394e419c21bcb6c6cdf851e4d48257829c7429fb16b294db18ef1a3efcfac273
ingestion/data/ministers/Compliance/warnings.json,.json,549,2026-02-13T14:24:08.071882,False,4e5935b476998c74447521d2144a9f40e24897a31f8f7278d2a9c033aa61dba5
ingestion/data/ministers/conflict/claims.json,.json,181926,2026-02-14T01:23:11.055772,False,6242ece54870ec88a96e06520633b839bd41ed5263de1da4d52d1a06fce0563f
ingestion/data/ministers/conflict/doctrine.json,.json,152,2026-02-11T15:16:56.601698,False,476d0193313234e09dc3bbfa040e06b2b5e3a6995fb46a776e1d327c063176fd
ingestion/data/ministers/conflict/principles.json,.json,201086,2026-02-14T01:23:10.980976,False,26713a60312c33f697ab165ecfd452a1eca43479d0fedf0b2117fb23ec32f573
ingestion/data/ministers/conflict/rules.json,.json,213312,2026-02-14T01:23:11.011560,False,becfb53b81313424a1e7321896f2509f7dec2a080960f9743940d47d2e4dce17
ingestion/data/ministers/conflict/warnings.json,.json,205168,2026-02-14T01:23:11.087461,False,a2e143ecc68c88bad61b954c5b94019e1461fdcd17db6e4ec8420d03f101093d
ingestion/data/ministers/Conflict Resolution/claims.json,.json,2983,2026-02-13T07:46:54.564455,False,cdc19d7cdc11698949f5867a3d36d71c9c3246e245e0d03fee2e89267145a068
ingestion/data/ministers/Conflict Resolution/doctrine.json,.json,163,2026-02-13T03:27:40.265110,False,559f9861d152330e97061881a45626e3f76913fcd44e2af4c184a3693319d49a
ingestion/data/ministers/Conflict Resolution/principles.json,.json,2127,2026-02-13T07:46:54.481669,False,1d80a50b14d325f4d58a19d5df18d3202afd880121c03f23c3269ea8a12b65e3
ingestion/data/ministers/Conflict Resolution/rules.json,.json,3559,2026-02-13T07:46:54.522578,False,40b21b50f2ed1d7ee5f6003fb54a53df5dcd651770d2b744301293e5f4404cb5
ingestion/data/ministers/Conflict Resolution/warnings.json,.json,3596,2026-02-13T07:46:54.590417,False,625bb76bc10508e3a80a6d54b841f37f233905e4481962a45d8ae978c123a995
ingestion/data/ministers/constraint/claims.json,.json,819,2026-02-13T01:14:24.557751,False,a0b72e875bd1572c2d271525f7f165ffeba748add903a3e4e19c13f539b34cc8
ingestion/data/ministers/constraint/doctrine.json,.json,154,2026-02-13T01:14:24.475850,False,933fab41f7079f34eafe1bd146e9f3b31da058b358238dbb4f486e08fff591d4
ingestion/data/ministers/constraint/principles.json,.json,832,2026-02-13T01:14:24.497175,False,ed9ed4d9f51100b5d88a30b916419f09996a69f98b361268c57c02d812da0f0f
ingestion/data/ministers/constraint/rules.json,.json,854,2026-02-13T01:14:24.534858,False,039b2c12d6365de69a9e744d3f5113ae0ac37d45816419450cee671fe453e39e
ingestion/data/ministers/constraint/warnings.json,.json,826,2026-02-13T01:14:24.585747,False,f6a373bf9db41bd63b64d0ca3fced52b34535394b82c28f2ac9320cc4754ba5d
ingestion/data/ministers/constraints/claims.json,.json,242823,2026-02-15T00:56:08.126094,False,9bc758011fa1bca3428991ac5e190ea1e85f4773c75f45462435584e75db96aa
ingestion/data/ministers/constraints/doctrine.json,.json,155,2026-02-11T15:16:56.119583,False,c09f29c412cda12642dc4882b65c70d3d8675eb23335f9e1f5b4087cbb4d72b2
ingestion/data/ministers/constraints/principles.json,.json,261045,2026-02-15T00:56:07.778743,False,0c6d102b958be1d01124a4076eaa20630cd2af9b066995b1e9710d8dca175a6d
ingestion/data/ministers/constraints/rules.json,.json,288933,2026-02-15T00:56:08.009946,False,bb6f5913fc26564e1e4337aa71816b28ec1d88cab144884bb286c203ebdf09d4
ingestion/data/ministers/constraints/warnings.json,.json,269082,2026-02-15T00:56:08.265169,False,43575557734d6a8a352c4d2a214f879379b83bc0d6b9651d3c5bcafafbd2a966
ingestion/data/ministers/Creative Process/claims.json,.json,2288,2026-02-12T18:48:41.895656,False,072732328e1bfb51c6441821569e2a24929894049098bca79d7aca7653054cc8
ingestion/data/ministers/Creative Process/doctrine.json,.json,160,2026-02-12T18:48:41.682042,False,005471c8f2f4e7549dc89976542b20a1b597e5d8311c915c5ee4a9fbc08a60d6
ingestion/data/ministers/Creative Process/principles.json,.json,2673,2026-02-12T18:48:41.767667,False,ffce475f692bf8bdc3115275d79e06a66f9c08d62aa188b386632d5d624dd019
ingestion/data/ministers/Creative Process/rules.json,.json,1734,2026-02-12T18:48:41.823380,False,a87d0def26ad28992c7c13947477298c20166937e9c5eb0329197eb3b61452e6
ingestion/data/ministers/Creative Process/warnings.json,.json,1893,2026-02-12T18:48:41.952258,False,9d1edb14d499877f0df1de46229ee827aaea1b15565ff49cb5ab262810292aa7
ingestion/data/ministers/Creativity & Writing/claims.json,.json,1203,2026-02-12T18:48:44.063728,False,249f06c5abb03dc0b0f64e9b47710af13c632b0dfdaa8883652c8f559aec0d45
ingestion/data/ministers/Creativity & Writing/doctrine.json,.json,164,2026-02-12T18:48:43.886101,False,be16c53d3edbf29410697a250e92762199efb4320e87acdeeb8945f58b9edabf
ingestion/data/ministers/Creativity & Writing/principles.json,.json,1509,2026-02-12T18:48:43.960747,False,09c501386cfa19193a44759a96ba98e279de63c073370ab3a2b144cc6b7617ef
ingestion/data/ministers/Creativity & Writing/rules.json,.json,1242,2026-02-12T18:48:44.008260,False,2780513f125fe0bf7380f2eb2795f87643265969f3d047d62178a742c834d581
ingestion/data/ministers/Creativity & Writing/warnings.json,.json,1235,2026-02-12T18:48:44.118047,False,977d8d7f9670587bce14f507be4f5bee6f05f11b9e6970dbcaa3ba6750993fc5
ingestion/data/ministers/credibility/claims.json,.json,910,2026-02-13T08:12:19.001596,False,6c9d3a30e76e63954db33c561dad125847df8efbe5142dff71826574742abc30
ingestion/data/ministers/credibility/doctrine.json,.json,155,2026-02-13T08:12:18.933732,False,f732edd1183d6c108e2fa0b35727cab55dc65065eff953258c65d963d2ffcb67
ingestion/data/ministers/credibility/principles.json,.json,889,2026-02-13T08:12:18.953084,False,8b4c5ff65620f5c4ed604415012e6c34bfb21fa41d1a93422b25b11e595ced09
ingestion/data/ministers/credibility/rules.json,.json,1234,2026-02-13T08:12:18.983046,False,66f7eb769944b904966a3a2ff3cc15a79f8daf45e6edab24561308f1ae2eac96
ingestion/data/ministers/credibility/warnings.json,.json,1214,2026-02-13T08:12:19.038363,False,e243a2708b8acea4e55b87745887a6e9e044683a5ad35531d1ad929600d7428e
ingestion/data/ministers/Cultural Studies/claims.json,.json,177,2026-02-13T16:22:39.036397,False,2d7ce5592f13dc1cad295d0611ae9922db2a59eb7f4d338d9ced79382b95c522
ingestion/data/ministers/Cultural Studies/doctrine.json,.json,160,2026-02-13T16:22:39.036397,False,6de41630e4482894b689a79928e05186fda7b345caf62cad8277f48892b0352b
ingestion/data/ministers/Cultural Studies/principles.json,.json,181,2026-02-13T16:22:39.035390,False,672c640aa8079ff7e3f5f9b5d2680b2998804314f0e5277b16a80b3205892027
ingestion/data/ministers/Cultural Studies/rules.json,.json,176,2026-02-13T16:22:39.036397,False,7883729d8699ca9a5ff84605529e0e4ebd092e900794adb7780c820db23d2482
ingestion/data/ministers/Cultural Studies/warnings.json,.json,179,2026-02-13T16:22:39.036397,False,ec7997f2ca0bd1a5b2938ba4aa27c031ee154061fdbb6abd099ec58f2df64467
ingestion/data/ministers/data/claims.json,.json,82143,2026-02-15T00:56:07.159915,False,77b6a43c1244c10209f409e533d1953a2850e5f8c8c04d1790ebaff14aa6bcac
ingestion/data/ministers/data/doctrine.json,.json,148,2026-02-11T15:17:08.686498,False,d26468568d59b0c8507de7e4a94a942f397c49f9ba3a727ac3f56e4a0ef6b70d
ingestion/data/ministers/data/principles.json,.json,86351,2026-02-15T00:56:07.025920,False,89685aa9496bf902bc9ba8dc9bcb94bf7b1aec7390d5cbaa021ac9a087422830
ingestion/data/ministers/data/rules.json,.json,95639,2026-02-15T00:56:07.126612,False,9d0b2c52e7c690ea3ec669112ffa44828f1fbd37e4497fb9ee804b684fe3837d
ingestion/data/ministers/data/warnings.json,.json,87424,2026-02-15T00:56:07.231045,False,ba492e55b6fde8eaf632ea75bab817b6dbb616a3a7ef8f75a01f6551f6135a7a
ingestion/data/ministers/decision/claims.json,.json,893,2026-02-13T04:20:38.625759,False,5a7934b73493b8bf9b3bbe437d34acc1da1d57b86c001ac1c03b54e34e8b7ebb
ingestion/data/ministers/decision/doctrine.json,.json,152,2026-02-13T04:20:38.528661,False,ba6eb45e0fbba31e1e5d9cf8b853c845e5e66969063b7f2aa764cfda1d691575
ingestion/data/ministers/decision/principles.json,.json,885,2026-02-13T04:20:38.562615,False,28cfcb4d05b2a778da46d119012b7f09ef32d6636bbe4ba4f4f0d94b26c7b23a
ingestion/data/ministers/decision/rules.json,.json,883,2026-02-13T04:20:38.594820,False,40ae3c64a237872f17dbda0d6cd5c044077dfe5b179fd9073f5a70ba948ae3e5
ingestion/data/ministers/decision/warnings.json,.json,900,2026-02-13T04:20:38.660781,False,aa380b07b049dd66e39ae3e712a04df49e4e63831f520b6322655d7bfedcd6a7
ingestion/data/ministers/Decision Making/claims.json,.json,3440,2026-02-14T02:20:12.361405,False,b9056eabc4c19f1f99f2b582f5df674b4a4abc10c30a54ebebe6f94c114a6ee7
ingestion/data/ministers/Decision Making/doctrine.json,.json,159,2026-02-12T14:49:38.331509,False,d128c952bf1cd72fd6af0fefa5c9686054d262026dbd8d38ee8dee2ea2a80f26
ingestion/data/ministers/Decision Making/principles.json,.json,3991,2026-02-14T02:20:12.289787,False,800b8480ee0d3b6f88c7fabe249323359859dcfc32c65ebb7436c71eb0672283
ingestion/data/ministers/Decision Making/rules.json,.json,3545,2026-02-14T02:20:12.317793,False,2e5c87852b2fec267dc21983a92825a20bbca83e214fefc376eee3b6d0c964a7
ingestion/data/ministers/Decision Making/warnings.json,.json,3030,2026-02-14T02:20:12.398872,False,44961cc596419ec966294f0d9dc27184ba413eb4452a2abafd60bf5d07cd8fc6
ingestion/data/ministers/Decision-Making/claims.json,.json,811,2026-02-13T11:02:31.961766,False,3b9e598d2dd9ccee3623608c3e148966f957434fb6cf38e91f9c0238955209eb
ingestion/data/ministers/Decision-Making/doctrine.json,.json,159,2026-02-13T11:02:31.831250,False,90533a21bd583ef365cee886eb38d72907e1915f03dd59ce1e1138e032264190
ingestion/data/ministers/Decision-Making/principles.json,.json,772,2026-02-13T11:02:31.873761,False,3ceb223ee1b762cb4fa815ea45bfbd8fdbd2bc7c1d778825361541fc0b4e672c
ingestion/data/ministers/Decision-Making/rules.json,.json,800,2026-02-13T11:02:31.908764,False,9793ddef806f7b639d839ab707330d549b55b0e3027781714b35ec527032fc93
ingestion/data/ministers/Decision-Making/warnings.json,.json,784,2026-02-13T11:02:31.991280,False,d7446d59138c297d2e92a98a6996d1268efc156f3f99a9ff78037a7f3233ef5b
ingestion/data/ministers/Deep Work/claims.json,.json,795,2026-02-12T22:45:19.299795,False,a34fa40544b5ce1f913b539417419374b4b8f4c29594d18c1a4307901b232d0f
ingestion/data/ministers/Deep Work/doctrine.json,.json,153,2026-02-12T22:45:19.154554,False,44249ee82f13ee3a0768dc8f980b9e9b73606c45caee1c860aac89af9c95aa32
ingestion/data/ministers/Deep Work/principles.json,.json,1036,2026-02-12T22:45:19.208862,False,ad549de4fb7b8ed3072a03303edb7e3812df5afb448b961e739a31ff26298485
ingestion/data/ministers/Deep Work/rules.json,.json,1059,2026-02-12T22:45:19.261286,False,0448ff8fc79645475d8a6b8696b931047e2c0be14dc419c581278209aec0b3b9
ingestion/data/ministers/Deep Work/warnings.json,.json,790,2026-02-12T22:45:19.327818,False,d6414df4a8aee96d7c84733d22b5d1c7bf0d1099224697827068ace8eed7dd33
ingestion/data/ministers/Digital Preservation/claims.json,.json,838,2026-02-13T17:56:31.904928,False,82ab26b6bcb23fa199f2d5c3b6bea1013a383bd65eda6fccfc1a97cb41853625
ingestion/data/ministers/Digital Preservation/doctrine.json,.json,164,2026-02-13T17:56:31.748848,False,219df7b2efefd83d04e3da63332bfca827879ace3ec3929f0548e34f509fc784
ingestion/data/ministers/Digital Preservation/principles.json,.json,835,2026-02-13T17:56:31.788612,False,610fa558c88ba174a9b6bdeb14f8a5f74ba6b22a448eed89bb30199336b83a14
ingestion/data/ministers/Digital Preservation/rules.json,.json,1271,2026-02-13T17:56:31.864942,False,2b4597f6c5ec637eae2b331e4e1d0b4754cd5cddca48243a52451a174237a86e
ingestion/data/ministers/Digital Preservation/warnings.json,.json,1339,2026-02-13T17:56:31.979180,False,1e71f0fcfcc07af7598a6b7b10deb3ec52df79cf6c9dbf750439052240381785
ingestion/data/ministers/Digitization Projects/claims.json,.json,839,2026-02-13T17:56:32.126834,False,20d188322f6a0b4910c9f7b81ae87538f28061741144f5c496b2bbdd4302b7dc
ingestion/data/ministers/Digitization Projects/doctrine.json,.json,165,2026-02-13T17:56:31.982668,False,bf46fd8eb4a784b1f04e5644eac4fcf6320024374209e475dc4279f2f4840895
ingestion/data/ministers/Digitization Projects/principles.json,.json,836,2026-02-13T17:56:32.017400,False,3b6fda73494435329ff5e0f85c7933dbeb0a635f6fedd58ce4717a1007f4387e
ingestion/data/ministers/Digitization Projects/rules.json,.json,1272,2026-02-13T17:56:32.092216,False,8d500ec238fbd5c9ffcd1e42d7bd861314e52ef126a56c508efe4de8e62f15fe
ingestion/data/ministers/Digitization Projects/warnings.json,.json,1340,2026-02-13T17:56:32.201376,False,81b929d0287058d6f6fb123cf53dba8af1f6617d71f0c4af671e35cee7e0a082
ingestion/data/ministers/diplomacy/claims.json,.json,10342,2026-02-13T11:04:10.374831,False,5f05be8692b8597425507d17988bd04b14dcfdfa350a5dfa32bd5f12891ba757
ingestion/data/ministers/diplomacy/doctrine.json,.json,153,2026-02-12T06:09:06.844608,False,1846a01bd3c41e8eca39091f2cc959164c0fa6ed3831ece82d0e1cde7db7079a
ingestion/data/ministers/diplomacy/principles.json,.json,11422,2026-02-13T11:04:10.189537,False,7a9ed18cc82b1138c7dac846a14d302196ffbf1d0620dcfb1fc58710f9833135
ingestion/data/ministers/diplomacy/rules.json,.json,12932,2026-02-13T11:04:10.311295,False,c3ceb2badccec5b34523d51c00a01c520369bb85617985ecad0821ab052fccd4
ingestion/data/ministers/diplomacy/warnings.json,.json,12438,2026-02-13T11:04:10.386831,False,2bb91e94e5b84a11f257d3a1fc4b34b5f8359f2b7549ddf73c04ca21d9596584
ingestion/data/ministers/discipline/claims.json,.json,240872,2026-02-15T00:56:07.516367,False,0baeb22066a4e128bfb8e8c17d81ad74e782f555396c590d5644b48ee28682ce
ingestion/data/ministers/discipline/doctrine.json,.json,154,2026-02-11T15:17:03.439896,False,f219143896a2764d166637d3b48720f7788f6148bf708ad718e7ebf6d3bf7506
ingestion/data/ministers/discipline/principles.json,.json,269855,2026-02-15T00:56:07.288742,False,a71241a6c2294e7ff7c70aaaf7e7927a09b36112735dcf969fec576712c70e5c
ingestion/data/ministers/discipline/rules.json,.json,292083,2026-02-15T00:56:07.434252,False,7ceafb4cbb7984dd87a030a4e986dd9614ae84bfd98c2ee75616037f2b46afaf
ingestion/data/ministers/discipline/warnings.json,.json,263743,2026-02-15T00:56:07.615707,False,529efdfb3c44ce522b1dc5ac11dd4495070db8f6aae02c6a58f3fa63b4892d9b
ingestion/data/ministers/dream interpretation/claims.json,.json,1307,2026-02-13T20:40:58.473865,False,926e629eecbc787650a19b06c87fd3fac9d9eab312c05ba0aed6bda2975fa12f
ingestion/data/ministers/dream interpretation/doctrine.json,.json,164,2026-02-13T20:40:58.149030,False,5da794a73acd849f30d617388e63a5aa6bdebf015f1554ea9834cdedabde146c
ingestion/data/ministers/dream interpretation/principles.json,.json,1283,2026-02-13T20:40:58.291155,False,1bc72795ab7ea6431c5aa60d0785b79874e7231c53606f1800a0798f6a01ef32
ingestion/data/ministers/dream interpretation/rules.json,.json,1195,2026-02-13T20:40:58.380881,False,82e11e2876f5ddbcbeb5f6b559476e868fac98ccd53efc14939543b3270df135
ingestion/data/ministers/dream interpretation/warnings.json,.json,1250,2026-02-13T20:40:58.545121,False,71a5c5222c52f828bf55eedd3c8a2d69d7a7a1fabedeb2af70d2eb53cd2f8ea3
ingestion/data/ministers/Economics/claims.json,.json,884,2026-02-12T14:49:22.743762,False,6e06290eb005e24871b99bc900cc485f4ac02b4c3bd5bc7984a515b24e5d5f13
ingestion/data/ministers/Economics/doctrine.json,.json,153,2026-02-12T14:49:22.666582,False,35186de27ca922773180463921857ca272a5fec39ae8a3b0a8c17a629a655497
ingestion/data/ministers/Economics/principles.json,.json,883,2026-02-12T14:49:22.697649,False,c4955b4a206089844863df53d96ba4af3f18aaee07ab08ee3694adbd08d9f2be
ingestion/data/ministers/Economics/rules.json,.json,871,2026-02-12T14:49:22.717760,False,22e81714f752a3c2dd2d17410c0e1b69cb9ec7df6657f0545d7b9f1ad740a350
ingestion/data/ministers/Economics/warnings.json,.json,887,2026-02-12T14:49:22.773803,False,bcf5df9169ffee9ca246ebb11cefeb2867a884972bbca5abc90d850230d8fe79
ingestion/data/ministers/Education/claims.json,.json,170,2026-02-13T16:22:39.038907,False,c99db460d73c28bfda273ee5059217e2fd9013f12379ee6214ac2368f9023e0a
ingestion/data/ministers/Education/doctrine.json,.json,153,2026-02-13T16:22:39.039913,False,b9c7b67e5050ed33c59e8940064e39ba3d5a91bf51fa1f24a258c915cc9035fc
ingestion/data/ministers/Education/principles.json,.json,174,2026-02-13T16:22:39.037903,False,43bfe196c2e85170958e3ea51f8cd18cf43593bebe6b9210c6afd0dbfdb53091
ingestion/data/ministers/Education/rules.json,.json,169,2026-02-13T16:22:39.037903,False,dd6f491d4c79429a6813088e95382182e11e1b4204fc6ac9b12fa0cab06517d1
ingestion/data/ministers/Education/warnings.json,.json,172,2026-02-13T16:22:39.038907,False,11eddc24db9ee6ee31af550ae72d3c7ad27b409cc276d2841af31473dd2f152d
ingestion/data/ministers/emergency response/claims.json,.json,179,2026-02-14T02:59:40.927270,False,caf234fe520173aef7cda0e164b27f3d6a97fe25f98144cc8138a07c74c873ca
ingestion/data/ministers/emergency response/doctrine.json,.json,162,2026-02-14T02:59:40.928269,False,2c5f02a6bebdad9878a806a1ed65d93c9faf3e0215eafc0d16d23eac80edfc51
ingestion/data/ministers/emergency response/principles.json,.json,728,2026-02-14T02:59:40.950102,False,0e08fda3c92032dc384c7c65405503710dfab20430fc084de2cb5f9d2a6bc84c
ingestion/data/ministers/emergency response/rules.json,.json,1093,2026-02-14T02:59:40.983658,False,46e5328f927ad2a34595a1ea2f8b3cd5a358a47ceed77660705c0fcddfd3067d
ingestion/data/ministers/emergency response/warnings.json,.json,742,2026-02-14T02:59:41.002303,False,43fe644ca93aeece91efa0884e128e7c96716629f44924be67fa6bdf6934920d
ingestion/data/ministers/Emotional Intelligence/claims.json,.json,1467,2026-02-13T17:01:39.358221,False,19ed3606847cf1c76dd3700c3ddda95eee7065dd7bb927858a8676049c40a27d
ingestion/data/ministers/Emotional Intelligence/doctrine.json,.json,166,2026-02-13T07:46:54.593219,False,bb87607b0ee27b53344a387f251d3e6dad5e80d6692e84413f339f2d33d0c50e
ingestion/data/ministers/Emotional Intelligence/principles.json,.json,1705,2026-02-13T17:01:39.296160,False,857e0fd3fd0e2b15051e304db710d75beb85a4e5db4e37bdb284ff9686875637
ingestion/data/ministers/Emotional Intelligence/rules.json,.json,1728,2026-02-13T17:01:39.337017,False,142372e359020fb34c7e697429a0d23df1da91c80d7045c765ccf208c167e8b8
ingestion/data/ministers/Emotional Intelligence/warnings.json,.json,1758,2026-02-13T17:01:39.378907,False,844fd079f3ae7e088057b6c51d77f501d907ebd5b0dec17f09e5732fb5c8f3eb
ingestion/data/ministers/Entrepreneurship/claims.json,.json,896,2026-02-13T16:45:28.318827,False,b2efd7bb6d0c5a5d92ebf90f48a3f16c8f97f1f6d226139258ef19c1186b7f1f
ingestion/data/ministers/Entrepreneurship/doctrine.json,.json,160,2026-02-13T16:45:28.218017,False,9ff3a1183364f361d5259c8082806143b070f33122bc596a0693ecd22aaff88f
ingestion/data/ministers/Entrepreneurship/principles.json,.json,851,2026-02-13T16:45:28.253365,False,1843c2c32746ecf6ad392731ebf2cc81c212d2ffc5cbdebfb8760c326dc47ddb
ingestion/data/ministers/Entrepreneurship/rules.json,.json,861,2026-02-13T16:45:28.285961,False,df178814b55fb6f90aea0165ee8b477d25e3247c2f828a2754d202f306578799
ingestion/data/ministers/Entrepreneurship/warnings.json,.json,836,2026-02-13T16:45:28.335935,False,c907129ba3847c7c8b27ceb25d7469b54e266f9f5a68a997347865e270e3d059
ingestion/data/ministers/Environmental Sustainability/claims.json,.json,652,2026-02-15T01:25:36.951046,False,490b2fa3832bac9c98121c11b1f65f7c3b0f7c9b05fcdeb5e872a32f67aa55ad
ingestion/data/ministers/Environmental Sustainability/doctrine.json,.json,172,2026-02-15T01:25:36.873528,False,f5ce56734df5d968b45ecded796af1afe06d88cf79166ffc27f63c94048bb2ca
ingestion/data/ministers/Environmental Sustainability/principles.json,.json,939,2026-02-15T01:25:36.899793,False,ea223b6ca6a12d10b7070f0d5c51a8d1b9f73bb996c2a1097e0765ab1a8f8a42
ingestion/data/ministers/Environmental Sustainability/rules.json,.json,917,2026-02-15T01:25:36.935039,False,8478e4ebf5585e69a5965f8ed699429ab8752e85acdf3fe3460a4510becb102d
ingestion/data/ministers/Environmental Sustainability/warnings.json,.json,955,2026-02-15T01:25:36.983669,False,f9e1c708560284746db2cc19889ed9116f4a1fe9e7ed174f1145c03fc0d8808e
ingestion/data/ministers/Ethical Decision Making/claims.json,.json,860,2026-02-13T11:02:32.351786,False,380c033c34e10355bf2f946a50a019dfaa84bd9178bbb1ed314e2fa43cc2b8ea
ingestion/data/ministers/Ethical Decision Making/doctrine.json,.json,167,2026-02-13T11:02:32.209905,False,69962c7b88cd1b9b9bef2557ead3ad407f48f5c7cb61a7aa4558132ccb9aebe9
ingestion/data/ministers/Ethical Decision Making/principles.json,.json,782,2026-02-13T11:02:32.264770,False,4501b34ae189f3f7dff373d518992714ae9121b56a4c7f8abec54d2c1113b446
ingestion/data/ministers/Ethical Decision Making/rules.json,.json,563,2026-02-13T11:02:32.293784,False,36c0271db709feb20cc912328d7cb7cdfe9b1b01741bbb01d7e11c55918201f1
ingestion/data/ministers/Ethical Decision Making/warnings.json,.json,858,2026-02-13T11:02:32.391317,False,e8d7aa65eeaed5e30d5ce60b5494bfff53cecadc16ab2dd6e2590d361e05e71a
ingestion/data/ministers/execution/claims.json,.json,6717,2026-02-13T11:02:32.408963,False,fc4452607780a0bc682c60063584c20450f56d74e4242cb197d23b3308682d24
ingestion/data/ministers/execution/doctrine.json,.json,153,2026-02-11T15:17:26.964634,False,cb8a949730da0f7dc4d3ea7c1459acc549ef08dae61243af9fc36bb44999fffc
ingestion/data/ministers/execution/principles.json,.json,7144,2026-02-13T11:02:32.325770,False,9381bd15fde86e9ac6716c7272a5aeb537de591355904dc45a494e4bf86edf2d
ingestion/data/ministers/execution/rules.json,.json,6997,2026-02-13T11:02:32.378311,False,6abbb64c1e508995c63e87b866eac3103874e8b32adb1ac770979fccc267b5e7
ingestion/data/ministers/execution/warnings.json,.json,6627,2026-02-13T11:02:32.423952,False,118cfd49e9c509dfb87013e50a1f56f1e0d9d059c7fbe443d5e77d019d664683
ingestion/data/ministers/executor/claims.json,.json,42697,2026-02-13T13:25:07.150228,False,7cbb08ba47abfcef23375fdfecfc4991adde6b533416d0e27e690c358f1d40b7
ingestion/data/ministers/executor/doctrine.json,.json,152,2026-02-11T18:02:34.977334,False,2f1393c5dc825600336ba806f92fe76ff190426bcdfb10ec12499027821e8f15
ingestion/data/ministers/executor/principles.json,.json,44696,2026-02-13T13:25:07.122151,False,46fc2ae4f448f728107413208ff094e0b4abc5bb7a5c8015d2d1e471db81c1cc
ingestion/data/ministers/executor/rules.json,.json,48566,2026-02-13T13:25:07.138554,False,4e576562e40de5860ae3b39fa94bcf8799781ac968d583e3796eb0c496d692b9
ingestion/data/ministers/executor/warnings.json,.json,44376,2026-02-13T13:25:07.164965,False,26b73dc305c59501b444584bccf9a32c109f3bc1d4f16cd8fd32d013266c007e
ingestion/data/ministers/Existential/claims.json,.json,863,2026-02-13T19:12:58.702644,False,793ff8841592b0487917c51496b16836caebe89cd6a17821c1bd64398d88776c
ingestion/data/ministers/Existential/doctrine.json,.json,155,2026-02-13T19:12:58.615352,False,25d1fb3c19c8308c935bdcae99f24128ecbc66dccfedb3f521979358d92e6547
ingestion/data/ministers/Existential/principles.json,.json,876,2026-02-13T19:12:58.648072,False,0e649173335be994a5f8748485af396b257bf43787088628bc28a53f16ef7d5f
ingestion/data/ministers/Existential/rules.json,.json,891,2026-02-13T19:12:58.679045,False,ffffd22607bef56c52cf30a99acd7d0f88defa7d59768f70f86330a175376dec
ingestion/data/ministers/Existential/warnings.json,.json,888,2026-02-13T19:12:58.738578,False,b821eb2374ff59296ccc36c8e811d053b9e1cfc2a0b74f89ff5f9491643d810a
ingestion/data/ministers/Existential Reflection/claims.json,.json,1128,2026-02-13T19:38:41.865154,False,0ef414669b62a66cbf7b0320bcfcf3d7132f9cae8a0ca2073cd84aff2f6c8496
ingestion/data/ministers/Existential Reflection/doctrine.json,.json,166,2026-02-13T19:38:40.199826,False,13a702a4b2addac1609d9e8ed608b2b9c1d7d532f9ab3411f3734c6f5f8a1c03
ingestion/data/ministers/Existential Reflection/principles.json,.json,1128,2026-02-13T19:38:41.810961,False,5d2124e845ccf3f3af38a6dd49363e133cf870dee6daf4235cb126617fbce9e9
ingestion/data/ministers/Existential Reflection/rules.json,.json,1105,2026-02-13T19:38:41.847288,False,5b92b794bb6f3a8a0aca75954f11e925f732d5c50f983fe4116bcb1309c697ac
ingestion/data/ministers/Existential Reflection/warnings.json,.json,1161,2026-02-13T19:38:41.893236,False,f95c68325e99b68d245e56f31de14c93bdb1a6fb8a31e04c9a8a7b2be04f7fa7
ingestion/data/ministers/Existential Reflections/claims.json,.json,2295,2026-02-12T18:48:42.161264,False,cbdbe43b9496911a5412f46dd42c4b2cf6f686bae3ec6b3e8db8a422689931ca
ingestion/data/ministers/Existential Reflections/doctrine.json,.json,167,2026-02-12T18:48:41.956294,False,69cb51bba8e5762b41e0e16f3d0f4a01fdaa9d42c702816ce652feb756c0f9b9
ingestion/data/ministers/Existential Reflections/principles.json,.json,2680,2026-02-12T18:48:42.049515,False,06c58853292b9bcfeb346342f79f61f4707b5a7dbf87b4e03009e93d1dc7a36a
ingestion/data/ministers/Existential Reflections/rules.json,.json,1741,2026-02-12T18:48:42.100151,False,e9f0c760b6f17e78527f152c8508a8de1584a14f95bb3168039b33a2de5b9fc6
ingestion/data/ministers/Existential Reflections/warnings.json,.json,1900,2026-02-12T18:48:42.205040,False,87c5a3a7430d80c7df7c604152d31059afb340f88dc2b76ac55a603c661687e2
ingestion/data/ministers/finance/claims.json,.json,5967,2026-02-15T01:25:36.955296,False,46fb817ea2a5724f22739a9bbd4b19a1d19a2911e69e9f4294fe2cb22e20d1e9
ingestion/data/ministers/finance/doctrine.json,.json,151,2026-02-12T12:12:08.599297,False,8401235dc679266358909fd4e9658facca9495187cedfaf91ae39ec9b5698bc4
ingestion/data/ministers/finance/Economics/claims.json,.json,602,2026-02-14T00:40:44.884782,False,a76e8e29ab7b476448b223746f6c56d0459978b3e21539d15ff305f45b19ab6c
ingestion/data/ministers/finance/Economics/doctrine.json,.json,153,2026-02-14T00:40:44.850392,False,35186de27ca922773180463921857ca272a5fec39ae8a3b0a8c17a629a655497
ingestion/data/ministers/finance/Economics/principles.json,.json,174,2026-02-14T00:40:44.847594,False,a4df73a533c080d82460df47bea5114f4ddb866740ca3b2fc86645f6508f5e5a
ingestion/data/ministers/finance/Economics/rules.json,.json,606,2026-02-14T00:40:44.867219,False,9ac3859f9732aacc3b56835f2055f9a9afedda48653a3f17c5a758169de31af4
ingestion/data/ministers/finance/Economics/warnings.json,.json,920,2026-02-14T00:40:44.917971,False,f20bb47c98dab6607416afb420f9da536058e7f371d75e4ac64c2281dba13143
ingestion/data/ministers/finance/principles.json,.json,7548,2026-02-15T01:25:36.904803,False,16fbeb2ca1ae2ad424cc2f0c3556b85c078afbe302f64754c201c94e59f451f9
ingestion/data/ministers/finance/rules.json,.json,6678,2026-02-15T01:25:36.936040,False,b4c69c8adcb1ec7752cf256500eef9ae1c818ec8bc3dc3f90588cdcbe0f757f4
ingestion/data/ministers/finance/warnings.json,.json,5652,2026-02-15T01:25:36.997669,False,5c877efb5f15a196cdbce9fa975af2340003050a5dbcfb15d3d5dd2cab7adc42
ingestion/data/ministers/Financial Management/claims.json,.json,881,2026-02-15T01:21:49.335682,False,136d09d13b4122b3a343b3d616917e7a37c84d52a6e0d801f912313aafa70a3d
ingestion/data/ministers/Financial Management/doctrine.json,.json,164,2026-02-15T01:21:49.236338,False,2f0ddfada7a27aaefde3ceae716f5dd92ffea0000414b5af81994d4b268c86db
ingestion/data/ministers/Financial Management/principles.json,.json,858,2026-02-15T01:21:49.268466,False,b7daf3d122369c9d3adc5cfe588f5cc89d0e1c719469fb3a02e4fceadaf4ff4c
ingestion/data/ministers/Financial Management/rules.json,.json,872,2026-02-15T01:21:49.301020,False,4476fc8c968572256969b2a4b30460e8e17e0957a0a43e51c94ce3ab04ac0de8
ingestion/data/ministers/Financial Management/warnings.json,.json,909,2026-02-15T01:21:49.360745,False,62985312601c1d0326488f9e6f3b576eb920d793ec16f6b269a8ce76eaf2886c
ingestion/data/ministers/Financial Planning/claims.json,.json,179,2026-02-15T01:25:36.873528,False,4548b0227c6ddd5e4066f2744f6bd40dbce029f2599686f70f19afa6a90b94f7
ingestion/data/ministers/Financial Planning/doctrine.json,.json,162,2026-02-15T01:25:36.874527,False,1eb3c27d87a59f7279c8f8a44286e9fe8c2e9353835275bff137ce81d9441eee
ingestion/data/ministers/Financial Planning/principles.json,.json,183,2026-02-15T01:25:36.872530,False,45aa2d0a5b78d69cca4b0218bcd07405bb899433d7d242ea13df273e0eb5f7dc
ingestion/data/ministers/Financial Planning/rules.json,.json,178,2026-02-15T01:25:36.873528,False,fc212b9c9d4b63d1cb15aec8f6b9be7d7040e23952b21a39d0029f92c8ba6340
ingestion/data/ministers/Financial Planning/warnings.json,.json,181,2026-02-15T01:25:36.874527,False,124d8723e9e173c69ef9c8aa70ee3c4d2c0f7da70c9c73c3c4465ffd01a555ad
ingestion/data/ministers/Generosity/claims.json,.json,800,2026-02-13T21:38:04.223242,False,221000d49687cb4e5a1666b06695dbe4871f8b8ad2c5077ab9c04b289781c3aa
ingestion/data/ministers/Generosity/doctrine.json,.json,154,2026-02-13T21:38:04.107336,False,2cb4990bf4d89a97dea01084d1ed0693ba71716b5a56558569248bfb74f6c2be
ingestion/data/ministers/Generosity/principles.json,.json,792,2026-02-13T21:38:04.155704,False,54fb0d2ab0e0367e2f4718dd24938075b026dd811b18c3964d5ba4bd171b6058
ingestion/data/ministers/Generosity/rules.json,.json,787,2026-02-13T21:38:04.200694,False,5a8157ab8d154e6d125b54a2115c8c03939bc4693426abca746a3d7bde0900a9
ingestion/data/ministers/Generosity/warnings.json,.json,803,2026-02-13T21:38:04.267016,False,e5755a1749a20adb29862f240881ecd72ed4bbe20d21d4f2f95714be36a96fb4
ingestion/data/ministers/Giving/claims.json,.json,796,2026-02-13T21:38:04.447778,False,7e352d203782b5bff276f9c44690ba76e3a5dd2b7c0e04b0a6c945d6ff7fe6f4
ingestion/data/ministers/Giving/doctrine.json,.json,150,2026-02-13T21:38:04.281283,False,076fa6009895a0ce6b7a1f4c341d7ada1e8d1e57b892f93d6bb78acf9db14b16
ingestion/data/ministers/Giving/principles.json,.json,788,2026-02-13T21:38:04.328477,False,f07500671dbde19eec6697bee1b4597f73cdecff82c384f385aa1766b343547a
ingestion/data/ministers/Giving/rules.json,.json,783,2026-02-13T21:38:04.384431,False,60d19e7afa87cc013b5ac55973d33f9de81eef792296ef8a4ce4289de1d49670
ingestion/data/ministers/Giving/warnings.json,.json,799,2026-02-13T21:38:04.497864,False,d3b6f4fb7abed65732de6438d5e59dbf73219570f0245abeec81f27bca00d33a
ingestion/data/ministers/home ownership/claims.json,.json,1268,2026-02-15T01:25:36.893046,False,2c73dd61aff83f03abdb7f8ad81fbbaa33528395947dc476301a0e9805b01325
ingestion/data/ministers/home ownership/doctrine.json,.json,158,2026-02-12T12:12:08.763281,False,e211a5a9e03a9e880430fde88ca9607d0572f2a2bb32779d12900a4f4f5cba1a
ingestion/data/ministers/home ownership/principles.json,.json,1760,2026-02-15T01:25:36.880534,False,8f57fbf7b11c738b88e4dc56afff5515d7f793a32b84267afe7ffbb69b3111a4
ingestion/data/ministers/home ownership/rules.json,.json,1247,2026-02-15T01:25:36.890038,False,4ddd835ed5b3becdaef4977ae8bc82f2606bf80845784e7a66984099f4f0945a
ingestion/data/ministers/home ownership/warnings.json,.json,1007,2026-02-15T01:25:36.902804,False,16363013bf903f5cd545108abc665123a3a9e6b6ce5d737372b347400e97f253
ingestion/data/ministers/Influence/claims.json,.json,552,2026-02-13T14:24:08.336140,False,0486be26ee8e3ed5bdb7b91bce072430d87791ab6e8efcaacf5bef69ca9e9800
ingestion/data/ministers/Influence/doctrine.json,.json,153,2026-02-13T14:24:08.139853,False,af45f02076d3d4ba790a3f64879d8388277cebdaade21336eac2164c983295ca
ingestion/data/ministers/Influence/principles.json,.json,799,2026-02-13T14:24:08.220854,False,e06eebe8bfa5c1ab06c669b54b15d8a6e53ac147ab2189d13f799bd849e016e8
ingestion/data/ministers/Influence/rules.json,.json,548,2026-02-13T14:24:08.295632,False,43396d1e3abf8d32ae61b5e3679a41efedea86c41b48dc44d4ff4f2461161c09
ingestion/data/ministers/Influence/warnings.json,.json,548,2026-02-13T14:24:08.384141,False,5773cad3da595244c1043450e630b63ef3e9d59f43d7c88000fd60b8c2e7f5ee
ingestion/data/ministers/Information Technology/claims.json,.json,772,2026-02-13T17:57:03.444706,False,dfa01d17ec7b1eac91bfdaf0d970ae5ab38d9aa6923adb6d4227c9517388b643
ingestion/data/ministers/Information Technology/doctrine.json,.json,166,2026-02-13T17:57:03.370156,False,04ebbe96f9e6c5c9109c5aa12093177838c91a32443581de86e6e953af52584e
ingestion/data/ministers/Information Technology/principles.json,.json,539,2026-02-13T17:57:03.380510,False,ca2930d7ede9b4596adffabe3246c02ffdb79e95064fa5d9201c5c7f96eea6dc
ingestion/data/ministers/Information Technology/rules.json,.json,985,2026-02-13T17:57:03.418774,False,68b09d8cc5f2441b9cdde1c5af8235c752c0ef72dfa73ae25896758c13411eaa
ingestion/data/ministers/Information Technology/warnings.json,.json,772,2026-02-13T17:57:03.475421,False,4b13b814f646617ad9cccf3d0516437c9142506e9b3b891638ff4b7c3ca2055c
ingestion/data/ministers/Infrastructure Development/claims.json,.json,650,2026-02-15T01:25:37.059219,False,be3a005a845c9751cae5f2c715b6a52c619c4db57a4bb057c8a9359774500cd3
ingestion/data/ministers/Infrastructure Development/doctrine.json,.json,170,2026-02-15T01:25:36.986667,False,4efba162b119128db09fdc8ea0fc8be4ecb6782a9b9125701f503280f882edec
ingestion/data/ministers/Infrastructure Development/principles.json,.json,937,2026-02-15T01:25:37.019972,False,fb38d37afe34d9857e3a5f4378bdcecbdb7e11e87f04ad6844e35ee078b43e93
ingestion/data/ministers/Infrastructure Development/rules.json,.json,915,2026-02-15T01:25:37.045700,False,9de0b276a03a6079f51f89a7eba27c992113d9c019329ee10578975ab7a590a1
ingestion/data/ministers/Infrastructure Development/warnings.json,.json,953,2026-02-15T01:25:37.090531,False,89a4f14357015d3d51a9297ba74c2eb3293317e89278ff8468e2718ee6a10c2e
ingestion/data/ministers/Innovation/claims.json,.json,715,2026-02-14T02:20:12.047082,False,b29fcbdbdc916caa826aa7f5f7728d034792f41760e8e1b1a6867733940ac7fc
ingestion/data/ministers/Innovation/doctrine.json,.json,154,2026-02-14T02:20:12.020807,False,6fc5492b4450fabd703192f913e124b2cfab705e949cab3c8ea1495a2c6e0b0c
ingestion/data/ministers/Innovation/principles.json,.json,701,2026-02-14T02:20:12.029199,False,c2420f9873397bba47ac21ef1bcee561f48b1d443835c97640ce4695a7ef4770
ingestion/data/ministers/Innovation/rules.json,.json,705,2026-02-14T02:20:12.037200,False,1abeefc8b2560c5a55490c2e44501e87927ec734a19082407e9259ce4a79960f
ingestion/data/ministers/Innovation/warnings.json,.json,715,2026-02-14T02:20:12.059206,False,7f0b7c41a060d8c40a5c77e424aad3df6ab5615e5b70156fa8e03dad07667bf2
ingestion/data/ministers/Interpersonal Relationships/claims.json,.json,906,2026-02-13T17:52:12.993002,False,acd74d214c965016963fc0c5ad0e06858887a547c55148dc2b891430dc51d289
ingestion/data/ministers/Interpersonal Relationships/doctrine.json,.json,171,2026-02-13T17:52:12.877381,False,0ed0ffa30f7378f192a48131994b432c1f5692403423324099966c5dbf10a3ad
ingestion/data/ministers/Interpersonal Relationships/principles.json,.json,895,2026-02-13T17:52:12.914533,False,78856b4737ea74aaa31b1ffca34d8114e460cbb22d3c47c96ca6c7259b54f594
ingestion/data/ministers/Interpersonal Relationships/rules.json,.json,859,2026-02-13T17:52:12.953440,False,0268da702cf1f1cd2a52e4b5f365b10d1c9a726cdc149cb7f6c0915946f5cf85
ingestion/data/ministers/Interpersonal Relationships/warnings.json,.json,928,2026-02-13T17:52:13.030005,False,c0061d20521ea6346dc6f2385ebad751789684f678975f0562401e5a3ddb759b
ingestion/data/ministers/investing/claims.json,.json,1296,2026-02-15T01:25:37.050703,False,1d311d05fb793e152d5aef824c477ce9fcf3908a791384bfcdcdaf16f5de44d9
ingestion/data/ministers/investing/doctrine.json,.json,153,2026-02-12T12:12:08.927380,False,be7ff8dbbe36082afafbd1bef06990b5123424b2397be4bd9cf98fe80c5c795c
ingestion/data/ministers/investing/principles.json,.json,2051,2026-02-15T01:25:37.025685,False,c2359ccd96ad6ac1c1c8efd7040282cc3eda6f101946fd345280f20fcb4a64f5
ingestion/data/ministers/investing/rules.json,.json,1533,2026-02-15T01:25:37.044700,False,d07a083a69e56cac9fdc85cf8971e4866679ae2bd0a1fa603b29746367c7a9d2
ingestion/data/ministers/investing/warnings.json,.json,1267,2026-02-15T01:25:37.065528,False,6faf67aa471a541b5343fe2f5f0db9427d7e1889f66d2e7e40d5488c276a83d6
ingestion/data/ministers/Investment/claims.json,.json,1228,2026-02-13T15:03:15.615910,False,faada8e29c2e17db89f75fc5c1b72e6ae0e8525da306eec764628dbb41d4973b
ingestion/data/ministers/Investment/doctrine.json,.json,154,2026-02-13T15:03:15.392230,False,77980ac1ba0f846a0e86949102395ac189581ff6bd6337eaf0aa55e272435bda
ingestion/data/ministers/Investment/principles.json,.json,1134,2026-02-13T15:03:15.467318,False,c926bd68a1b188b098bb9bc66d8fcdbb20068a3c73b899cf60aa1595fc9fac03
ingestion/data/ministers/Investment/rules.json,.json,1097,2026-02-13T15:03:15.543619,False,c54de7e4020c5886ca02d29507e67b39c135068b4a393a9354d2956e7a6e3095
ingestion/data/ministers/Investment/warnings.json,.json,1212,2026-02-13T15:03:15.668752,False,9f2b3691b0d814fe65bf9d683ea1ab3a0b2094ba303bc638094334cabb1e1723
ingestion/data/ministers/Investment Strategy/claims.json,.json,833,2026-02-13T15:03:15.736937,False,a9498fcac85ac4d8055b9102f09041d7bf7a6beb54f706e002ea1b5c7cce386f
ingestion/data/ministers/Investment Strategy/doctrine.json,.json,163,2026-02-13T15:03:15.619461,False,b09eeb25906e0d762880bcfd2d2132aea098bf5c585291fb17f06f17a8b10774
ingestion/data/ministers/Investment Strategy/principles.json,.json,1103,2026-02-13T15:03:15.668752,False,55617d60a9fe1cb12aa7614a2b3403d49e2fab58b10b66463cf787c802258df8
ingestion/data/ministers/Investment Strategy/rules.json,.json,1060,2026-02-13T15:03:15.698059,False,600015989b3b4e50392642ecb3d61e1b70a5f7042e946e7c89a2f3214379bdcd
ingestion/data/ministers/Investment Strategy/warnings.json,.json,831,2026-02-13T15:03:15.777783,False,82eeb071d0aa86475740494a5a620baa1e7c2f2c201337859198be4d94b7bcf2
ingestion/data/ministers/Knowledge Dissemination/claims.json,.json,841,2026-02-13T17:56:32.356250,False,7d4cfa15cdc53877201d985f5907243c2a16fd3c650030f924a9ac86a509bad3
ingestion/data/ministers/Knowledge Dissemination/doctrine.json,.json,167,2026-02-13T17:56:32.204383,False,049c7477b0e4e77c959bf23c30e06f71d86f2cd89f3edbb30024a5ecfb83cdc1
ingestion/data/ministers/Knowledge Dissemination/principles.json,.json,838,2026-02-13T17:56:32.243253,False,0385c17a09f43359d8e8b681c2d3b3c07360f267760d969a949d58b3c34d0ce5
ingestion/data/ministers/Knowledge Dissemination/rules.json,.json,1274,2026-02-13T17:56:32.319565,False,d0d96eaf9d442c3285af8c00ce5672fb99d62463c7a47c93282c3ff1ae2d7f9d
ingestion/data/ministers/Knowledge Dissemination/warnings.json,.json,1342,2026-02-13T17:56:32.434935,False,6aefdd0d96f99745b6ad5d73496773afb46c1e6c95087a210146c99c68292f7f
ingestion/data/ministers/Leadership/Behavior/claims.json,.json,881,2026-02-13T15:03:15.668752,False,51db612f9107e6007fa70044447bf546e60be4a7c89b03a68fa1a7c9cd9b4109
ingestion/data/ministers/Leadership/Behavior/doctrine.json,.json,152,2026-02-13T15:03:15.550009,False,96a2143701a2e62bd1d132494570a3e37f49bb0b1cde3b8d1f695f614ac6be81
ingestion/data/ministers/Leadership/Behavior/principles.json,.json,827,2026-02-13T15:03:15.589665,False,07f8bfa34346db99b66da53b89a96d88a5514fb7569686e678814985eb8f0506
ingestion/data/ministers/Leadership/Behavior/rules.json,.json,849,2026-02-13T15:03:15.637464,False,35f532dd07d5a23e52ab0cafbadb817bd98746798ff36b73cf2b7b6ce87299bb
ingestion/data/ministers/Leadership/Behavior/warnings.json,.json,851,2026-02-13T15:03:15.689060,False,6fca34b80461ea2327e1d8015b02566e602ca7b8ba49821d4d3c8fe33bda3568
ingestion/data/ministers/Leadership/claims.json,.json,4150,2026-02-13T19:38:41.260907,False,388b1995f3c0d20f9ea20d654c3dd417787cf00f62c6863f32d39e2df411c251
ingestion/data/ministers/Leadership/doctrine.json,.json,154,2026-02-12T16:57:37.652827,False,a8ca660157bcdd3b8c621a37a9bfacf199210534d3b4f6fb40e5cacadec66d10
ingestion/data/ministers/Leadership/principles.json,.json,4997,2026-02-13T19:38:41.028309,False,a7574644a26ad53c9952cfd3d0c504ba48d97b314dd534f642bf8cfeeb8a0a9b
ingestion/data/ministers/Leadership/rules.json,.json,4594,2026-02-13T19:38:41.155819,False,6717a55aab089fa869f44c4b8ed9ab9178917098a7646c9eb34a86b32113a1a0
ingestion/data/ministers/Leadership/warnings.json,.json,4153,2026-02-13T19:38:41.316327,False,414d71633a5743055a94811d60b09163a2535561cca9572561b2280f7ccf70f2
ingestion/data/ministers/Leadership & Strategy/claims.json,.json,834,2026-02-13T16:22:38.531290,False,4ff13bc5bd7dba58d5def212298894e5b66e6ea6a9d6ae14f1351cf5a4a741ab
ingestion/data/ministers/Leadership & Strategy/doctrine.json,.json,165,2026-02-13T16:22:38.271874,False,34d6099d42ca60d71b041694c61352ae0cdbbfc85a7decaa6ea9979bb647f968
ingestion/data/ministers/Leadership & Strategy/principles.json,.json,838,2026-02-13T16:22:38.376076,False,8364dac8cbd02baae2e313ebe15dfe02b8366cbece10ed48ffa0315c09255048
ingestion/data/ministers/Leadership & Strategy/rules.json,.json,819,2026-02-13T16:22:38.433903,False,f8e5efcdda5be94de1503a6b13c7b4098a1b45ed943823d09749602ad7d78ce2
ingestion/data/ministers/Leadership & Strategy/warnings.json,.json,849,2026-02-13T16:22:38.596000,False,9ff90ccdf6062dc1186ab05c40fd595c54ae2b9fd99130a5d317db9cc5a49e5f
ingestion/data/ministers/Learning/claims.json,.json,1430,2026-02-14T02:20:12.179837,False,4d414c811cf1c9cd48f22e51d5e31d5a2e95417a021a337800c1f691de2d63eb
ingestion/data/ministers/Learning/doctrine.json,.json,152,2026-02-13T16:22:38.538802,False,e37b059097dcf3f0de241199dc6d122249b5d280229730519441ae950ef1fb91
ingestion/data/ministers/Learning/principles.json,.json,1734,2026-02-14T02:20:12.081856,False,4a4ca98dfbe8482aa250c7f3b2484d17f70e8aaa912ff4ae1fd4486eae5a4399
ingestion/data/ministers/Learning/rules.json,.json,1465,2026-02-14T02:20:12.119084,False,2f6954e726d944aa60f6f679629e8a33600fe36fbf4cfec0b0f1930b0f4ddeed
ingestion/data/ministers/Learning/warnings.json,.json,1717,2026-02-14T02:20:12.210204,False,f8ff64f8a5ad011cec13dddd90809f26aa7e8b38d39276071073970e51610518
ingestion/data/ministers/Learning & Development/claims.json,.json,1545,2026-02-14T02:20:12.497934,False,b20e7bb4226afed3b64376a7b7031b1cf14f545aa8edeb636c2247247f81021f
ingestion/data/ministers/Learning & Development/doctrine.json,.json,166,2026-02-14T02:20:12.402868,False,8693400cd7909319e8f820f339bfe03de92093f3680e7e73acf8d99c019f99a0
ingestion/data/ministers/Learning & Development/principles.json,.json,1107,2026-02-14T02:20:12.425100,False,48a5ce496ef378f6064998cd4118f3688a86ad4314fe74168b249e6415ab4655
ingestion/data/ministers/Learning & Development/rules.json,.json,1129,2026-02-14T02:20:12.454423,False,59a8985936fa2a8b339ef7cf8fff56a8cc38b54373622a7bc9d60d2114d8ab09
ingestion/data/ministers/Learning & Development/warnings.json,.json,1154,2026-02-14T02:20:12.514936,False,781a348c0472e6d3671630bf1d2eaf0928da716d7d65ab123306efa896e3fad6
ingestion/data/ministers/Learning & Wisdom/claims.json,.json,830,2026-02-13T16:22:38.835361,False,2710fbd6a891d07e5ab7b3b2ff5088e3932ab73e9ec40eab26745193a4ca6976
ingestion/data/ministers/Learning & Wisdom/doctrine.json,.json,161,2026-02-13T16:22:38.599162,False,e75cbcc08dd886e6d44463f1e1d0e131a13ae16bf2e0d12a919b80add41838dd
ingestion/data/ministers/Learning & Wisdom/principles.json,.json,834,2026-02-13T16:22:38.674734,False,5fd280f20874502e93a05dcc7976e845dd81c38548fabb9fca154a8a82ff694a
ingestion/data/ministers/Learning & Wisdom/rules.json,.json,815,2026-02-13T16:22:38.760091,False,9925f4c9bbdae56fe10eee8e36a663dff937dd2cefb3d5f22eec815621d4d734
ingestion/data/ministers/Learning & Wisdom/warnings.json,.json,845,2026-02-13T16:22:38.916282,False,0e4748b06afa58ff4c5ab65535587103dca7ffb701a0b37cd0b26f79473414b5
ingestion/data/ministers/legitimacy/claims.json,.json,52317,2026-02-13T22:04:57.358573,False,5f73de38a924a4269c2571d4d0e2ead91153f63fbe54f598f030798c7420379b
ingestion/data/ministers/legitimacy/doctrine.json,.json,154,2026-02-11T15:16:56.162354,False,764593cefbdf4d6cdb2156dd456f878048eb131a2b05827b8855968369efdbde
ingestion/data/ministers/legitimacy/principles.json,.json,55888,2026-02-13T22:04:57.265693,False,641614357e7d20e6b976ed91c924acafc3c3fced796df4b03c3e5eba2aca1501
ingestion/data/ministers/legitimacy/rules.json,.json,61616,2026-02-13T22:04:57.328341,False,8dd97ad8ca515432787576691df3477c403c3d0b4466e93b663fb2bc1ff72a79
ingestion/data/ministers/legitimacy/warnings.json,.json,55518,2026-02-13T22:04:57.411800,False,dd8cf8a36d2e83de8e2f04820b2b4b484fbbc0e4f60bf5bce789ec9c2a9011d9
ingestion/data/ministers/Literature/claims.json,.json,171,2026-02-13T16:22:39.073256,False,8f5e89acf76c53f737522ddaa5a1020941c4836f154ce35f2151c56ab7a8aba5
ingestion/data/ministers/Literature/doctrine.json,.json,154,2026-02-13T16:22:39.128680,False,e138fe817e656ef155ce972bd6c1886832c4a0e9f64c37f02d8c51369839cd7d
ingestion/data/ministers/Literature/principles.json,.json,175,2026-02-13T16:22:39.039913,False,d77e7cbb0d0db4341817f3f57e9fc063e78b993697dde87a01396d31bad5bb58
ingestion/data/ministers/Literature/rules.json,.json,170,2026-02-13T16:22:39.053332,False,c851b775340dab9d30f2f81726e6027daf7f451ef1b0bfc8b2d8b199f69d968c
ingestion/data/ministers/Literature/warnings.json,.json,173,2026-02-13T16:22:39.093654,False,a4f68bfdb2f47ef963abe97968890a7748f33be744062796dae8d47b667cfc7f
ingestion/data/ministers/Long-term Planning/claims.json,.json,924,2026-02-15T00:56:08.453481,False,9fed1a0ac947c201e60165d3c2afd5705fbd139b1e03aedc516f8e28ffb95222
ingestion/data/ministers/Long-term Planning/doctrine.json,.json,162,2026-02-15T00:56:08.207409,False,b36d1d8b55a1b3534356a2ddbbfe6170f24c461c52da6494fccea2b8e5bfefec
ingestion/data/ministers/Long-term Planning/principles.json,.json,890,2026-02-15T00:56:08.264265,False,b02273f6b7b2b0ab028f1459642378d13d894274f05e61505bb56d99961ad971
ingestion/data/ministers/Long-term Planning/rules.json,.json,905,2026-02-15T00:56:08.376711,False,425c5b8b9e30cde911d2e2434a23e3b13d2e52361216f3c764867843f738bcef
ingestion/data/ministers/Long-term Planning/warnings.json,.json,935,2026-02-15T00:56:08.485435,False,96886fe212b678fc0e14dab013c5b60ea22a209239717929aaa63feca1a7dea5
ingestion/data/ministers/Mental Well-being/claims.json,.json,2289,2026-02-12T18:48:42.385053,False,698506e24f3968cd444628ed8a60ee7fca2aa0b1d97be4a9150dcac155e13994
ingestion/data/ministers/Mental Well-being/doctrine.json,.json,161,2026-02-12T18:48:42.207041,False,1e7b999258feb41a45c8bb07aa56af65c6caf807818b9f04390ca3e220e33e7d
ingestion/data/ministers/Mental Well-being/principles.json,.json,2674,2026-02-12T18:48:42.259946,False,fe8365622611fd6c3c1dd2bc38de00a3653e55a734729e8bc634c3e942f034a5
ingestion/data/ministers/Mental Well-being/rules.json,.json,1735,2026-02-12T18:48:42.311951,False,ab8767d74d66bc94785b0f6d9490c2461734a818f1e5525912954c5ef7c7bd68
ingestion/data/ministers/Mental Well-being/warnings.json,.json,1894,2026-02-12T18:48:42.434053,False,6aae3257f424f9dda16d4c1febbba46277c8b3d818d01dba1193ad2bf79e95e3
ingestion/data/ministers/Military Strategy/claims.json,.json,178,2026-02-15T01:21:49.241142,False,cebb7d80b70fbf24e8317ff4d80d0cfaefa624119a54e59a9712f4c0c7a2e71b
ingestion/data/ministers/Military Strategy/doctrine.json,.json,161,2026-02-15T01:21:49.241661,False,b45c2a0824309f4f6104d4e345d75eca62060117e05c4b8a02397fd36da8edcc
ingestion/data/ministers/Military Strategy/principles.json,.json,182,2026-02-15T01:21:49.240093,False,3beadcc341f6c40341019af996e50544396c113a8054b81d1239e5a7be17b751
ingestion/data/ministers/Military Strategy/rules.json,.json,177,2026-02-15T01:21:49.240616,False,c980d667620e31d617892afd23a6590a0f6f042474df778d3979bdc2cda3bf85
ingestion/data/ministers/Military Strategy/warnings.json,.json,180,2026-02-15T01:21:49.241142,False,58a28ec76cb45e902499e4d44449ca3e91298e3f2ce00a1779505699684f33be
ingestion/data/ministers/Mindset/claims.json,.json,1778,2026-02-14T02:20:12.092503,False,ad7185ad31c33074d6a32df7f58fa37215a15be0e815cc6017fabd91695ede86
ingestion/data/ministers/Mindset/doctrine.json,.json,151,2026-02-13T16:45:28.338934,False,afd7d465c4c5ef0c14b96b090cf839727e369c59e576fa0a777520890b6705e1
ingestion/data/ministers/Mindset/principles.json,.json,2224,2026-02-14T02:20:12.073323,False,08671473f57527553140b457350c321f100b61c2b79760c23880bd11125f8d11
ingestion/data/ministers/Mindset/rules.json,.json,1712,2026-02-14T02:20:12.083366,False,5c2e352fc3265a0d847fca18909571e150b3ecbfe1c8f2bfa52613810fafa8c0
ingestion/data/ministers/Mindset/warnings.json,.json,1696,2026-02-14T02:20:12.101443,False,08760a71c684f90e3cd2dd9fa66f72518ba30bfc58756cffc50b9c125ca9db61
ingestion/data/ministers/Moral/claims.json,.json,719,2026-02-13T11:02:31.604785,False,95882d8471fac35300d39f9d8c4da60035a1da5de2e59379e7060fe366be4fff
ingestion/data/ministers/Moral/doctrine.json,.json,149,2026-02-13T11:02:31.523519,False,add5c8ca7648d1edaef6df7850f4f165d874863d781b71d3ac927b860695f56c
ingestion/data/ministers/Moral/principles.json,.json,726,2026-02-13T11:02:31.549525,False,6c20b8de68d855c03d0848a2a77feb27c9b3617d40ab56ee45e19a20822a797a
ingestion/data/ministers/Moral/rules.json,.json,720,2026-02-13T11:02:31.580262,False,9c8e9d2fb97a44e6955144682d907eb84dc9675b037fa50f7233da119e1c11bd
ingestion/data/ministers/Moral/warnings.json,.json,754,2026-02-13T11:02:31.654098,False,87a068f4ba25b8355b4a494120bcdd7127fac3499ba2ad7feaae18b9d2bbfad0
ingestion/data/ministers/Narrative/claims.json,.json,1136,2026-02-13T11:02:31.707343,False,1601029d91099918a9f2fa931e655c80472ef4c5fd7caf92085376a55674ba93
ingestion/data/ministers/Narrative/doctrine.json,.json,153,2026-02-13T01:51:07.204732,False,90f9eec9ff519195a4095fb9e5685da1eb57e901a2eb24d0d2588a5bd0bfd272
ingestion/data/ministers/Narrative/principles.json,.json,1775,2026-02-13T11:02:31.667362,False,13550cebb414b12bb6456ed3147a6bd380bcf9852279e27b2c56ac5da03f1c0c
ingestion/data/ministers/Narrative/rules.json,.json,1728,2026-02-13T11:02:31.688356,False,195dc75d804f816b2e84f7046107a732235646ac69905162c9a1cc7fb55c9d9c
ingestion/data/ministers/Narrative/warnings.json,.json,1160,2026-02-13T11:02:31.722343,False,cfa9f3a737ea53fe167e7715795ad46bcf2c1029371553ecfb507e10acd721c0
ingestion/data/ministers/Operational Practice/claims.json,.json,958,2026-02-13T20:40:58.374404,False,b325ae2d5f5e8b785ed239f17111b9cdba0b44698c778a50f4ced7871a5f0c52
ingestion/data/ministers/Operational Practice/doctrine.json,.json,164,2026-02-13T20:40:58.147503,False,2d808115b0e2a5e851cd7ed4bcdf5e4c897f99de45ab0737f9b2f963472bfdc2
ingestion/data/ministers/Operational Practice/principles.json,.json,935,2026-02-13T20:40:58.242965,False,d642b39b33dee99d70234f2918ecd268816737bc235be72a8ab5b08ff37600ba
ingestion/data/ministers/Operational Practice/rules.json,.json,615,2026-02-13T20:40:58.280442,False,53ec2169d6b86c7c9e63c9f54a682ab2ed641ffa8f3156b506bc5291b26c36d9
ingestion/data/ministers/Operational Practice/warnings.json,.json,942,2026-02-13T20:40:58.439993,False,90dc989880146943bf18b6d439aecb39cb0853b65e53d00873257b0fe0289781
ingestion/data/ministers/Operations/claims.json,.json,571,2026-02-13T19:12:58.658215,False,829d712a173da0ce138de723a512c26b142aecf98ad1b4869fad85ec17eb4b7e
ingestion/data/ministers/Operations/doctrine.json,.json,154,2026-02-13T19:12:58.617160,False,0cc543400cfa1a4e07de63ca2f2ed1be1f99065d45b698f2c537028199d6d076
ingestion/data/ministers/Operations/principles.json,.json,567,2026-02-13T19:12:58.632898,False,da355f5167462627b5b649d217d65eff7eab392677cf85b21a462c32e280a1fc
ingestion/data/ministers/Operations/rules.json,.json,551,2026-02-13T19:12:58.648671,False,45a44db0a5984f0ebc259777b1e1fe6d9ab7d8dc14934a704c0aead5b02a989d
ingestion/data/ministers/Operations/warnings.json,.json,573,2026-02-13T19:12:58.665507,False,598d4a5930cd30df9a2bf9d2aa1c34efb58b28549239bcc8578b5e890b2aa5e7
ingestion/data/ministers/optionality/claims.json,.json,161388,2026-02-13T09:28:23.019856,False,86a16686ef51cd9c7f63d1b8a527a92b44ba071f8580bafa64495aeab0640795
ingestion/data/ministers/optionality/doctrine.json,.json,155,2026-02-11T15:17:07.327877,False,c10e02c9269b164b31f0004eb8355bcb7e7a674f20284c819fd2bdc5de064469
ingestion/data/ministers/optionality/principles.json,.json,175219,2026-02-13T11:01:07.806933,False,4fbed25c05446ce8c00808f55e2c4fd7523b0e97c26e7326ab650c985494a904
ingestion/data/ministers/optionality/rules.json,.json,188904,2026-02-13T09:28:23.013856,False,a226824ba509190b8b3fa8e6f7abe20b4cf625314d5d867d961521f0c38f6e28
ingestion/data/ministers/optionality/warnings.json,.json,177058,2026-02-13T09:28:23.027367,False,15d5c3f0587f07ea95c286cb717f05b994e39901ace1945cf72378d83f3f53bf
ingestion/data/ministers/Performance/claims.json,.json,817,2026-02-12T16:57:37.348768,False,eef9addf501e597f269dd457aca5279201ded1832545d801d4616e787e3fe569
ingestion/data/ministers/Performance/doctrine.json,.json,155,2026-02-12T16:57:37.255784,False,78914bf586e032ab6c71262127cf965e59cb67cbb6f1eb7c4e0fad858b3f0b59
ingestion/data/ministers/Performance/principles.json,.json,819,2026-02-12T16:57:37.286702,False,9dd6513393161d0824206a1d7b8fd2bdb680bdb671e77d5ca3b23e9a6c33914c
ingestion/data/ministers/Performance/rules.json,.json,811,2026-02-12T16:57:37.315762,False,e4d65ddfcd186e29828b4b5481d5f15e443dedbb9f8656263ab4934694ef1233
ingestion/data/ministers/Performance/warnings.json,.json,809,2026-02-12T16:57:37.379894,False,09f24cd6ce96d182ec441faef317e078f6fa1b72cd1b6487e7f72bbcb1cd4203
ingestion/data/ministers/Personal Development/claims.json,.json,11506,2026-02-14T01:23:11.200946,False,ed849c7563d62ab6b8163149237d495517e8f47af3bec41f9cee029f1270138d
ingestion/data/ministers/Personal Development/doctrine.json,.json,164,2026-02-12T16:57:37.382917,False,a9b5d28c3240a8f9c30f363472c32378fef68806fe3512ac49607156040eece0
ingestion/data/ministers/Personal Development/principles.json,.json,12992,2026-02-14T01:23:11.142763,False,cd0e0e604757efec1a5a9a053ae056d25e1e8cfe08590b6a90c0565954407c82
ingestion/data/ministers/Personal Development/rules.json,.json,11771,2026-02-14T01:23:11.172110,False,4955beb40d4b181e6ca6acf4c01167f2faa6b881ee189d4410295aea57133898
ingestion/data/ministers/Personal Development/warnings.json,.json,11416,2026-02-14T01:23:11.252213,False,d7b5ea2468cf268ae4d51f421fd76e75fa79242373d16014e3506b1d17be436c
ingestion/data/ministers/personal finance/claims.json,.json,3310,2026-02-15T01:25:36.965174,False,dcb4973f774c51c5d438d3669046b4fc1c7455d035e55756f3fd69258b7df541
ingestion/data/ministers/personal finance/doctrine.json,.json,160,2026-02-12T12:12:09.051784,False,9a428b8f8e4bab30bc4f68397e4b1f3156f69a27c8911fb69c9894cae633b0ef
ingestion/data/ministers/personal finance/principles.json,.json,4230,2026-02-15T01:25:36.924806,False,8b2caf0bd0c7e95f7aa20ca472e5cc8fd133f63aa2b957420764e4c1a615fd61
ingestion/data/ministers/personal finance/rules.json,.json,3669,2026-02-15T01:25:36.945045,False,ea1080ce49d9fe3b839a889fff778230f846f90b349685c7ed452fc8127da817
ingestion/data/ministers/personal finance/warnings.json,.json,3333,2026-02-15T01:25:36.981668,False,1128fd6fa217d65dc2a0e21083c59056bae0575fe707eff31a52a7e5e9829480
ingestion/data/ministers/Personal Growth/claims.json,.json,1223,2026-02-15T01:25:37.122961,False,662537b6970430ed373d703413756cdcd061456b8c038daee72300350ea2c7c2
ingestion/data/ministers/Personal Growth/doctrine.json,.json,159,2026-02-13T11:02:32.013500,False,db15f9d4f752ef3ebfb846cd0ea3aaff5d0c69692c8f991f26154be62349c5e1
ingestion/data/ministers/Personal Growth/principles.json,.json,1451,2026-02-15T01:25:37.091652,False,f70069a00b4b8b6aa3694998a9116790e8537c999e93229b9650e5597dc41201
ingestion/data/ministers/Personal Growth/rules.json,.json,1482,2026-02-15T01:25:37.115710,False,addc7ad8665d7ab676a4cb1623de4190d3597ddba45aa61252e3ba37a510cf05
ingestion/data/ministers/Personal Growth/warnings.json,.json,1453,2026-02-15T01:25:37.135966,False,75b32a00ff17e7b23c91cdfb4a565726aeab197e1d4bc9467adeff173b003774
ingestion/data/ministers/Personal Integrity/claims.json,.json,528,2026-02-13T11:02:31.565045,False,9ec8fb58af34f4e442b6e53bfef6d0e8f74ce2e83545a0fc9b0afb6c1f6d4d82
ingestion/data/ministers/Personal Integrity/doctrine.json,.json,162,2026-02-13T11:02:31.522519,False,8c6b96ee257ef1bebb9d07f7544c67c6d7ee34aabda02a02c8885ad4657215bb
ingestion/data/ministers/Personal Integrity/principles.json,.json,733,2026-02-13T11:02:31.539519,False,01a7243f538e00b8eb7a0f0c7b9936e04fc8623f5df99ae55d0e8dbbdc218abd
ingestion/data/ministers/Personal Integrity/rules.json,.json,560,2026-02-13T11:02:31.551535,False,356f9b5586924835959f021a4d185adb76ddbcb76828e8b77e3d91e6f0f779b6
ingestion/data/ministers/Personal Integrity/warnings.json,.json,770,2026-02-13T11:02:31.596275,False,9798098255e000cada60791a9df789cf0bd0156513d33383cae9798a619b0012
ingestion/data/ministers/Personal Management/claims.json,.json,898,2026-02-13T17:52:13.152328,False,d5e0e9f41dc806a02034aa73728054185381f8a056ee85a69883241414b58e91
ingestion/data/ministers/Personal Management/doctrine.json,.json,163,2026-02-13T17:52:13.033801,False,82f82d524c342ebe3eb07ee1916dc259986630d64caa175a417f89e9d66feb39
ingestion/data/ministers/Personal Management/principles.json,.json,887,2026-02-13T17:52:13.080842,False,5e058fdae55597e5ddfa1d59a4b6afb2193258a9430e2af69f81e396da07999d
ingestion/data/ministers/Personal Management/rules.json,.json,851,2026-02-13T17:52:13.117179,False,e2d9c8571718292448647b628a0663706862a3d05c2fd2e1382df402e47815d0
ingestion/data/ministers/Personal Management/warnings.json,.json,920,2026-02-13T17:52:13.187518,False,fad49cdacafb3432894fe8aa6de5946c08f5f2b83ba36b33a50e50d6fafaf85c
ingestion/data/ministers/Persuasion/claims.json,.json,553,2026-02-13T14:24:08.614888,False,63d554e50495cbadde2ba75d00b5146195d65fd0d61bf40deee9abdc1a93e905
ingestion/data/ministers/Persuasion/doctrine.json,.json,154,2026-02-13T14:24:08.403141,False,97672f2bc630593e0fd8fd2fdd50d7fc854961e27e9e12268bc030d5091d37d4
ingestion/data/ministers/Persuasion/principles.json,.json,800,2026-02-13T14:24:08.541885,False,240a99838a8379bee26e2ac9ccbb3b44aa465e3a362ad75affaa4813e840fe0e
ingestion/data/ministers/Persuasion/rules.json,.json,549,2026-02-13T14:24:08.597886,False,2533774c207495a94080ab975bf4f3c4110f9bd3e292db6baf340012ddc12ee0
ingestion/data/ministers/Persuasion/warnings.json,.json,549,2026-02-13T14:24:08.659395,False,50dd47a48400ed3fba0c9155b2ebdca03c780bde3cb8c534cb172ca0f554c808
ingestion/data/ministers/Philosophical/claims.json,.json,865,2026-02-13T19:12:58.900503,False,3dd6dc4f1d41b01277ae78a8e20b70cf0eec31d2e26e3504f67d8590f2a60d6d
ingestion/data/ministers/Philosophical/doctrine.json,.json,157,2026-02-13T19:12:58.741091,False,59dc4c2bd0be6b1088af11883ae55f3aa229f331c31b233cb2ec873cf64d8062
ingestion/data/ministers/Philosophical/principles.json,.json,878,2026-02-13T19:12:58.786495,False,ca7e86f861cd4012dcdb8115a8852e3a1d5d88e95c971c0fd97f2fec248d9622
ingestion/data/ministers/Philosophical/rules.json,.json,893,2026-02-13T19:12:58.842330,False,9f101d16e1ac85851a5a478b8e8534ee571a967e8b6b5ebb73dad358069eb118
ingestion/data/ministers/Philosophical/warnings.json,.json,890,2026-02-13T19:12:58.951329,False,8d18940c4763af158d027c5ff31fa7bdcba80d602e34c9540b8e024ac1f9f4f2
ingestion/data/ministers/Philosophical Inquiry/claims.json,.json,858,2026-02-13T11:02:32.451966,False,f9c104b983ca1193059627cd12b529e74b94f8443412cb956c40d53824bb809f
ingestion/data/ministers/Philosophical Inquiry/doctrine.json,.json,165,2026-02-13T11:02:32.393317,False,85efbb1d17444479f6474cdc56d579c0ba9713f36ab5df6b3ab40bd2e59f34c0
ingestion/data/ministers/Philosophical Inquiry/principles.json,.json,780,2026-02-13T11:02:32.411951,False,b79c72ef71a94d30b59a2e76f895f76779896c3d866b39853f3189e206803533
ingestion/data/ministers/Philosophical Inquiry/rules.json,.json,561,2026-02-13T11:02:32.423952,False,7c8ca3ccec2ca9dcf5e12c1e4d2a64ec95911feef78be97988e4c2cdaca667c1
ingestion/data/ministers/Philosophical Inquiry/warnings.json,.json,856,2026-02-13T11:02:32.480487,False,67f7c18668c67973fc7e5c3983b763ba0905c0171f94cedcc194585928c93173
ingestion/data/ministers/Philosophy/claims.json,.json,3439,2026-02-13T19:38:41.547471,False,bd4d56d8d0d92bef10af2b5dc5816a0c0119f01d2a16f579b3eee736500fbdce
ingestion/data/ministers/Philosophy/doctrine.json,.json,154,2026-02-13T13:44:43.163364,False,96105531875cbcb4e88d1ac8379847cb12ed0f42817f8ae58630ee3d81bd4e4e
ingestion/data/ministers/Philosophy/principles.json,.json,3957,2026-02-13T19:38:41.412138,False,42d49a8acf1ccd79011d285c5de5c4347ec7959160452dfe6c2d2b8130b188f7
ingestion/data/ministers/Philosophy/rules.json,.json,3716,2026-02-13T19:38:41.478334,False,814e14e19d04d789810f1f7dc9fa0734b2dc696100ec6b9c0019e6c7453f50f6
ingestion/data/ministers/Philosophy/warnings.json,.json,3729,2026-02-13T19:38:41.657141,False,1052068d47fec94cdbbd5e887d58a446731bb71ac69e5ae457b88c84d94192b5
ingestion/data/ministers/Physics/claims.json,.json,982,2026-02-12T20:33:21.323854,False,e12ccb47546b3ef12d1f13ebbb4a851b87e965b5239150f0bb3ca7fdcdf839eb
ingestion/data/ministers/Physics/doctrine.json,.json,151,2026-02-12T20:33:21.223298,False,ecbc109062f400d9dae70da1c0522613439e0097c0454ec9fe66177bd4d0f5ee
ingestion/data/ministers/Physics/principles.json,.json,967,2026-02-12T20:33:21.253396,False,4d5fff3d1fe23d73577f4bd75d037caa4b46201a301206fe2f3a3cb0b2ab71a8
ingestion/data/ministers/Physics/rules.json,.json,965,2026-02-12T20:33:21.287847,False,11f96065a8571853b269c04d6b1fb3b0801408339870981153488abfc7fb2424
ingestion/data/ministers/Physics/warnings.json,.json,973,2026-02-12T20:33:21.360319,False,a3d30da14d0dba18e4678c50c038d8d61624bc444dbc3c65545eafda4e7d85f0
ingestion/data/ministers/power/claims.json,.json,180055,2026-02-13T22:04:57.641892,False,b357a9dff2fdef21175a28db00701e7ccda74d1c2f5949d21a24dff88823869b
ingestion/data/ministers/power/doctrine.json,.json,149,2026-02-11T15:16:56.209597,False,3955090cfa07f4823317bf4763bf0b9b0b205146a42d1485998a0db5d347ded9
ingestion/data/ministers/power/principles.json,.json,192642,2026-02-13T22:04:57.460070,False,ff1d88b8f45ceb73beaa94df5ad7983d5740e046a2471351478624c3b14efaaf
ingestion/data/ministers/power/rules.json,.json,206872,2026-02-13T22:04:57.581579,False,52750fd05769212d62203919e892a2c9a4e26081363cd6c3bb638a1beb3a2115
ingestion/data/ministers/power/warnings.json,.json,189815,2026-02-13T22:04:57.722472,False,0f5335f86cf32f6b70bfe47205ba9046ea8505ecc656001fc7c3be49ccbf9dd3
ingestion/data/ministers/Problem Solving/claims.json,.json,994,2026-02-14T02:20:12.288785,False,6a2708a83469de46ca073a68596b2612808d3c9f3cd0e4ea962d6573468c8754
ingestion/data/ministers/Problem Solving/doctrine.json,.json,159,2026-02-12T14:49:38.332575,False,8c36999a570f6d2042a24515aee57545f836ee35c2f1122c18d8ed7adcc3a4f1
ingestion/data/ministers/Problem Solving/principles.json,.json,1038,2026-02-14T02:20:12.230117,False,8bf34a13113e5f02b606a3c90d7768d9e4657756766c8a1e469257f05d2c3f80
ingestion/data/ministers/Problem Solving/rules.json,.json,996,2026-02-14T02:20:12.259673,False,131b2bf0ef4ac6121243bf2c6e563ca53521d281a0fe612ce374f9f144636806
ingestion/data/ministers/Problem Solving/warnings.json,.json,1018,2026-02-14T02:20:12.314791,False,df7084dc883a731f8dfe4889151d08ac52f57c10aed5668a02fd9718c43e054e
ingestion/data/ministers/Productivity/claims.json,.json,2129,2026-02-13T17:55:58.329488,False,c19e6ef54dfce0bcad0ef368072d87678af2d79a46e113bf4b8caf36e7df8ce5
ingestion/data/ministers/Productivity/doctrine.json,.json,156,2026-02-13T09:20:58.335602,False,82388cd836314d77f0a0db0debc0cfcd9380855cd3ac20429c5e32b0bc9ca552
ingestion/data/ministers/Productivity/principles.json,.json,2381,2026-02-13T17:55:58.275481,False,17848901292447b24c4fde8e4702834a6b932901d98660aa5b4f226e7a61643f
ingestion/data/ministers/Productivity/rules.json,.json,2350,2026-02-13T17:55:58.292305,False,1a8e362725265c2c34b30a16e545a6cc729f6e9fe8aa780ef18cbdf764187fc3
ingestion/data/ministers/Productivity/warnings.json,.json,2342,2026-02-13T17:55:58.360115,False,76b74db847f7f1d0d7e3a705cd06e53b248678786fba2ac66557662deef92878
ingestion/data/ministers/Professional Growth/claims.json,.json,821,2026-02-13T11:53:37.628444,False,2faa41022354707ee7eda93d55b2fbdafdb0484a6ff1262ee4303254bbf5be26
ingestion/data/ministers/Professional Growth/doctrine.json,.json,163,2026-02-13T11:53:37.471154,False,a20f9664583d83558c4d4c2cfac564a42f28743a93c27c1a3a24d33997f6f96b
ingestion/data/ministers/Professional Growth/principles.json,.json,1043,2026-02-13T11:53:37.548791,False,6c26ce4d499ab498eeaa92d679bc8191742c60c66d62c50be7ddcc3d5c3a13aa
ingestion/data/ministers/Professional Growth/rules.json,.json,816,2026-02-13T11:53:37.589282,False,496b8decebbe5216b51cc28919b3dc8490a269f862ef85fdab046c2c5d14ae30
ingestion/data/ministers/Professional Growth/warnings.json,.json,574,2026-02-13T11:53:37.643445,False,0c74ba58fdfb9f4169f7cc990ece3cc8aa775705fab14dedf992e383a523e15a
ingestion/data/ministers/Prudent Resource Allocation/claims.json,.json,888,2026-02-15T01:21:49.455220,False,8d2369ba20d2f12c99e6b4f80aaba318cd5ef24f5ad09eca0b2d42903f6bfcd9
ingestion/data/ministers/Prudent Resource Allocation/doctrine.json,.json,171,2026-02-15T01:21:49.362746,False,34e8eac782a8a7607733e6136a978b2d5bff0cee0cdd2b6c31b5d9fd76d19c58
ingestion/data/ministers/Prudent Resource Allocation/principles.json,.json,865,2026-02-15T01:21:49.397701,False,e5a2f0265128ccad171aea53a91ff7f61e8bfdff4beae1ec2826aebc177b8a7a
ingestion/data/ministers/Prudent Resource Allocation/rules.json,.json,879,2026-02-15T01:21:49.429291,False,948fcecd63249dc9384c16a8ba912aa2ee72c17ff5e27418e6d9bcd35cefc7dc
ingestion/data/ministers/Prudent Resource Allocation/warnings.json,.json,916,2026-02-15T01:21:49.494287,False,31eebeac9333c4a8f35cbac3921cec7cc480757556aa01a95bc25bcc157e58f2
ingestion/data/ministers/Psychological/claims.json,.json,865,2026-02-13T19:12:59.099908,False,85f2b1acafb0e24a04cb1abcf30ec816c542ad7246e1ac17dd11c29852b6b696
ingestion/data/ministers/Psychological/doctrine.json,.json,157,2026-02-13T19:12:58.954329,False,af418c550fa37adf386b07d2afb190cb3103c856cefa8c0c051868bb4c38ee17
ingestion/data/ministers/Psychological/principles.json,.json,878,2026-02-13T19:12:59.002375,False,f4a341286178d6cfd1b3faca52dc92b611985e8e54e5ee791b1061e30454ebcc
ingestion/data/ministers/Psychological/rules.json,.json,893,2026-02-13T19:12:59.048540,False,c997b3f762af9dde42cdc8d8188250e409a01a3ff23a8c389ffec29d259efe9c
ingestion/data/ministers/Psychological/warnings.json,.json,890,2026-02-13T19:12:59.148541,False,8c73774fcbb85cceb3b123fd75a3b1c545401ff873cff17525dde2c046223b58
ingestion/data/ministers/Psychological Development/claims.json,.json,186,2026-02-13T05:46:07.539087,False,56040ee1bf22a61f29f31a3ee2efab4532635ebeb7adbb3cd22e9d839d5e1dc9
ingestion/data/ministers/Psychological Development/doctrine.json,.json,169,2026-02-13T05:46:07.539087,False,67e9d4bcebab64e37b8e84d3699fc45fc56f7dcdc0178c98ebc62cc43e972269
ingestion/data/ministers/Psychological Development/principles.json,.json,1315,2026-02-13T05:46:07.579147,False,3d3992e898b14a50d2982df729582b86d4f5434a12ff0d16dfe8b13246fe7216
ingestion/data/ministers/Psychological Development/rules.json,.json,1309,2026-02-13T05:46:07.617729,False,4e0ddbf21b17224f5a81321e41bfa01ad58922f38a556cc52d8fe86700b365b2
ingestion/data/ministers/Psychological Development/warnings.json,.json,979,2026-02-13T05:46:07.652312,False,72e8f3544925ff1fb920be7106badffba4d0ca3399330871cb7222d5861d5cb1
ingestion/data/ministers/Psychological Insight/claims.json,.json,1127,2026-02-13T19:38:41.961303,False,e605c97c7b111074c437bb7983821477c936bcd97fa6c09052ee929b7a50672f
ingestion/data/ministers/Psychological Insight/doctrine.json,.json,165,2026-02-13T19:38:40.357362,False,10e5647ba00a153a12f35558d7d7c7c0c70a95e6f6360706ca7492169d6ade26
ingestion/data/ministers/Psychological Insight/principles.json,.json,1127,2026-02-13T19:38:41.915273,False,d85db6091354ae5a93299063f78e687055fa24b3ed329f7bf98273d80a0e6135
ingestion/data/ministers/Psychological Insight/rules.json,.json,1104,2026-02-13T19:38:41.930094,False,eff950b79e17a4f6812c41513d211eff10b86bc364d6c8c5ec5bad2036fc6ee9
ingestion/data/ministers/Psychological Insight/warnings.json,.json,1160,2026-02-13T19:38:41.979460,False,5f3db69e0e94f2f2f04d359bbef3fd46eb87360af6214551a8368690871c1c4d
ingestion/data/ministers/psychology/claims.json,.json,524309,2026-02-13T20:40:58.290550,False,2bf11c9e4250feb079a3aa9e14eff5a4312c7ed1d0dbb35fbda38c95c60efa58
ingestion/data/ministers/psychology/doctrine.json,.json,154,2026-02-11T15:16:57.798327,False,efbe567b28e0bb5c582b13d422d1230eb485fee26bb69e0e48712ef9cd0d757e
ingestion/data/ministers/psychology/principles.json,.json,576981,2026-02-13T20:40:58.218904,False,95000d98eaf7ba44e6c84bcacc58f7d57d025cee096d4ce7330e8b8d7c038c00
ingestion/data/ministers/psychology/rules.json,.json,614162,2026-02-13T20:40:58.261486,False,61457f9bbfaaf526d3b08fe6bcb7fa3429f08cfb47a19a13401db8df64e00466
ingestion/data/ministers/psychology/warnings.json,.json,580435,2026-02-13T20:40:58.338937,False,d309b5aa064fe7f620b09865b2ae55783b8abb65002c1f6cf8601789d4acaec1
ingestion/data/ministers/Public Communication/claims.json,.json,181,2026-02-15T01:21:49.243226,False,45332335b8506ac6d24f55c23e60f2a52fc55b8c94190f6995bbbaa885fb02fb
ingestion/data/ministers/Public Communication/doctrine.json,.json,164,2026-02-15T01:21:49.243745,False,6023e33a10a531f72bdf6baba3159ceeb372859d24fa4e07ab6631bc3e13a81b
ingestion/data/ministers/Public Communication/principles.json,.json,185,2026-02-15T01:21:49.242179,False,75aa04a762cce6cf1bc2930a298d051b0cb69912578facc5f1b1f641f736036d
ingestion/data/ministers/Public Communication/rules.json,.json,180,2026-02-15T01:21:49.242705,False,db28154fb839e1ccc41de222c78c6c7a737bff4df32d9a2e625825cd20969904
ingestion/data/ministers/Public Communication/warnings.json,.json,183,2026-02-15T01:21:49.243226,False,79e2a063881574fdb1c02c233a1845001219300575bea917f1c905ef62cfc4fc
ingestion/data/ministers/Reflection & Growth/claims.json,.json,1202,2026-02-12T18:48:44.399718,False,f4448293a01cb99b5fd687efd869429a2f534af4a1287c1dbe415fae644e37c8
ingestion/data/ministers/Reflection & Growth/doctrine.json,.json,163,2026-02-12T18:48:44.241553,False,3d434f2c67cf4d6176f012fd369872d043253978b60c48494540175ad5cab7ad
ingestion/data/ministers/Reflection & Growth/principles.json,.json,1508,2026-02-12T18:48:44.289450,False,106ebee746a99c739696513824d94ac5b48fd747102380c57a50584d6ec7d310
ingestion/data/ministers/Reflection & Growth/rules.json,.json,1241,2026-02-12T18:48:44.342214,False,a1de64a5b7af7a68a1b3b9591cff1be0d84763c143a455f4962fa4b75ee040a2
ingestion/data/ministers/Reflection & Growth/warnings.json,.json,1234,2026-02-12T18:48:44.455817,False,7f4463daacadc760d0add1e8c07019156d554d369244833eaeedcbb03a6fbe1a
ingestion/data/ministers/registry/claims.json,.json,1253,2026-02-13T03:27:43.581173,False,a2d47a8e638870f54690fed660c6c65b4182ee4ce0958c795744bdb0b2a605ec
ingestion/data/ministers/registry/doctrine.json,.json,152,2026-02-12T00:16:30.580432,False,80614ba19c45112a31875e015d8f5b82bfcc122643ca2e973c08cecd660a6b13
ingestion/data/ministers/registry/principles.json,.json,1268,2026-02-13T03:27:43.556553,False,86fa036719720e6050f24075af9ca42435856e5374958f5d1bdeb20d31ee2f62
ingestion/data/ministers/registry/rules.json,.json,1518,2026-02-13T03:27:43.570861,False,fc8b959c52e643bf1e8f6b585924c82ea5544e90ad57ef19219a0bf2f6237259
ingestion/data/ministers/registry/warnings.json,.json,1517,2026-02-13T03:27:43.599173,False,4338006838a59d5966c90aa48bca17d8a1752a16557bac738092dfba0548ad8e
ingestion/data/ministers/Relationship Dynamics/claims.json,.json,869,2026-02-13T07:46:56.574589,False,66d654cd96d0fc43f4d0593bb2edd98b498566ea6b6aa966da66f5cc1d3a95b5
ingestion/data/ministers/Relationship Dynamics/doctrine.json,.json,165,2026-02-13T07:46:56.488393,False,76ac15c2e1e7c2507fab6c8892b68b13283fbbfbc6238563ff95bb5f3e995d3c
ingestion/data/ministers/Relationship Dynamics/principles.json,.json,890,2026-02-13T07:46:56.520393,False,2452f251920b2c69a1c20218bdd3d02f7d57c3bd1306d72ac5706fe3fe4ff993
ingestion/data/ministers/Relationship Dynamics/rules.json,.json,889,2026-02-13T07:46:56.547017,False,699446433a9c67777001e5547f3743afd969ea4e1326d4301450d2c267b615de
ingestion/data/ministers/Relationship Dynamics/warnings.json,.json,912,2026-02-13T07:46:56.605877,False,31a49cd885b5582535f14c344cab6b7d397cb359ed4dc87c10793ba7ca1538d8
ingestion/data/ministers/Relationship Dynamics & Communication/claims.json,.json,2103,2026-02-13T03:27:40.944254,False,705589db2290db8f1bfb0b5e4a478858b6101c01b34407f48bf2651a49fbf408
ingestion/data/ministers/Relationship Dynamics & Communication/doctrine.json,.json,181,2026-02-13T03:27:40.641201,False,cad3230e7750f0cf63a527d4bbae2ff8545e8a977fe5ccbe8920fe0f6ca141a6
ingestion/data/ministers/Relationship Dynamics & Communication/principles.json,.json,1265,2026-02-13T03:27:40.680791,False,a96d170df6b83bf904239360e830c9de9c7600f079292a42c560cca87a851467
ingestion/data/ministers/Relationship Dynamics & Communication/rules.json,.json,2674,2026-02-13T03:27:40.842244,False,3896f3adecaaf9c2404dac197736b42e319d91f26e3ec84784284dcb2a14d1fd
ingestion/data/ministers/Relationship Dynamics & Communication/warnings.json,.json,2709,2026-02-13T03:27:41.112813,False,b29d5f5ceba87702639e661a0644c5c40bd2f2ac497ca57bcb87e014e4a720fc
ingestion/data/ministers/Relationship Management/claims.json,.json,184,2026-02-13T02:21:28.443949,False,1502b79c6160a8cf4be59f0620e5ac96fde4a0c2c942eb0c0392c1a51010bd3a
ingestion/data/ministers/Relationship Management/doctrine.json,.json,167,2026-02-13T02:21:28.445428,False,7a8f68119e3165a26d720c01595037059c6e6a01f9b4af798546953d882cf719
ingestion/data/ministers/Relationship Management/principles.json,.json,188,2026-02-13T02:21:28.443949,False,b05b9f42bbc9a0609908caf6f6a4dc8dc905d4b3b15b5de40962272be649296f
ingestion/data/ministers/Relationship Management/rules.json,.json,183,2026-02-13T02:21:28.443949,False,2076db352f060feeeafbbc014d34c9526bddccdd9fce1f90133e409cf0e03bbe
ingestion/data/ministers/Relationship Management/warnings.json,.json,186,2026-02-13T02:21:28.444912,False,2796e27c0608f6e15a883318b011578aa9429a9c884f9d9bcde659e67efc730a
ingestion/data/ministers/Relationships/claims.json,.json,1299,2026-02-14T02:15:04.422836,False,e47351664502c1ee877afd0e0eb7acc10287e89483161f2bbe8250b32642f107
ingestion/data/ministers/Relationships/doctrine.json,.json,157,2026-02-13T11:02:32.265770,False,1e5320dd5e17412ad88a008e177587c127e7ace14ce1e374db973d7abe83f1ce
ingestion/data/ministers/Relationships/principles.json,.json,1252,2026-02-14T02:15:04.406117,False,e8e96f08ddf7dfff5d309d32907af3cc93cc722716bb91725fa91ea54824935d
ingestion/data/ministers/Relationships/rules.json,.json,1277,2026-02-14T02:15:04.414116,False,dbe06b83d49055fc667960025e0d9f5bc67f7cabf9b126554902c74d57061279
ingestion/data/ministers/Relationships/warnings.json,.json,1259,2026-02-14T02:15:04.433435,False,aef8c9853376fb6346b6f118a8655423288ed876d67086792f348c1442342e71
ingestion/data/ministers/Resilience/claims.json,.json,557,2026-02-13T17:01:39.541383,False,edaa890d1eaaab76e98ef4e6260c00e94a429bfd98cad9e09a0dd15669152237
ingestion/data/ministers/Resilience/doctrine.json,.json,154,2026-02-13T17:01:39.473234,False,ade19ced975f8207436768e08a0b5d4efc70af4abe1fc334cee8b662fe885025
ingestion/data/ministers/Resilience/principles.json,.json,813,2026-02-13T17:01:39.497809,False,b7e1e16f59f505712c1d636b419827722515fb539c2aa45ed059bf10387e6a79
ingestion/data/ministers/Resilience/rules.json,.json,814,2026-02-13T17:01:39.524375,False,ba859e6f31fbfae1a8b9b3cf29c989e883fe76e5cefeace1b503149396cb2865
ingestion/data/ministers/Resilience/warnings.json,.json,842,2026-02-13T17:01:39.577908,False,dd411bc41aa63449ed912265588f1f5b1201692c0b27b6e89aadf18b7ab2f375
ingestion/data/ministers/risk/claims.json,.json,489119,2026-02-15T00:56:08.678480,False,cbb3080404a25436d0222891a89314ee193873197ec0b5d1c2bde0d407946363
ingestion/data/ministers/risk/doctrine.json,.json,148,2026-02-11T15:16:58.321386,False,6a05111238d2c25e53b66c1db2704574d8c16ecf1edaf821a24218c98693a283
ingestion/data/ministers/risk/principles.json,.json,532411,2026-02-15T00:56:08.397726,False,ace165bf5046dce0ccf810d53a35b0056306af3ad6185f40bad193d675c4dcbb
ingestion/data/ministers/risk/rules.json,.json,577987,2026-02-15T00:56:08.574514,False,58e87e889900032278019c59166f942264604236b48dd2c1ed5224de93d8c079
ingestion/data/ministers/risk/warnings.json,.json,552508,2026-02-15T00:56:08.767539,False,708df7850928f72bcd1b85b41a5b1a285df2408d3daa867e1978d99b8d3c093d
ingestion/data/ministers/Risk Management/claims.json,.json,1233,2026-02-13T15:03:16.049160,False,d9f8a9d961edf730d6030f811bf2c3d136d9cf25de1aa02a8fa416f5eade80c9
ingestion/data/ministers/Risk Management/doctrine.json,.json,159,2026-02-13T15:03:15.896224,False,a7676daac99396247bf9399f3624b43775f2a05d0404aca2361ecbb2702538c3
ingestion/data/ministers/Risk Management/principles.json,.json,1139,2026-02-13T15:03:15.942014,False,04e45c1ffd0f8208d49aaeea085f471563ac72d8ac61c461533db36a1fc11ee3
ingestion/data/ministers/Risk Management/rules.json,.json,1102,2026-02-13T15:03:15.984481,False,6be1810b4527f085c0307f48e3e73d1920844998808fe6c6bc4d27d153cace90
ingestion/data/ministers/Risk Management/warnings.json,.json,1217,2026-02-13T15:03:16.142418,False,0510b632f82f5d69820fdfb2745ad2e95b54ecb7132088716f99f5b8b575951f
ingestion/data/ministers/rules/claims.json,.json,1092,2026-02-12T20:33:10.836607,False,f0039a4e9ee0aa6ba40eadcdb532b1e10e442a6feabe499a7188a2ad07568d0d
ingestion/data/ministers/rules/doctrine.json,.json,149,2026-02-12T20:33:10.714772,False,fda58843206de46255be424b786ee888857e2fea3385ea6198efb582477d63ea
ingestion/data/ministers/rules/principles.json,.json,1025,2026-02-12T20:33:10.751160,False,e40a27781d02157a7df261e7c9b4a414e90187e18eb2d25e9bdc4152c70828df
ingestion/data/ministers/rules/rules.json,.json,1413,2026-02-12T20:33:10.795802,False,f666d7728bab38d198ec432a10eb5c626f840193477dabe055d6a0ebfd1de2a2
ingestion/data/ministers/rules/warnings.json,.json,1059,2026-02-12T20:33:10.860633,False,e4565051dbe77f0706fe76cedda816d38985997ff8da275021693e6035ad992b
ingestion/data/ministers/Safety/claims.json,.json,1067,2026-02-14T02:20:12.314791,False,2026e6f0967931ab7ffb818ced512bb8ba8c16ad3d83105f3f8315fe9a4460ae
ingestion/data/ministers/Safety/doctrine.json,.json,150,2026-02-14T02:20:12.213219,False,4c3e38b24ee996b4b8c145ccee036b3647ed56699ab154c8a8c76058e50e9f93
ingestion/data/ministers/Safety/principles.json,.json,1122,2026-02-14T02:20:12.261675,False,60177df776325d99d574f2712fe35029f10b1a643bc1a5fd905a4e3963a7fd3c
ingestion/data/ministers/Safety/rules.json,.json,1074,2026-02-14T02:20:12.288785,False,19a21dc6be8fc709877f6fc67251620cfe6e0fde7b892dc9323d51ec83ceb987
ingestion/data/ministers/Safety/warnings.json,.json,1072,2026-02-14T02:20:12.346212,False,32a5eab009d566fd565fb5169093eb73b7d69e1df09b95b09002d2be3be77277
ingestion/data/ministers/Scientific Methodology/claims.json,.json,997,2026-02-12T20:33:21.463706,False,32cd5d490df9d3050383b3e165b3d5b4b9cb5c5814d2fb7e29ccae46a85a7968
ingestion/data/ministers/Scientific Methodology/doctrine.json,.json,166,2026-02-12T20:33:21.364623,False,bb8f67441751756b02bb16faae65acd8efe3c2e53c1ea24fe374eb3db8511111
ingestion/data/ministers/Scientific Methodology/principles.json,.json,982,2026-02-12T20:33:21.399588,False,1f111259b2c030c2a09f3539de61399707fea1f66a3c9319fe4c37227105f274
ingestion/data/ministers/Scientific Methodology/rules.json,.json,980,2026-02-12T20:33:21.428404,False,354fd2b6f4cb36c46bb9b24c65604e521ee050fc410a4155a558d99c79e014e1
ingestion/data/ministers/Scientific Methodology/warnings.json,.json,988,2026-02-12T20:33:21.500577,False,5b12a4a35ee5b9b5e8db30adfb0140b00cd30a2c6af5a21e2d42d6282b9b38cb
ingestion/data/ministers/Self-Awareness/claims.json,.json,1537,2026-02-14T02:20:12.592078,False,e2cec65543e731ed925304f01e951c0294f4529319212e1f74da4109ad498b87
ingestion/data/ministers/Self-Awareness/doctrine.json,.json,158,2026-02-14T02:20:12.518417,False,e43c86a6a5be3b584932090d36ee57d0595d4852f0af9c5e8eecd8bd64752c6b
ingestion/data/ministers/Self-Awareness/principles.json,.json,1099,2026-02-14T02:20:12.533079,False,5a0a1591d599861855184b221d6f757837f25894d875ae13f086e3b847d08d85
ingestion/data/ministers/Self-Awareness/rules.json,.json,1121,2026-02-14T02:20:12.554083,False,cc1693e77092c7439d27eec7531f37ceaab112e7f8ba3792314a9a78675012eb
ingestion/data/ministers/Self-Awareness/warnings.json,.json,1146,2026-02-14T02:20:12.612515,False,e9a66181bb556f760cee25aebe55210b59fb70f6d9fbdb31e423610933e50b58
ingestion/data/ministers/Self-Improvement/claims.json,.json,177,2026-02-15T00:56:08.212356,False,d0e8c19d46aa7e42ca1814e76ee3aa343061e91ad3d25a9ab393397bc74bace2
ingestion/data/ministers/Self-Improvement/doctrine.json,.json,160,2026-02-15T00:56:08.213354,False,ccb7cda5d31d9e61fe9db2fbb523ded3e16cba9eea4bad3a0c54575ba939a3da
ingestion/data/ministers/Self-Improvement/principles.json,.json,181,2026-02-15T00:56:08.211359,False,81756dd797f8fcd2a4fab3a660e1071c611231258064f1f8a27b47f497d4d019
ingestion/data/ministers/Self-Improvement/rules.json,.json,176,2026-02-15T00:56:08.211359,False,d28110633f4a3855135dd35e1dca62d119d32bedb67cae2aff14cf95d9b6bdc4
ingestion/data/ministers/Self-Improvement/warnings.json,.json,179,2026-02-15T00:56:08.212356,False,f7bb816bac52757e9919aa1eb2fa52f16698a6db75b63362183b037739cfb8d8
ingestion/data/ministers/Self-Management/claims.json,.json,579,2026-02-13T16:45:28.484067,False,d10c6589934fabb7c499bd3ba342fd30782057233f9539fc767af85eb8969907
ingestion/data/ministers/Self-Management/doctrine.json,.json,159,2026-02-13T16:45:28.426591,False,0ef8b7d1f7dba1f0547eba79881d6f89ed15fe142d4675f202931a1f9d5eeb74
ingestion/data/ministers/Self-Management/principles.json,.json,870,2026-02-13T16:45:28.454108,False,e79090f5fcde3a6fa3aba332cb778a2e604b3e63621a0d327df3c6c42b255ed9
ingestion/data/ministers/Self-Management/rules.json,.json,815,2026-02-13T16:45:28.474575,False,c4164e532218ad6d9eb7842bcd82363ab35c6d41a1ea0ac100d251c530ff2940
ingestion/data/ministers/Self-Management/warnings.json,.json,833,2026-02-13T16:45:28.509026,False,43f486a9e217687d06837b08628d58d67d1eeba5773d86601d9694031ffb93be
ingestion/data/ministers/Social/claims.json,.json,720,2026-02-13T11:02:31.795450,False,087c855e9bd69cda1632fe27bc98b1391f09484968fe301f7f18ea6d8541996a
ingestion/data/ministers/Social/doctrine.json,.json,150,2026-02-13T11:02:31.724343,False,00c946a0405c716b710e000c6ca8702f49c2cf96e906e968dad2a4646a72d9bf
ingestion/data/ministers/Social/principles.json,.json,727,2026-02-13T11:02:31.751359,False,0c6fe6e9a9e5357fe913deaaa3bfc9a54d7a951ad3666cdb0e0c8d00351523ac
ingestion/data/ministers/Social/rules.json,.json,721,2026-02-13T11:02:31.768441,False,e5b891082400aee3f2e483ad1f071e7876783f426c93f964d991f4a5c4b73ebc
ingestion/data/ministers/Social/warnings.json,.json,755,2026-02-13T11:02:31.821250,False,36afe72a4670081f7a66635fa171250c17b2854593e9f0ce5d7f72a9df7f041b
ingestion/data/ministers/Social Influence/claims.json,.json,844,2026-02-13T14:24:08.183851,False,6646a8ba386bdff7ae41b5f74f1c0a8b162f7618f69da9467ade503fe1d418a4
ingestion/data/ministers/Social Influence/doctrine.json,.json,160,2026-02-13T14:24:07.979922,False,eab7103cf50806b079bed830d85e9c32408e6cc0c6d075fee2606ebb54c9cd1f
ingestion/data/ministers/Social Influence/principles.json,.json,789,2026-02-13T14:24:08.007503,False,3888af80327ec6a03a111b8e545295f8d380f88431afd3c96c71f6f9e536df33
ingestion/data/ministers/Social Influence/rules.json,.json,1057,2026-02-13T14:24:08.082059,False,5340dad5e285479678b0699e940a1b86d0adfbaf456ed545c26abc8a07380b99
ingestion/data/ministers/Social Influence/warnings.json,.json,841,2026-02-13T14:24:08.295632,False,97aef84550c8fc3931b36d3c8909aa7b9f9e6ef29fba2c8ff122f9007e8c4dc8
ingestion/data/ministers/Social Interaction/claims.json,.json,1087,2026-02-13T11:02:31.762433,False,9028b2f0f09845c63a82fce87a89da7b4961e5466399e73751b98cf2bb7e0d26
ingestion/data/ministers/Social Interaction/doctrine.json,.json,162,2026-02-13T11:02:31.598784,False,46aa9c89ce046faf4a94084de6fcbe71e1d3c8f8419e8e49135a194a5b433e0c
ingestion/data/ministers/Social Interaction/principles.json,.json,1261,2026-02-13T11:02:31.720343,False,c7d71f0f2aab3e7b08b5ea3e620f8658e9235c8c5e2450c00a8ee5de98c99ea4
ingestion/data/ministers/Social Interaction/rules.json,.json,1092,2026-02-13T11:02:31.735351,False,3ebfa92b397c5e546ef1cbbfaeb2658bff71bb2c4cc83f3d07dc71a088875c7a
ingestion/data/ministers/Social Interaction/warnings.json,.json,1336,2026-02-13T11:02:31.790449,False,35767d65ee045c755c6321aae4cfb20c4b635b5dd48f44e0da667c279ab13faf
ingestion/data/ministers/Society/Culture/claims.json,.json,600,2026-02-14T00:40:44.957567,False,91b56067fe8c3b9ec39a1235db1184e70553f48cca3981d1c5df869523cfb302
ingestion/data/ministers/Society/Culture/doctrine.json,.json,151,2026-02-14T00:40:44.923971,False,9c1a2025803644f3cdc506cc3841cda3a1fd5607d5a7a2d409ccf86ed7e96e3c
ingestion/data/ministers/Society/Culture/principles.json,.json,172,2026-02-14T00:40:44.921082,False,009f301507aad02f60d19aa602c80dca7d0b14308d59d3cb945282690a8df0df
ingestion/data/ministers/Society/Culture/rules.json,.json,604,2026-02-14T00:40:44.943054,False,a8c0ab429b81dec518f996c34a7e6a922d482aa92af9d24a7117a5c0385a6e33
ingestion/data/ministers/Society/Culture/warnings.json,.json,918,2026-02-14T00:40:44.992041,False,51de666c54e1ad99086f2038f1963b9143b1c470af5c6e0baecd34e029653958
ingestion/data/ministers/spiritual-growth/claims.json,.json,869,2026-02-13T16:01:13.742880,False,9e89c1c7a115fe7ba99505d72f363c6a1d98a16f920e54dce5629faeaae5bd0b
ingestion/data/ministers/spiritual-growth/doctrine.json,.json,160,2026-02-13T16:01:13.655327,False,d0892a23c181a7517a4cf72792eba24a5da8cb77708541eb133c7aea0fbbd5fd
ingestion/data/ministers/spiritual-growth/principles.json,.json,1146,2026-02-13T16:01:13.694470,False,78c435449fc67af8851b50e0fe8a8e46a84740c579d687795e6cc77c835de094
ingestion/data/ministers/spiritual-growth/rules.json,.json,835,2026-02-13T16:01:13.722274,False,84a7a34f4e65d9f2bd22d0cdb5fcca0e5db04966a8994f483a1bbd9939f1b7b5
ingestion/data/ministers/spiritual-growth/warnings.json,.json,836,2026-02-13T16:01:13.767864,False,1bce6ee466c78454ef6923aeee02fa57059d8e65a520e870d58432857727e3a9
ingestion/data/ministers/Strategic Planning/claims.json,.json,820,2026-02-13T11:53:37.706655,False,35165f52b8947d5398593ec309ba6ce65a9284e5fb02507ff689861499ec14be
ingestion/data/ministers/Strategic Planning/doctrine.json,.json,162,2026-02-12T20:32:42.276002,False,0e9697ebab8b4c7bf1a72dfb08225fb0cdb251da464f73fb118c45b2b8782456
ingestion/data/ministers/Strategic Planning/principles.json,.json,1042,2026-02-13T11:53:37.672041,False,3e7af2000d25958d471b0eaac1b4fcca9c7fa59a59fadbc574d23f93cacbd0fb
ingestion/data/ministers/Strategic Planning/rules.json,.json,815,2026-02-13T11:53:37.686056,False,8a8b4783d7b2a244f8742dab950df2ff9e20e28fad9e3013391f543ab95ee293
ingestion/data/ministers/Strategic Planning/warnings.json,.json,573,2026-02-13T11:53:37.707674,False,0dc986200cee646454df921b80477ad30a80bf3bab60a0d09c3ff70385a49894
ingestion/data/ministers/strategy/claims.json,.json,374355,2026-02-15T00:56:08.249162,False,a1454136594a58af0c39e2e5e6705200e4bf740f250864a7551351054bbe2458
ingestion/data/ministers/strategy/doctrine.json,.json,152,2026-02-11T15:16:59.963656,False,8d7bf3fea9817ad392913e598b83947ddd0d6505c31a8b675edc0767da27fc00
ingestion/data/ministers/strategy/principles.json,.json,415962,2026-02-15T00:56:08.035917,False,ed6db4c50e293bbd424b97b6e29b42adac11fd3ba706a2aa840dc92c99af64cd
ingestion/data/ministers/strategy/rules.json,.json,458623,2026-02-15T00:56:08.206427,False,91b24937cd560d1c17269602569d39b4cab1687edebb7df08df8574d80f7a904
ingestion/data/ministers/strategy/warnings.json,.json,414137,2026-02-15T00:56:08.370202,False,2e3e2dd1130f3a76521bfadc0be10f1a37a6efd10ace1f47d0da56ab0776ee4e
ingestion/data/ministers/Stress Management/claims.json,.json,2083,2026-02-13T03:27:41.405708,False,d978fe2dbd7c3a41ef9c1f4a25d076712a6f67f2a61d2667685a65613f8a2566
ingestion/data/ministers/Stress Management/doctrine.json,.json,161,2026-02-13T03:27:41.114810,False,e3d67b05110502a341dd34ca3ba12b6ff7afbec4a9e4cb04274601713378a319
ingestion/data/ministers/Stress Management/principles.json,.json,1245,2026-02-13T03:27:41.170606,False,ca9186b0b0e7b7b9a7964e1f8ab01fc92827ea2b707e3331587ce0bf61b30a19
ingestion/data/ministers/Stress Management/rules.json,.json,2654,2026-02-13T03:27:41.309961,False,15d0981c7ac4f6ccf78e13ae1dfebb77e94e72300f06d6d3bf9a09c885c5f2bc
ingestion/data/ministers/Stress Management/warnings.json,.json,2689,2026-02-13T03:27:41.532145,False,53d16b94adaca27a099935633083dc767b87700b4f046b0a492b3a74be49119a
ingestion/data/ministers/Teamwork/claims.json,.json,1069,2026-02-14T02:20:12.439117,False,a1e4d8550bdfa482ef225b44ffe2d5b052dc5fff8fbca5feb7ddae7792891bc7
ingestion/data/ministers/Teamwork/doctrine.json,.json,152,2026-02-14T02:20:12.348854,False,c72304e2fd68d6554064eaffcc6a147f80137f9b9d85073d39913307768b05d8
ingestion/data/ministers/Teamwork/principles.json,.json,1124,2026-02-14T02:20:12.381866,False,edc86e0710bf3b55a008abe9060d534a9ab296164c2b80110c1700adc7d0c7b5
ingestion/data/ministers/Teamwork/rules.json,.json,1076,2026-02-14T02:20:12.405867,False,5fac99c940a6f2d94717bdb1c937f817d0df5d3daed0b6667dba6534729660b7
ingestion/data/ministers/Teamwork/warnings.json,.json,1074,2026-02-14T02:20:12.465937,False,f1f6b769770f7d2e7e2de4bd279768b12b30d0e225eaa48de058e512b9b503a0
ingestion/data/ministers/technology/claims.json,.json,94233,2026-02-13T08:12:26.958274,False,7b7bb189b2f45d840b83bcba336cd5f359dbc9da6609d65ccbe2babcc5567e8b
ingestion/data/ministers/technology/doctrine.json,.json,154,2026-02-11T15:16:58.808964,False,6184ba409d642dfd6e8cc14f9009e9ca999e481a860b579434ade3e08c18a69c
ingestion/data/ministers/technology/principles.json,.json,98308,2026-02-13T08:12:26.919913,False,85fbf5eb2b0a86cda1a4a225cc9a74695ae50e70abef46c25956fcdf951f4c3b
ingestion/data/ministers/technology/rules.json,.json,104593,2026-02-13T08:12:26.940304,False,2aa7213e6bd1f53e59419d7725922e05cbfea5a5902d424be07f0f9e10bc9016
ingestion/data/ministers/technology/warnings.json,.json,101839,2026-02-13T08:12:26.997280,False,0d12fc5bc08c0ceb45c3d2cbefc82c9a0fbd029908f311150f6236cc6772765f
ingestion/data/ministers/Theology/claims.json,.json,967,2026-02-13T19:12:59.227530,False,ff7886db0731b01673e87ee755f5dc3814d036975b7fa2dd972f7bb98a0b6e98
ingestion/data/ministers/Theology/doctrine.json,.json,152,2026-02-13T19:12:59.134531,False,e8b9d17d101542f3edc2fffec5ed8a9a1a600bda2d20eb0ccd1b5c477ba10ea1
ingestion/data/ministers/Theology/principles.json,.json,889,2026-02-13T19:12:59.157114,False,9bfaf9b863300ce835c1e1e51628d40a4329d70c9c4f4b686fc7094d056757f7
ingestion/data/ministers/Theology/rules.json,.json,932,2026-02-13T19:12:59.191221,False,ac788ad87c29b4a62b539091ef8585c5a9678f2c1cc975418c7f817d809f9503
ingestion/data/ministers/Theology/warnings.json,.json,955,2026-02-13T19:12:59.261160,False,fd9a05eb2a8efbf9943d38ab5fd5d94349629e6a6b323d51d499c3971ced5744
ingestion/data/ministers/time/claims.json,.json,907,2026-02-13T01:51:00.333855,False,9a4f7614b1ceee287f16ebfb680801781afd611cd24ecc067d5711bdd4925444
ingestion/data/ministers/time/doctrine.json,.json,148,2026-02-13T01:51:00.216512,False,5e89036b5997377fca947d819e43bc7ba6b5a81a002b6e9da27e4f8c54e5d929
ingestion/data/ministers/time/Existence/claims.json,.json,564,2026-02-13T16:22:38.892535,False,58a2b400d9886a635ceea59c4d8abff04b72cf9f9441d63075201cb1e517dfc1
ingestion/data/ministers/time/Existence/doctrine.json,.json,153,2026-02-13T16:22:38.767469,False,8d26416c462b15271ccfc58701f5a954718339e5decdbb575709bf60986fb4f4
ingestion/data/ministers/time/Existence/principles.json,.json,817,2026-02-13T16:22:38.832997,False,08968281ca4310323cd7ef8a9355bfba3f626da4e60c98db1fd57232552e31bb
ingestion/data/ministers/time/Existence/rules.json,.json,591,2026-02-13T16:22:38.844127,False,d730aec57bd4742bdbbbc7d3868ecb3c46bb9294e7efc941eaf14bf8dfd4aebf
ingestion/data/ministers/time/Existence/warnings.json,.json,848,2026-02-13T16:22:39.011618,False,b7ddc0bc740b91f594d184a3817f3000564d0c695e02188b8af89ce855cd9dec
ingestion/data/ministers/time/principles.json,.json,899,2026-02-13T01:51:00.249565,False,7be1343faf22bbe0bbbfa7f8936bfd7e9504c16ecfbe7a20cc5cacf76e114225
ingestion/data/ministers/time/rules.json,.json,1201,2026-02-13T01:51:00.300066,False,15d07c8af01b2e5d774125fec47b5b5de8b1c54dd32c64929daa2eb8ad2e19ad
ingestion/data/ministers/time/warnings.json,.json,939,2026-02-13T01:51:00.363132,False,acbac0eb7aa88f42a1eb32fa7dcd45cc33edeaacd50c90166ce244b6ed821aef
ingestion/data/ministers/Time Management/claims.json,.json,821,2026-02-12T16:57:37.609908,False,2ad2ec43e24796c91c3070c9bac299da4885f5b9330f3f77c17ba22273f55724
ingestion/data/ministers/Time Management/doctrine.json,.json,159,2026-02-12T16:57:37.508997,False,f62363caf22bff5926db487fb904b423bd480f702204dd1b95aa85e72fb06361
ingestion/data/ministers/Time Management/principles.json,.json,823,2026-02-12T16:57:37.536674,False,d98eb1d000f5a47b448a522dfffc9caa7c3c99bd1d8aaafc43e6729d73a0e702
ingestion/data/ministers/Time Management/rules.json,.json,815,2026-02-12T16:57:37.573158,False,2b770803ae480cc396d498e42fb2122bd3260ad68e87b2dc32f2ee8b3c5c7fcb
ingestion/data/ministers/Time Management/warnings.json,.json,813,2026-02-12T16:57:37.647811,False,0f13701a1053a77f1a004c009d27045d5a5fa898b492f7327ec68c64b6e1aaa0
ingestion/data/ministers/Time Management & Scheduling/claims.json,.json,2094,2026-02-13T03:27:41.773751,False,eef41c44d38e0a585ee8a80503fb66b4a99632255d483514ffff21a5214b3022
ingestion/data/ministers/Time Management & Scheduling/doctrine.json,.json,172,2026-02-13T03:27:41.535236,False,2949b8375d1cc7ae201aa19350854813b04041028c8650c0613c295f1d26c08e
ingestion/data/ministers/Time Management & Scheduling/principles.json,.json,1256,2026-02-13T03:27:41.554256,False,64b0da56833fd7bedcb496f64eac144cd521b0e55e93165019ad5073908df6b4
ingestion/data/ministers/Time Management & Scheduling/rules.json,.json,2665,2026-02-13T03:27:41.658326,False,8dbd2c2c773249f7f37d2d7663dd207296c86c1a34f7dffcb5abe0b59f44638c
ingestion/data/ministers/Time Management & Scheduling/warnings.json,.json,2700,2026-02-13T03:27:41.902385,False,7acb81e0e69ecb0e2469315393d13019dce58b6b4bc0836de044d27c9c315311
ingestion/data/ministers/timing/claims.json,.json,94597,2026-02-13T17:52:14.225115,False,57995dc9670652049311ff18bb551763b0e4767f8de1f6773ae3476e419a1f87
ingestion/data/ministers/timing/doctrine.json,.json,150,2026-02-11T15:17:00.374029,False,562428157a2bb7b165166e4722ffce97625352a24c964024feb0472daea8f103
ingestion/data/ministers/timing/principles.json,.json,100657,2026-02-13T17:52:14.046145,False,272e7d811474a16294f3bbc222f152d9844bc2c470d9e6609e9b513a8b171d73
ingestion/data/ministers/timing/rules.json,.json,109878,2026-02-13T17:52:14.175137,False,1f50d556efaab25a75eef5962f55214c52e7772c354df985487396f5cede1667
ingestion/data/ministers/timing/warnings.json,.json,98811,2026-02-13T17:52:14.338467,False,86ad9cbd507ef3e8a06d4779f6423d8d060e65b905d30bb0d27e01d258c849a8
ingestion/data/ministers/Travel/Logistics/claims.json,.json,170,2026-02-13T13:44:36.957826,False,f6cd9cdaf94fa553479d30aee5a52b01a38917df4ce4a2b4860abed0b80ae77d
ingestion/data/ministers/Travel/Logistics/doctrine.json,.json,153,2026-02-13T13:44:36.960332,False,0a1ef8fcfcfc3cd0a7c2d90ea652b4bf578b88b97868f85950b85db3561cee4e
ingestion/data/ministers/Travel/Logistics/principles.json,.json,174,2026-02-13T13:44:36.956825,False,186cd84a5dd546cc8ced71327acca4ba3f7b2aa25c55d2dc0e50edc39393faa1
ingestion/data/ministers/Travel/Logistics/rules.json,.json,169,2026-02-13T13:44:36.957826,False,9d98c250132cd298f084fb6aff9c895d554fb02ff25fe31ed9ded101834b98b5
ingestion/data/ministers/Travel/Logistics/warnings.json,.json,172,2026-02-13T13:44:36.959329,False,92a69f311b5a466e8d2e462e76d5cf642c43bad0df8939010f9bdb785beecffd
ingestion/data/ministers/truth/claims.json,.json,46385,2026-02-13T11:04:07.779896,False,db5b9e0f80211769c35b51110937b0bdfd5aef8bb9da76bb818fb1e20cbb3687
ingestion/data/ministers/truth/doctrine.json,.json,149,2026-02-12T00:16:30.585428,False,44c38622300a4884e5a58e077aadd1881aff8b5114f7c088f2e52659cedc9a6d
ingestion/data/ministers/truth/principles.json,.json,53513,2026-02-13T11:04:07.669528,False,0f6fe8c33a29bd27a356823a7b58b983b8de2e724103484302ba96e9e977da1e
ingestion/data/ministers/truth/rules.json,.json,53869,2026-02-13T11:04:07.722506,False,f8a0981111a6d1b5f608c89e5c27a37d24bab3295a04b885704ff54fd8445c1c
ingestion/data/ministers/truth/warnings.json,.json,52239,2026-02-13T11:04:07.885228,False,f68059676008d165fa68a4f2297a1a64c3be2b3f07c8608bb197ad00a029dd51
ingestion/data/ministers/Urban Planning/claims.json,.json,638,2026-02-15T01:25:37.147966,False,6090e03f023087af894ac4359c9f3be24e77801324f75382dd7320a7ab6d8fc1
ingestion/data/ministers/Urban Planning/doctrine.json,.json,158,2026-02-15T01:25:37.093652,False,bece44765ef5f7821691db64ca8e3d7e3cd109f9eec22460e57463bbd713b27f
ingestion/data/ministers/Urban Planning/principles.json,.json,925,2026-02-15T01:25:37.116955,False,18b1ad03c716fccb1ba21f433a379100df6281511813b2df7698969ad4beddcb
ingestion/data/ministers/Urban Planning/rules.json,.json,903,2026-02-15T01:25:37.139964,False,549ebbcda3d02f4c36c7c52ac843264f13128f993316a69b2e30a3b88f1684c6
ingestion/data/ministers/Urban Planning/warnings.json,.json,941,2026-02-15T01:25:37.162490,False,fa74d5263130baf8183fdae9c1bd5e1507e80f5ac9f5c3a45be468907c413859
ingestion/data/ministers/Wealth/claims.json,.json,580,2026-02-15T00:56:08.693931,False,76dd35e6a35c0716c97c80fbdf7833a1785b3821f80aadd0df6256fc76a9685d
ingestion/data/ministers/Wealth/doctrine.json,.json,150,2026-02-15T00:56:08.576458,False,e5774780ce57f8386c389fa14249091fc5640ac9b4d4542e9995cb7a9f4efe4d
ingestion/data/ministers/Wealth/principles.json,.json,850,2026-02-15T00:56:08.609474,False,9eb4ccb667e44c4d531da2cc9f392edd33772ac3bd51c17c997db019853d4976
ingestion/data/ministers/Wealth/rules.json,.json,861,2026-02-15T00:56:08.672492,False,2414641efdb34b34aa169f9329ebecc1658b3e45443594cf65ddcd3a581f7fa3
ingestion/data/ministers/Wealth/warnings.json,.json,588,2026-02-15T00:56:08.729362,False,3bded735a5f929300792f085e39a58053b505d068d1530ba65ffe974800adb17
ingestion/data/ministers/Wealth Accumulation/claims.json,.json,180,2026-02-15T00:56:08.214350,False,3d7939ca5b8b1cbc9c603a2db477fdb90d7585c23be570784378c55f1340bd02
ingestion/data/ministers/Wealth Accumulation/doctrine.json,.json,163,2026-02-15T00:56:08.215352,False,e84aa2f934e7c2daf448f36bcda8ad3f8ff672e6142401de9545edbc48b5766c
ingestion/data/ministers/Wealth Accumulation/principles.json,.json,184,2026-02-15T00:56:08.213354,False,f44f3cd6ba79c5a56b81acb2c64ca881ab9942908c8248bcc186a87f3c9fdb7a
ingestion/data/ministers/Wealth Accumulation/rules.json,.json,179,2026-02-15T00:56:08.214350,False,42076d5c6d9c647b79f2b6742e749eff8ad780ef3392973bd02eb2f8b07f56b6
ingestion/data/ministers/Wealth Accumulation/warnings.json,.json,182,2026-02-15T00:56:08.214350,False,4c8966e5b547b458ed57afc8fa1e5c514af492b5da2b4f2ec78ee94c3664153e
ingestion/data/ministers/Wealth Building/claims.json,.json,921,2026-02-15T00:56:08.672492,False,4677eae0bab2807bbd57501028e4919e0bd1c81e76719b654531edba7f475146
ingestion/data/ministers/Wealth Building/doctrine.json,.json,159,2026-02-15T00:56:08.520656,False,97276b22f858c4f801fa29feb4c23c3fc7c4669fd391b7f8c6fb947074e6a906
ingestion/data/ministers/Wealth Building/principles.json,.json,887,2026-02-15T00:56:08.558044,False,1e862695e4baa9be6ac630562616b98e786f25590117ecc25b96a3f9de9f077b
ingestion/data/ministers/Wealth Building/rules.json,.json,902,2026-02-15T00:56:08.621879,False,784cf362dcd65ba75d3265b2caa7d32c8a52fcf1cd3903e8ae65c664a0043e00
ingestion/data/ministers/Wealth Building/warnings.json,.json,932,2026-02-15T00:56:08.718997,False,ba00d2247cff91b3049780dbf56c393da47f4ec6dc6f304f9e08071c27f30ab4
ingestion/data/ministers/wildfire management/claims.json,.json,180,2026-02-14T02:59:41.004812,False,65535e8964238470c409a6e01194ec834ef7e981ea02f908b1c0a494aafb466e
ingestion/data/ministers/wildfire management/doctrine.json,.json,163,2026-02-14T02:59:41.005819,False,b802054debce5a40502ddfa4a08b739c2c4310df7bee6159c769548f3e2ecad1
ingestion/data/ministers/wildfire management/principles.json,.json,729,2026-02-14T02:59:41.026945,False,fa8da916566d65629d04873cdf205900182c89a0cdaf65b614628d6ea970fca4
ingestion/data/ministers/wildfire management/rules.json,.json,1094,2026-02-14T02:59:41.062824,False,d2ada4eaf695e8d8aac451d8b8cefba13c97958d3e0c7cb5e4e1e1644d685d02
ingestion/data/ministers/wildfire management/warnings.json,.json,743,2026-02-14T02:59:41.080765,False,d54a3cd3423e9d5b074a8ca4a20e41ce6a57a7eb978c07316cc1b165b38684ca
ingestion/data/ministers/Work-Life Balance/claims.json,.json,729,2026-02-13T11:02:31.930765,False,c218f13c9cc788f480ecfda91b979a7a3ad5eb9c3c293bb59bf58bd57c924039
ingestion/data/ministers/Work-Life Balance/doctrine.json,.json,161,2026-02-13T11:02:31.820250,False,d4292f0a14f6ee2ffa48babb5a40f141ced8e666e2b86e80d0662907ef3d0de0
ingestion/data/ministers/Work-Life Balance/principles.json,.json,721,2026-02-13T11:02:31.858254,False,5de4de72795eef21c035e7b08212dc451d56e1d568b1eed571e6d27a61e96c4b
ingestion/data/ministers/Work-Life Balance/rules.json,.json,748,2026-02-13T11:02:31.887762,False,2e472f8cf5f53ea469b9186995c026bf59fbbc415ef21617f5b7cc6eb67b44ba
ingestion/data/ministers/Work-Life Balance/warnings.json,.json,717,2026-02-13T11:02:31.991280,False,b9d437539c2c091366f5aa0474b5b265466c4a470f07b5b872b6aaa836a33644
ingestion/v1/ingest.py,.py,59600,2026-02-10T17:01:50.344521,False,0e187d4f90f44dc7da567307ce98121dee8722d8e1e445e619184e1431371f73
ingestion/v1/llm.py,.py,51731,2026-02-10T17:01:50.344521,False,48343c708f778c3d4229e337152a1d674bd17102d8c6505bc06bb94105580502
ingestion/v2/CONCRETE_MODIFICATIONS_EXAMPLE.md,.md,14561,2026-02-15T00:22:18.927263,False,f2c1981716e349ab75c036e8525e487f4d2193a237c153961dd090479e22d559
ingestion/v2/data/memory/ministers_index.json,.json,84,2026-02-15T01:25:29.237352,False,e98ab5af0b5449793c9139f2e09cc12fa3aeba9b5ba4da381018ae9c6993869a
ingestion/v2/data/memory_db_stub.json,.json,194,2026-02-12T00:16:30.739662,False,8ca8452e47f2cfe63a0cee6f81b52f7ed90d78464f0821b9d9b9a45176e83d70
ingestion/v2/data/vector_db_stub.json,.json,39004593,2026-02-13T11:22:08.858050,False,0ff6763c3a9b68f6e42a931c24dbffa56fe9243330c2f49aedcbf508226bc382
ingestion/v2/ingest_kis_integration_test.log,.log,31766,2026-02-15T00:34:22.718704,False,ca388b67710732fe4b8ef57ae28cb1607ac06c2e2b5d0584ccf5decf1207be19
ingestion/v2/ingest_kis_test.log,.log,3680,2026-02-15T00:43:02.452223,False,a816b55b51092f581bb746b918184a2bac8fbf1ade790734f87fc4846b680f50
ingestion/v2/INTEGRATION_GUIDE_KIS.md,.md,12064,2026-02-15T00:21:29.953530,False,9d4be8acb2da110b61b30fd5fbc938a06d1aeab273f3bc9d2ad487707f149dd3
ingestion/v2/MODIFICATIONS_APPLIED.md,.md,10254,2026-02-15T00:28:22.984059,False,9c5a12d70d96fa1cd9cfd4a326f697c2eb0cfbfb7d3d447dec40f7ac17c6f243
ingestion/v2/rag_cache/llm/009a419ee1051ceb309c38d3a9aa3ce42663172ad91b8c7fb1977561bd65d8e8.json,.json,127,2026-02-15T00:41:27.697279,False,c7b055ea12c0aeb3b366ece24c4c9ca9b26c7271a33211cc82f7ef584156825f
ingestion/v2/rag_cache/llm/00cae99d3479eeef7f706cb0f4a5e145bfc03d5da22fc8a52d25243db466ff96.json,.json,128,2026-02-15T00:41:07.507469,False,565f137552da02c5a56b0503d0771fe9dfc7f3408c6679bba4407d50b71787ea
ingestion/v2/rag_cache/llm/00d3c05ea1a5b332cf094883772ea6e3a43cfdcb3869a75942f61cd6ab3c8c0c.json,.json,51,2026-02-15T00:39:28.864847,False,152fdeb64675443c775273c7e95052858c8dfaf97b546bf96e65e1905b75083c
ingestion/v2/rag_cache/llm/02383b499a680aa0d79664a9e7b343715a7becdcb26f8a33342692f9a3581f2e.json,.json,127,2026-02-15T00:38:00.510658,False,b43953bc959798ce11e192f55edec365e9e733b871ae9ae47b4b4c8bd8460b70
ingestion/v2/rag_cache/llm/02ce5e52aec09ff505bbbfd82c23bf364fbde89d561ec279af08810d564c23b8.json,.json,127,2026-02-15T00:41:48.939670,False,b43953bc959798ce11e192f55edec365e9e733b871ae9ae47b4b4c8bd8460b70
ingestion/v2/rag_cache/llm/0462f28a26ef5b694d510c65eb35114c4f004bdcfc0d6ceea8ef29ba88b17530.json,.json,51,2026-02-15T00:40:34.060585,False,152fdeb64675443c775273c7e95052858c8dfaf97b546bf96e65e1905b75083c
ingestion/v2/rag_cache/llm/059353462911e28ddf83dd1b868c6fea49f57edfe7518f30b7d681f7fe896e58.json,.json,122,2026-02-15T00:41:50.620705,False,3d68682b5eeb329d95d568397b711e09b58a62d5f6d88600d15c40849b9cd345
ingestion/v2/rag_cache/llm/05d2fca7fbc00627c11cc214877b52838c998ffd0759d1cfe4b4e0c99e19a783.json,.json,127,2026-02-15T00:39:55.971590,False,b43953bc959798ce11e192f55edec365e9e733b871ae9ae47b4b4c8bd8460b70
ingestion/v2/rag_cache/llm/08939e6372e47da3647dd816544e595b9faecb46903cb24405875e62a5cce1b6.json,.json,127,2026-02-15T00:39:46.112357,False,b43953bc959798ce11e192f55edec365e9e733b871ae9ae47b4b4c8bd8460b70
ingestion/v2/rag_cache/llm/096fff63a2b99b0d57024ffb2b4a97e03d14b9a29dda5542bb37b55326dd92eb.json,.json,51,2026-02-15T00:41:41.233478,False,152fdeb64675443c775273c7e95052858c8dfaf97b546bf96e65e1905b75083c
ingestion/v2/rag_cache/llm/0992445227192b2cddbb8470b446f652615a9e1208bcc113525b015186817840.json,.json,127,2026-02-15T00:39:24.398589,False,b43953bc959798ce11e192f55edec365e9e733b871ae9ae47b4b4c8bd8460b70
ingestion/v2/rag_cache/llm/0d3adeae193d97fb9004aa93443921ca552de1d045bd57602ddb1f59618e2f7c.json,.json,127,2026-02-15T00:38:27.028519,False,80b0de0b6284d216c5563649f99e81c7f6f82f320ae47df0d913c1e86a7d228e
ingestion/v2/rag_cache/llm/0dd835d97a146272d48d6a753c15e5d80ae24a930d9a0ec9c7ee2846111651bc.json,.json,127,2026-02-15T00:40:32.630430,False,b43953bc959798ce11e192f55edec365e9e733b871ae9ae47b4b4c8bd8460b70
ingestion/v2/rag_cache/llm/0e01f34ec7041bb0d556b66f2851b008b276620930620204d9841ceefe79bde6.json,.json,127,2026-02-15T00:39:42.227373,False,b43953bc959798ce11e192f55edec365e9e733b871ae9ae47b4b4c8bd8460b70
ingestion/v2/rag_cache/llm/0ebb707394fdec34dd3df6d9e1c157c34f83d4b3e09d80cc9d99ad1c567fea32.json,.json,127,2026-02-15T00:37:59.628433,False,b43953bc959798ce11e192f55edec365e9e733b871ae9ae47b4b4c8bd8460b70
ingestion/v2/rag_cache/llm/0ff579c89f7a6dd6d3c9b74bcd90b1c594f62b24301da7c9d3a8b7b984174ecd.json,.json,127,2026-02-15T00:39:44.169336,False,b43953bc959798ce11e192f55edec365e9e733b871ae9ae47b4b4c8bd8460b70
ingestion/v2/rag_cache/llm/10140bcb5050f42a1ffe770648f565e106c988596c42132f3a0b881c0b054d0a.json,.json,127,2026-02-15T00:40:57.361496,False,c7b055ea12c0aeb3b366ece24c4c9ca9b26c7271a33211cc82f7ef584156825f
ingestion/v2/rag_cache/llm/11c4bd79584e0cab7ad986ccb3d7747993fc585ac5fec3a84785aea2b8eb6ecd.json,.json,51,2026-02-15T00:39:31.985608,False,56eea00462e1b477c7b939b31348e01201ed74be3f173e153724f34979defc9e
ingestion/v2/rag_cache/llm/11cff8b87dd41695d7786e197c5b351b00b0d2bebd3597fe79e825d6f1e6f50f.json,.json,51,2026-02-15T00:39:03.184004,False,152fdeb64675443c775273c7e95052858c8dfaf97b546bf96e65e1905b75083c
ingestion/v2/rag_cache/llm/11d7897edce14e209a6b8a3553ed05216d1161c031760668e9386eaa0e4d2209.json,.json,51,2026-02-15T00:40:26.247895,False,980521a4436b54e94b7da850b0607e617706d88e24619e969e2db9e756cd5656
ingestion/v2/rag_cache/llm/134b972df90f455d7c09d6c7754be39c18d687fc14d33d895a601a4399b9d8a6.json,.json,128,2026-02-15T00:39:37.086104,False,7559e34fd09aae7303c5566bf1971f5c2e232bc9a760f3941576c08bcb182207
ingestion/v2/rag_cache/llm/14e6aed9eb41339eb66a14781b2f3760ba131ab0a6f99ab2f91cd65833a67f39.json,.json,127,2026-02-15T00:39:38.234592,False,b43953bc959798ce11e192f55edec365e9e733b871ae9ae47b4b4c8bd8460b70
ingestion/v2/rag_cache/llm/158ede8a9e1b8267fe796b33f5ee412e116397cac271174ae5e1fbf0270587c5.json,.json,51,2026-02-15T00:41:37.884504,False,152fdeb64675443c775273c7e95052858c8dfaf97b546bf96e65e1905b75083c
ingestion/v2/rag_cache/llm/1e36667af2473b3e5509b72d73206790f1c35e678fc1789e28613a4dd7ab5664.json,.json,128,2026-02-15T00:38:22.655513,False,7559e34fd09aae7303c5566bf1971f5c2e232bc9a760f3941576c08bcb182207
ingestion/v2/rag_cache/llm/2267e3b2781e4d2e3d604d6eb33d1d4db8a15b26f729b685088f61d22d4d2385.json,.json,127,2026-02-15T00:39:58.801311,False,b43953bc959798ce11e192f55edec365e9e733b871ae9ae47b4b4c8bd8460b70
ingestion/v2/rag_cache/llm/24441dd5c7f5d7827c121744eac0c476de627cb35d7c50cc872cd697fc958491.json,.json,127,2026-02-15T00:39:01.641418,False,b43953bc959798ce11e192f55edec365e9e733b871ae9ae47b4b4c8bd8460b70
ingestion/v2/rag_cache/llm/272fe9c9e9cf5b387b57796de34a65f01848c21e302b9475bdfe03456150d000.json,.json,51,2026-02-15T00:40:17.805465,False,152fdeb64675443c775273c7e95052858c8dfaf97b546bf96e65e1905b75083c
ingestion/v2/rag_cache/llm/275aacc99a57c2e6425ea05d3356a37622486649e20bd011ed51a198de7893ef.json,.json,127,2026-02-15T00:41:31.420777,False,80b0de0b6284d216c5563649f99e81c7f6f82f320ae47df0d913c1e86a7d228e
ingestion/v2/rag_cache/llm/28e2f012f6ca556e540216546568d94138195f60bffcd6859162579706f28b45.json,.json,128,2026-02-15T00:39:09.542559,False,7559e34fd09aae7303c5566bf1971f5c2e232bc9a760f3941576c08bcb182207
ingestion/v2/rag_cache/llm/2c31b3f1e6ba65ffa73197385d205c675c89043dfa2cb97703eac1298276824b.json,.json,52,2026-02-15T00:39:08.136375,False,b33b79f7ccff821c732d3a7dc0973791bd793ba19d087bc262d57d8aeeaf8d94
ingestion/v2/rag_cache/llm/2e011f18b8e204739fd3b6734279c1b6dccde5a17b6171f10b6addc335b24c28.json,.json,51,2026-02-15T00:39:33.665469,False,56eea00462e1b477c7b939b31348e01201ed74be3f173e153724f34979defc9e
ingestion/v2/rag_cache/llm/318f600965467ecc6d94ca540b04bb81bc2e19f6aada315e91461176db03f119.json,.json,127,2026-02-15T00:38:28.824915,False,b43953bc959798ce11e192f55edec365e9e733b871ae9ae47b4b4c8bd8460b70
ingestion/v2/rag_cache/llm/31d13ad064df4654054fb2bed6de5135cd22e609d20e314207a88f2f0ff3b33e.json,.json,128,2026-02-15T00:41:46.248650,False,7559e34fd09aae7303c5566bf1971f5c2e232bc9a760f3941576c08bcb182207
ingestion/v2/rag_cache/llm/34b5134dec7b93095c3e8c538eefcd82b4b166d20c6b57648cc6820d375537ce.json,.json,51,2026-02-15T00:39:22.756036,False,152fdeb64675443c775273c7e95052858c8dfaf97b546bf96e65e1905b75083c
ingestion/v2/rag_cache/llm/376cdc92d73c4ae6c56b225bc4195be6e71ef4f8eb1e0c204ee6b9f613bf663e.json,.json,127,2026-02-15T00:40:24.703548,False,b43953bc959798ce11e192f55edec365e9e733b871ae9ae47b4b4c8bd8460b70
ingestion/v2/rag_cache/llm/3946813867ce4ecf968f9a1fe4675e0a92d2c18829b7538574b1cecb969ae839.json,.json,51,2026-02-15T00:39:12.309896,False,152fdeb64675443c775273c7e95052858c8dfaf97b546bf96e65e1905b75083c
ingestion/v2/rag_cache/llm/3af07eb44830cde2408d7212d76cfdaf47721fc6ac9573d5d55e44340e84a722.json,.json,51,2026-02-15T00:40:44.174877,False,152fdeb64675443c775273c7e95052858c8dfaf97b546bf96e65e1905b75083c
ingestion/v2/rag_cache/llm/3cd4bdc2a81aba3b811e703deeab7a66a709f8b0ac8f7147aaa9b9283ad4b511.json,.json,51,2026-02-15T00:40:51.883615,False,152fdeb64675443c775273c7e95052858c8dfaf97b546bf96e65e1905b75083c
ingestion/v2/rag_cache/llm/3d61f0cda1f3bfcc5d7d22e9ecf48f798626e52c0022483b20c8496fcd85de53.json,.json,127,2026-02-15T00:41:44.445107,False,b43953bc959798ce11e192f55edec365e9e733b871ae9ae47b4b4c8bd8460b70
ingestion/v2/rag_cache/llm/418223e13bf0b5d2b2e6850a70e5a163dd483515f7d5eab1d9f63e2d2d876194.json,.json,127,2026-02-15T00:38:44.977196,False,b43953bc959798ce11e192f55edec365e9e733b871ae9ae47b4b4c8bd8460b70
ingestion/v2/rag_cache/llm/435287ef2445c787e77baece55f759a12e7521bbc665a8a563238daa24381997.json,.json,52,2026-02-15T00:39:30.255574,False,f52f7bcf8fd988e7d9ce74e0a9df4597c8cd9efd1865cddf8287261e381c45d3
ingestion/v2/rag_cache/llm/4366cf33d911c685b824853067725e282ad38e1b7561b171d538be04d1e0e5a9.json,.json,51,2026-02-15T00:40:22.938956,False,152fdeb64675443c775273c7e95052858c8dfaf97b546bf96e65e1905b75083c
ingestion/v2/rag_cache/llm/45018eb48b9ccad35c54d55dac6d2d997d74c04bbe816e66e183f78983c4a5d3.json,.json,127,2026-02-15T00:41:34.638945,False,b43953bc959798ce11e192f55edec365e9e733b871ae9ae47b4b4c8bd8460b70
ingestion/v2/rag_cache/llm/47f0b188f63730ae378e990ffe082e8f9339fabed5d23db3419edce5aafb46c5.json,.json,128,2026-02-15T00:40:28.027732,False,7559e34fd09aae7303c5566bf1971f5c2e232bc9a760f3941576c08bcb182207
ingestion/v2/rag_cache/llm/48647dcc5a2795a4ea89376e4d76abc3c2368ec24718ddfd99c32ce46140ed9e.json,.json,127,2026-02-15T00:38:46.418244,False,80b0de0b6284d216c5563649f99e81c7f6f82f320ae47df0d913c1e86a7d228e
ingestion/v2/rag_cache/llm/4ac2e02478765b073aa0a947132a85a781608ac1d43a73e49f43807ed31895b0.json,.json,122,2026-02-15T00:39:57.682698,False,3d68682b5eeb329d95d568397b711e09b58a62d5f6d88600d15c40849b9cd345
ingestion/v2/rag_cache/llm/4b2170a972699797fd0e186445cb6402bfa057978459ee48b68d05e6498cdb45.json,.json,51,2026-02-15T00:41:20.945662,False,152fdeb64675443c775273c7e95052858c8dfaf97b546bf96e65e1905b75083c
ingestion/v2/rag_cache/llm/4b5e17c08a923e4448c772a9df213ef1cc8cb791fe9a29c9ddf97d5b90347e3b.json,.json,51,2026-02-15T00:41:54.582995,False,152fdeb64675443c775273c7e95052858c8dfaf97b546bf96e65e1905b75083c
ingestion/v2/rag_cache/llm/4bf28d7d294657167b461189ad2201be8443eedafd6f384b143a677e89abff15.json,.json,51,2026-02-15T00:38:49.572470,False,152fdeb64675443c775273c7e95052858c8dfaf97b546bf96e65e1905b75083c
ingestion/v2/rag_cache/llm/5371f129e5d1e2479c5cdfa426ae6d6070ed4a85a5a4b86c4dc6ff50e8afffd5.json,.json,127,2026-02-15T00:41:12.629807,False,b43953bc959798ce11e192f55edec365e9e733b871ae9ae47b4b4c8bd8460b70
ingestion/v2/rag_cache/llm/541948a92cadfe1a0aa6aec89b2e3b4114ea67a7f6562b1ef1cf0a53763653f9.json,.json,127,2026-02-15T00:41:51.788649,False,b43953bc959798ce11e192f55edec365e9e733b871ae9ae47b4b4c8bd8460b70
ingestion/v2/rag_cache/llm/56a4efd1af81a34d99cd40f4f7334a2f1d8c543392561beca7e3dac6c2581052.json,.json,51,2026-02-15T00:40:21.143362,False,152fdeb64675443c775273c7e95052858c8dfaf97b546bf96e65e1905b75083c
ingestion/v2/rag_cache/llm/5784c882770f45b78e9f66439c770c4ec4eda81574860a39c2413a0fb6662040.json,.json,128,2026-02-15T00:38:55.398100,False,7559e34fd09aae7303c5566bf1971f5c2e232bc9a760f3941576c08bcb182207
ingestion/v2/rag_cache/llm/5935524ff18e00eb128f5f4faf51a19a221a8870d66d2dd8f380e32186ab0492.json,.json,51,2026-02-15T00:41:08.780763,False,152fdeb64675443c775273c7e95052858c8dfaf97b546bf96e65e1905b75083c
ingestion/v2/rag_cache/llm/5a1ec3ab74a86a032c11395e8e7c9aa2620f802d3da5d2ca011a8171e517d9bc.json,.json,51,2026-02-15T00:38:05.414889,False,152fdeb64675443c775273c7e95052858c8dfaf97b546bf96e65e1905b75083c
ingestion/v2/rag_cache/llm/5da28b895c8f2436bb9a3cc0b451bed93128ade3cd28660b6614ce647ab1343e.json,.json,122,2026-02-15T00:40:55.295339,False,3d68682b5eeb329d95d568397b711e09b58a62d5f6d88600d15c40849b9cd345
ingestion/v2/rag_cache/llm/603360abb33839f0b7a94edcb6a7cbf7777a4dd2dff80bbdce4107413891ea04.json,.json,127,2026-02-15T00:41:15.435493,False,b43953bc959798ce11e192f55edec365e9e733b871ae9ae47b4b4c8bd8460b70
ingestion/v2/rag_cache/llm/61105da769a7ac50863dbcee6fa8a540f1b8405ff3ea61d5738047f3101c1e90.json,.json,51,2026-02-15T00:38:59.918225,False,152fdeb64675443c775273c7e95052858c8dfaf97b546bf96e65e1905b75083c
ingestion/v2/rag_cache/llm/61fd62e47c1628183f64471db2294762e1d14932674d53d8e17a83645b0ae023.json,.json,127,2026-02-15T00:41:03.340926,False,b43953bc959798ce11e192f55edec365e9e733b871ae9ae47b4b4c8bd8460b70
ingestion/v2/rag_cache/llm/622ae5e1b190cfef3d096e2fffb392169684a08e05e79ec4a8ce892e65f70026.json,.json,128,2026-02-15T00:39:26.077449,False,7559e34fd09aae7303c5566bf1971f5c2e232bc9a760f3941576c08bcb182207
ingestion/v2/rag_cache/llm/63262315e34df3943641196cd66aa77b3d1309c0d894b12be0bbcaa8bbf0571d.json,.json,127,2026-02-15T00:38:30.654184,False,80b0de0b6284d216c5563649f99e81c7f6f82f320ae47df0d913c1e86a7d228e
ingestion/v2/rag_cache/llm/6539647cff09e398c06143978ab6256da42acb055a291e0f03cf20cd9e6f6e2a.json,.json,51,2026-02-15T00:40:08.958254,False,152fdeb64675443c775273c7e95052858c8dfaf97b546bf96e65e1905b75083c
ingestion/v2/rag_cache/llm/677a991fe38f09cd2164310906cb20c4f0058462a5206c2281d2501bff2ce408.json,.json,127,2026-02-15T00:38:12.857026,False,b43953bc959798ce11e192f55edec365e9e733b871ae9ae47b4b4c8bd8460b70
ingestion/v2/rag_cache/llm/68f7ccbe09d16d5ea4853bebe869f5061e874bd556a13c9a9eba70b3432d1929.json,.json,127,2026-02-15T00:39:39.252035,False,cb07dd9e96aa48cce71c1747a77b9bc0ef7a04af5826d09a6b14772b8ff952c6
ingestion/v2/rag_cache/llm/692292a6179c5626971ec22aebf6962a66f90765952e916d63a83b6858cc4e16.json,.json,51,2026-02-15T00:38:52.604451,False,152fdeb64675443c775273c7e95052858c8dfaf97b546bf96e65e1905b75083c
ingestion/v2/rag_cache/llm/6a4b4135fdedd881cba88b058c361f78ee51015962697c643d0f644b75062a18.json,.json,122,2026-02-15T00:38:04.533032,False,3d68682b5eeb329d95d568397b711e09b58a62d5f6d88600d15c40849b9cd345
ingestion/v2/rag_cache/llm/6f5378d972c8e86502d889da5de7316795f04eb03a33ae504f95feee64af6876.json,.json,127,2026-02-15T00:38:14.575807,False,b43953bc959798ce11e192f55edec365e9e733b871ae9ae47b4b4c8bd8460b70
ingestion/v2/rag_cache/llm/724c697b93de76bc088e8681fe8c158178e6f352695b0a0f75f123e91dd6912e.json,.json,122,2026-02-15T00:38:02.417469,False,3d68682b5eeb329d95d568397b711e09b58a62d5f6d88600d15c40849b9cd345
ingestion/v2/rag_cache/llm/72db65cfb5ecdb8b5939c99826d408477e3565b87f428b058750cc8518443303.json,.json,52,2026-02-15T00:41:47.600844,False,ec4986dcc98103f6d41c30b5e2a086a14dfc987929ffbc08055e5d5019ed7f59
ingestion/v2/rag_cache/llm/7587954f4912a6bfc1bfe9d46526566eea4155c7c7578f5cc71043a97ce68b48.json,.json,128,2026-02-15T00:40:30.915346,False,aea99d0773d1b3999bef7da3d2b2cd9db44e068447361b3697bb384381b71437
ingestion/v2/rag_cache/llm/765dca72cecf4298479ae9a06ba4e3c9695f689f53d918804a9227cdd8b6ef39.json,.json,51,2026-02-15T00:38:20.913300,False,152fdeb64675443c775273c7e95052858c8dfaf97b546bf96e65e1905b75083c
ingestion/v2/rag_cache/llm/79601a4ab72a8b9008a07e71fab87f4ca934c2ad3bec4a4bcf565afb202798ff.json,.json,127,2026-02-15T00:38:23.967923,False,b43953bc959798ce11e192f55edec365e9e733b871ae9ae47b4b4c8bd8460b70
ingestion/v2/rag_cache/llm/7b748e4fad72ae9300e0f1614e5a708bce7f25a754797bb5a57573dfec78d346.json,.json,122,2026-02-15T00:41:56.044270,False,3d68682b5eeb329d95d568397b711e09b58a62d5f6d88600d15c40849b9cd345
ingestion/v2/rag_cache/llm/7e7c2d4e2144f3ae78f69249f505b5d2c3add8d656a98a4f43d50cef2d946abf.json,.json,51,2026-02-15T00:41:26.107331,False,152fdeb64675443c775273c7e95052858c8dfaf97b546bf96e65e1905b75083c
ingestion/v2/rag_cache/llm/7f9866e8712a671d78d791e0b1b288d0772fee4705c8b12660e01e834f0dc8dc.json,.json,127,2026-02-15T00:39:54.296542,False,b43953bc959798ce11e192f55edec365e9e733b871ae9ae47b4b4c8bd8460b70
ingestion/v2/rag_cache/llm/8175282597945940d4b1fd58ef7bef66515544ad25c16da322078331ab3b309d.json,.json,51,2026-02-15T00:40:19.293652,False,fc39371a7f2568cca53a64a36c3b4e077549b7bea39b6bae568ac1090278854c
ingestion/v2/rag_cache/llm/819ce8c005670dadd253012fe53fe6656270467ef59fb1c74d91eb5975e7bbaf.json,.json,127,2026-02-15T00:38:19.436020,False,b43953bc959798ce11e192f55edec365e9e733b871ae9ae47b4b4c8bd8460b70
ingestion/v2/rag_cache/llm/83fdf80ffebb24e04c11bbf25a1aa33bc49a7536847b23f5865a27e6481ad91e.json,.json,52,2026-02-15T00:38:51.242289,False,b33b79f7ccff821c732d3a7dc0973791bd793ba19d087bc262d57d8aeeaf8d94
ingestion/v2/rag_cache/llm/84d4f21f8d8070f1902fb35b22c3777db9cf237fbb3f28e7b32fd60cf536450b.json,.json,51,2026-02-15T00:39:51.182352,False,fc39371a7f2568cca53a64a36c3b4e077549b7bea39b6bae568ac1090278854c
ingestion/v2/rag_cache/llm/855b46806136cb6981f490e2defe1cb9421f8dfb31f41d3f04ebdc3e9609c7a2.json,.json,127,2026-02-15T00:39:47.943472,False,b43953bc959798ce11e192f55edec365e9e733b871ae9ae47b4b4c8bd8460b70
ingestion/v2/rag_cache/llm/86a40eb2cb17d90c24774f3f47dadc3bf617e51cf897ceae3ae979906b3f5763.json,.json,127,2026-02-15T00:40:38.655558,False,b43953bc959798ce11e192f55edec365e9e733b871ae9ae47b4b4c8bd8460b70
ingestion/v2/rag_cache/llm/8799d32a17f6e6536e32df9965d11419d3e8d31a3fb0a5616f464f87e2be5688.json,.json,127,2026-02-15T00:41:58.148084,False,b43953bc959798ce11e192f55edec365e9e733b871ae9ae47b4b4c8bd8460b70
ingestion/v2/rag_cache/llm/891da1aa522643d60ac6d28cb596ac1023296c0b6ee9b5d1bfeb22267f5098dc.json,.json,51,2026-02-15T00:38:39.441592,False,152fdeb64675443c775273c7e95052858c8dfaf97b546bf96e65e1905b75083c
ingestion/v2/rag_cache/llm/8e1d552505dcb761db9927f6c14b7d1505c635d2d385784e2f2d5cf615b6ce1c.json,.json,128,2026-02-15T00:41:59.162780,False,7559e34fd09aae7303c5566bf1971f5c2e232bc9a760f3941576c08bcb182207
ingestion/v2/rag_cache/llm/8fe1bcbbd1d39e29632db6787525f1b2df5a5fd504fd0d6771c373edb40af7bb.json,.json,128,2026-02-15T00:41:33.249239,False,7559e34fd09aae7303c5566bf1971f5c2e232bc9a760f3941576c08bcb182207
ingestion/v2/rag_cache/llm/93e36ac27d96a6b810969ae752c5809e51117adaae553f4138fc20c289586a7d.json,.json,52,2026-02-15T00:41:04.986566,False,b33b79f7ccff821c732d3a7dc0973791bd793ba19d087bc262d57d8aeeaf8d94
ingestion/v2/rag_cache/llm/93f57aad7064168de0449a844aed4180f8205cfb73b478f96b172e128b8aca34.json,.json,51,2026-02-15T00:40:49.992227,False,152fdeb64675443c775273c7e95052858c8dfaf97b546bf96e65e1905b75083c
ingestion/v2/rag_cache/llm/966725974c0bbe170ce0ac8e8470de4acd8c0194c52628651c5b14e19fc78bf4.json,.json,122,2026-02-15T00:41:11.618250,False,3d68682b5eeb329d95d568397b711e09b58a62d5f6d88600d15c40849b9cd345
ingestion/v2/rag_cache/llm/98184e049c7a99572b016d292dc7b4977e7109ac4d1826445c04d68965bd2725.json,.json,51,2026-02-15T00:39:19.101317,False,152fdeb64675443c775273c7e95052858c8dfaf97b546bf96e65e1905b75083c
ingestion/v2/rag_cache/llm/98fb34bcaa8ed08dc4dc1a2862c6c11904c8386685a9481631e4fe9f79d43cd1.json,.json,51,2026-02-15T00:38:35.804065,False,152fdeb64675443c775273c7e95052858c8dfaf97b546bf96e65e1905b75083c
ingestion/v2/rag_cache/llm/9ae5d6fdd6c7083e42cf22c6dd667903270f6e1c806dab78f101bc766cf4f49b.json,.json,128,2026-02-15T00:40:16.369431,False,7559e34fd09aae7303c5566bf1971f5c2e232bc9a760f3941576c08bcb182207
ingestion/v2/rag_cache/llm/9bcf376cdad89427a225cca33c9f0150a3196046f4173440598748649f15b0a9.json,.json,127,2026-02-15T00:39:10.964682,False,80b0de0b6284d216c5563649f99e81c7f6f82f320ae47df0d913c1e86a7d228e
ingestion/v2/rag_cache/llm/9cdb4f41dcc6d93758df67d314898bcd7c89dd3f028342c29e11d5b9a40faa1a.json,.json,127,2026-02-15T00:41:10.254946,False,b43953bc959798ce11e192f55edec365e9e733b871ae9ae47b4b4c8bd8460b70
ingestion/v2/rag_cache/llm/a1afa179580f7320b7d6417d6d64dd1cb343ed2924d602b1dc7640ee53998050.json,.json,127,2026-02-15T00:39:35.256951,False,b43953bc959798ce11e192f55edec365e9e733b871ae9ae47b4b4c8bd8460b70
ingestion/v2/rag_cache/llm/a252504c51c2cf29dfd704ebdf060d613be91a2aa3d19482653e28012d981ba8.json,.json,127,2026-02-15T00:41:42.799153,False,b43953bc959798ce11e192f55edec365e9e733b871ae9ae47b4b4c8bd8460b70
ingestion/v2/rag_cache/llm/a5820870c3b6dc91668f3562abcfd60bc4dc45e0c9c7246764ed641c4c50d69c.json,.json,127,2026-02-15T00:39:52.601648,False,b43953bc959798ce11e192f55edec365e9e733b871ae9ae47b4b4c8bd8460b70
ingestion/v2/rag_cache/llm/a6a0b22517c57755e37b4f11eabec28956ba5d8c6d19684959829466fa9c536d.json,.json,51,2026-02-15T00:39:13.918662,False,152fdeb64675443c775273c7e95052858c8dfaf97b546bf96e65e1905b75083c
ingestion/v2/rag_cache/llm/a73a4ce8f94d4cdd99f67faee04fc666d52d04274e3bf793cb8f09b608349d16.json,.json,128,2026-02-15T00:41:24.692682,False,7559e34fd09aae7303c5566bf1971f5c2e232bc9a760f3941576c08bcb182207
ingestion/v2/rag_cache/llm/a74ba07bd7c0105d63cc048dbdf20bedc746e173ec8d00cfefe73cef654ce648.json,.json,127,2026-02-15T00:38:03.401648,False,b43953bc959798ce11e192f55edec365e9e733b871ae9ae47b4b4c8bd8460b70
ingestion/v2/rag_cache/llm/a7ece65771536d3f25085a585636f74bb9511cf0c857b8d59b3a63d9dd86dde8.json,.json,127,2026-02-15T00:39:17.413581,False,b43953bc959798ce11e192f55edec365e9e733b871ae9ae47b4b4c8bd8460b70
ingestion/v2/rag_cache/llm/aabc816e8888d499f4376f8b4f3d7ee57e7330c96277159eb6f7b138694c67f2.json,.json,127,2026-02-15T00:41:01.668383,False,b43953bc959798ce11e192f55edec365e9e733b871ae9ae47b4b4c8bd8460b70
ingestion/v2/rag_cache/llm/ab43d4247c9b1d2ddd9fab762c62cd2217779fe426a8884d4fb5b46b24d0450b.json,.json,52,2026-02-15T00:39:49.811035,False,b33b79f7ccff821c732d3a7dc0973791bd793ba19d087bc262d57d8aeeaf8d94
ingestion/v2/rag_cache/llm/ad40089813a3fbaedcf5736037cfbd9d1bfe1e86b54f49b79b5579e250d015de.json,.json,51,2026-02-15T00:38:17.877847,False,152fdeb64675443c775273c7e95052858c8dfaf97b546bf96e65e1905b75083c
ingestion/v2/rag_cache/llm/ad5a17e6abcc955eeac44518e24a0e6b8f3c5e1f851e32b321a6282f9e3c57b6.json,.json,127,2026-02-15T00:38:11.141820,False,b43953bc959798ce11e192f55edec365e9e733b871ae9ae47b4b4c8bd8460b70
ingestion/v2/rag_cache/llm/ad5ad0ea7301cbcc98671686c7f413503ad526ddc4715e89507309a684a410b1.json,.json,127,2026-02-15T00:40:14.551794,False,b43953bc959798ce11e192f55edec365e9e733b871ae9ae47b4b4c8bd8460b70
ingestion/v2/rag_cache/llm/aef0efc203a0d5449eab4cc323f1148cd78addffa7afe54aa7b2666427c4101f.json,.json,128,2026-02-15T00:42:00.325758,False,49209ac62eee4da0725e8f3bbaf02dd0c567e5af7c5de7a0753d067a8dc4d4da
ingestion/v2/rag_cache/llm/af6d2e270d7a33e340884a7a50b20a9330973433a3ba3fb50d1769390cd8b524.json,.json,51,2026-02-15T00:40:58.653930,False,152fdeb64675443c775273c7e95052858c8dfaf97b546bf96e65e1905b75083c
ingestion/v2/rag_cache/llm/b81f53493a997d46d442b4dd5e34b8bec924e5d5359924b50d7a9270ad4be181.json,.json,51,2026-02-15T00:40:42.341608,False,152fdeb64675443c775273c7e95052858c8dfaf97b546bf96e65e1905b75083c
ingestion/v2/rag_cache/llm/b87c5411c7287748ac175fba23ad62e6e241e2f940c42d20791704285279c51b.json,.json,51,2026-02-15T00:40:07.136203,False,152fdeb64675443c775273c7e95052858c8dfaf97b546bf96e65e1905b75083c
ingestion/v2/rag_cache/llm/b90b724d51ab323089fe11c39a107a039492b68030a68847464c5e098e2a9daa.json,.json,128,2026-02-15T00:38:54.015621,False,7559e34fd09aae7303c5566bf1971f5c2e232bc9a760f3941576c08bcb182207
ingestion/v2/rag_cache/llm/b910954444e18ffe53451c09c71088b2c0b0a372989a3706b548ebd96effa667.json,.json,51,2026-02-15T00:38:06.384957,False,152fdeb64675443c775273c7e95052858c8dfaf97b546bf96e65e1905b75083c
ingestion/v2/rag_cache/llm/b9761695b104ecb98934feb063fef1f553f964da5c934d286f59a8d151d26e0d.json,.json,127,2026-02-15T00:38:01.476624,False,80b0de0b6284d216c5563649f99e81c7f6f82f320ae47df0d913c1e86a7d228e
ingestion/v2/rag_cache/llm/b9ac663962695221cb551efe041bc552e160c5ffcbc470910db13784061b154e.json,.json,127,2026-02-15T00:38:56.858550,False,b43953bc959798ce11e192f55edec365e9e733b871ae9ae47b4b4c8bd8460b70
ingestion/v2/rag_cache/llm/c064f506b6118e019078808b0d8e59d0630078832ed65621c18eced8c2da7242.json,.json,128,2026-02-15T00:38:16.260256,False,aea99d0773d1b3999bef7da3d2b2cd9db44e068447361b3697bb384381b71437
ingestion/v2/rag_cache/llm/c2fe9bab6de1fc9f2de41f35d889a7647a87067061be756466a43080c6fde550.json,.json,51,2026-02-15T00:41:06.243804,False,152fdeb64675443c775273c7e95052858c8dfaf97b546bf96e65e1905b75083c
ingestion/v2/rag_cache/llm/c487a5087c8adc1787f3b4099d085d5cc96643d18411f191cc74aad9e9625baf.json,.json,127,2026-02-15T00:38:41.120364,False,cb07dd9e96aa48cce71c1747a77b9bc0ef7a04af5826d09a6b14772b8ff952c6
ingestion/v2/rag_cache/llm/c80c8e38375e74171e4ccf9aa4f18cf2c00a14f67fbada521b98a5c63c4b1812.json,.json,128,2026-02-15T00:38:42.825458,False,7559e34fd09aae7303c5566bf1971f5c2e232bc9a760f3941576c08bcb182207
ingestion/v2/rag_cache/llm/c89bdfea149211bfe9eb113411aaa5beafe554a168f2fe034966fea8f3efb3fc.json,.json,127,2026-02-15T00:40:40.565217,False,b43953bc959798ce11e192f55edec365e9e733b871ae9ae47b4b4c8bd8460b70
ingestion/v2/rag_cache/llm/c9e7e93818d611a38db7f19dd00227bf25282ae4f2e449d0bf8e84f19eacdd19.json,.json,127,2026-02-15T00:40:37.124938,False,cb07dd9e96aa48cce71c1747a77b9bc0ef7a04af5826d09a6b14772b8ff952c6
ingestion/v2/rag_cache/llm/ccc910dad9e5c5024baccaf2d2aecf0189b8665f724a245bed5fa2bcce0c76bd.json,.json,127,2026-02-15T00:40:46.075717,False,80b0de0b6284d216c5563649f99e81c7f6f82f320ae47df0d913c1e86a7d228e
ingestion/v2/rag_cache/llm/d0c8276b3d5a0ac81b0224454af516500dc115eb1b11facd3bc105a50f69740c.json,.json,52,2026-02-15T00:40:02.589501,False,b33b79f7ccff821c732d3a7dc0973791bd793ba19d087bc262d57d8aeeaf8d94
ingestion/v2/rag_cache/llm/d1370c5d3791a5a79cc9e93cdeb151ff594b70dac394d746d0677aaf5d111de8.json,.json,127,2026-02-15T00:38:37.666906,False,b43953bc959798ce11e192f55edec365e9e733b871ae9ae47b4b4c8bd8460b70
ingestion/v2/rag_cache/llm/d285a821bba80e3110d1edd8114c8b93f029990078cf5c6c229671ff5ae83a05.json,.json,127,2026-02-15T00:38:09.534689,False,b43953bc959798ce11e192f55edec365e9e733b871ae9ae47b4b4c8bd8460b70
ingestion/v2/rag_cache/llm/d31364e2933e006dfec93ca24932990e8132028b56e4e7e75296d0df85e9bf80.json,.json,127,2026-02-15T00:40:59.915293,False,b43953bc959798ce11e192f55edec365e9e733b871ae9ae47b4b4c8bd8460b70
ingestion/v2/rag_cache/llm/d488571350dffbb3829aa49d8750f26ff1243468b488d6d3857cc1a69862980b.json,.json,128,2026-02-15T00:41:23.003122,False,7559e34fd09aae7303c5566bf1971f5c2e232bc9a760f3941576c08bcb182207
ingestion/v2/rag_cache/llm/d4ccf33c2df1789d0ee1bcd9a3f0131d8d0423ffdbec0dbb0127febcdd0970e5.json,.json,51,2026-02-15T00:40:03.877651,False,152fdeb64675443c775273c7e95052858c8dfaf97b546bf96e65e1905b75083c
ingestion/v2/rag_cache/llm/d569ee0d0550d934aff205b27e7ba455a44c3c4ab573509ce88094dddd1b256e.json,.json,127,2026-02-15T00:40:48.085728,False,b43953bc959798ce11e192f55edec365e9e733b871ae9ae47b4b4c8bd8460b70
ingestion/v2/rag_cache/llm/d645c40e691002619b7521a86508515318fc130160238f39e984a46e1dddf1ca.json,.json,127,2026-02-15T00:41:53.220141,False,b43953bc959798ce11e192f55edec365e9e733b871ae9ae47b4b4c8bd8460b70
ingestion/v2/rag_cache/llm/d6ec416a6c3634a64a7a90300f41ba7a64c4a81748601bb5281d987b611088a2.json,.json,127,2026-02-15T00:39:04.844009,False,b43953bc959798ce11e192f55edec365e9e733b871ae9ae47b4b4c8bd8460b70
ingestion/v2/rag_cache/llm/d74e81e81f2e8e5c7e6ec4ece05bef6f5585336145f8050f2cd51f727162a1d2.json,.json,127,2026-02-15T00:39:40.601513,False,b43953bc959798ce11e192f55edec365e9e733b871ae9ae47b4b4c8bd8460b70
ingestion/v2/rag_cache/llm/d98ca53859cce66316458f5eb49e646124a2857e15cb50d25b0370029caaeed5.json,.json,127,2026-02-15T00:38:58.237206,False,b43953bc959798ce11e192f55edec365e9e733b871ae9ae47b4b4c8bd8460b70
ingestion/v2/rag_cache/llm/db692096e46c6ec765cffeaf70a555f72141a7f9ad0c765b632d0aa6d3ea4e09.json,.json,127,2026-02-15T00:41:35.971723,False,80b0de0b6284d216c5563649f99e81c7f6f82f320ae47df0d913c1e86a7d228e
ingestion/v2/rag_cache/llm/db862b3506f54519065389bceb361df8fa20b5cffa435e9af05c5bce9bb96edb.json,.json,127,2026-02-15T00:41:29.510423,False,80b0de0b6284d216c5563649f99e81c7f6f82f320ae47df0d913c1e86a7d228e
ingestion/v2/rag_cache/llm/dbd94964de1f8f703f31fcff95ae47ab64fcca3266d5a4f04a871d6af5506140.json,.json,127,2026-02-15T00:39:15.746877,False,b43953bc959798ce11e192f55edec365e9e733b871ae9ae47b4b4c8bd8460b70
ingestion/v2/rag_cache/llm/ddcf2d3775fc6db4463d68f698c721108bdc6b6c75fe6299540ad12785a80503.json,.json,51,2026-02-15T00:40:01.456295,False,152fdeb64675443c775273c7e95052858c8dfaf97b546bf96e65e1905b75083c
ingestion/v2/rag_cache/llm/de3572c79f3d1200d3aec5c91b2cc5dc6aa47fb88c37c0162bed6cad1c3e9714.json,.json,122,2026-02-15T00:38:43.939163,False,3d68682b5eeb329d95d568397b711e09b58a62d5f6d88600d15c40849b9cd345
ingestion/v2/rag_cache/llm/e1c82fe41d0989a531eb257b4ffe18efdce3987966b0954c119508147e3ea953.json,.json,127,2026-02-15T00:38:25.293398,False,b43953bc959798ce11e192f55edec365e9e733b871ae9ae47b4b4c8bd8460b70
ingestion/v2/rag_cache/llm/e5295361945e69631f47f9c1bc9d530dea6caf582daefe8b0b5434c571a17c56.json,.json,127,2026-02-15T00:41:56.982454,False,b43953bc959798ce11e192f55edec365e9e733b871ae9ae47b4b4c8bd8460b70
ingestion/v2/rag_cache/llm/e5d3bbd31af02a8b5a6eb77719493b0e79bbdb261f1e2e4034517f6acb16cf5c.json,.json,128,2026-02-15T00:38:34.031501,False,9700069f5175fb8be6a9af46b76df422579172ede1ad06fb0396f997550dae5d
ingestion/v2/rag_cache/llm/e635f3a45959f780e346b82b79345f682c1cfbfe95764df4512139afca6ca921.json,.json,127,2026-02-15T00:40:05.373247,False,b43953bc959798ce11e192f55edec365e9e733b871ae9ae47b4b4c8bd8460b70
ingestion/v2/rag_cache/llm/ea3382383c4cc2fab8322e373f71b226d4c0aa7dda2bc2f3a50e42bb5db6a6e3.json,.json,128,2026-02-15T00:40:53.811169,False,7559e34fd09aae7303c5566bf1971f5c2e232bc9a760f3941576c08bcb182207
ingestion/v2/rag_cache/llm/ea398bdf11106b73499e861b9fc97dc39fbf0dbc18593c32da22aefe7c8c1069.json,.json,52,2026-02-15T00:39:27.495420,False,b33b79f7ccff821c732d3a7dc0973791bd793ba19d087bc262d57d8aeeaf8d94
ingestion/v2/rag_cache/llm/ec463d4d8b27c98cea682dca1daa3248f4f9a53cd7b3d917ea3fb490b7237ba9.json,.json,127,2026-02-15T00:39:20.946145,False,b43953bc959798ce11e192f55edec365e9e733b871ae9ae47b4b4c8bd8460b70
ingestion/v2/rag_cache/llm/edc477e2209ba3b37c68ff5e1310b2293740f28ae66e1047304b7a1c6d089cd0.json,.json,127,2026-02-15T00:41:17.196384,False,b43953bc959798ce11e192f55edec365e9e733b871ae9ae47b4b4c8bd8460b70
ingestion/v2/rag_cache/llm/f2153757b5df5ea548f71b0357434968c5436f5eb51cac8783af96fccbc715bf.json,.json,51,2026-02-15T00:40:10.787620,False,fc39371a7f2568cca53a64a36c3b4e077549b7bea39b6bae568ac1090278854c
ingestion/v2/rag_cache/llm/f33f40807a8fb5222505ada1c5483f588046e67fb26433174832ff1ced410bde.json,.json,51,2026-02-15T00:41:19.048698,False,152fdeb64675443c775273c7e95052858c8dfaf97b546bf96e65e1905b75083c
ingestion/v2/rag_cache/llm/f3a161ca74827af7952f370c9eddb63c19bed210703e4fea4849440fac7048e3.json,.json,127,2026-02-15T00:39:06.548805,False,c7b055ea12c0aeb3b366ece24c4c9ca9b26c7271a33211cc82f7ef584156825f
ingestion/v2/rag_cache/llm/f43745299a703b1e09baba08ee6cab83f7a8c3927fbffc206de355363c490e5e.json,.json,128,2026-02-15T00:40:35.773903,False,7559e34fd09aae7303c5566bf1971f5c2e232bc9a760f3941576c08bcb182207
ingestion/v2/rag_cache/llm/f4e2be2de453ebd743d0bd5f72dbd821a95812d5479b3b86d5094d14269e31c5.json,.json,128,2026-02-15T00:40:29.416197,False,aea99d0773d1b3999bef7da3d2b2cd9db44e068447361b3697bb384381b71437
ingestion/v2/rag_cache/llm/f654284d7148c71d3b62889d539ca503e584c272d14c1dd615187b8b40f92cec.json,.json,51,2026-02-15T00:40:56.229246,False,152fdeb64675443c775273c7e95052858c8dfaf97b546bf96e65e1905b75083c
ingestion/v2/rag_cache/llm/f6b174edca50753e250e6af4e57404b9d5c7751ea2af575690a69d57cbb5ea11.json,.json,128,2026-02-15T00:38:47.854065,False,aea99d0773d1b3999bef7da3d2b2cd9db44e068447361b3697bb384381b71437
ingestion/v2/rag_cache/llm/f77fe9ba4c2cfad586ea3bdd6e01450595d93c372771ef01c8fe1454c3e02816.json,.json,128,2026-02-15T00:41:39.802465,False,7559e34fd09aae7303c5566bf1971f5c2e232bc9a760f3941576c08bcb182207
ingestion/v2/rag_cache/llm/f7b15923fd459a75dc2f669a2b61e773d7e241a0493089c9820954f657af58a9.json,.json,127,2026-02-15T00:40:12.698217,False,c7b055ea12c0aeb3b366ece24c4c9ca9b26c7271a33211cc82f7ef584156825f
ingestion/v2/rag_cache/llm/f819846b8a608ea87a0b48f6c37146593bb2815e79e496ea0c82e74a4a5159b6.json,.json,51,2026-02-15T00:38:08.265107,False,980521a4436b54e94b7da850b0607e617706d88e24619e969e2db9e756cd5656
ingestion/v2/rag_cache/llm/f83a6895bf8be72b4036968e33e98426a82104d9c626f470b8fdc7a041723130.json,.json,127,2026-02-15T00:41:13.982021,False,80b0de0b6284d216c5563649f99e81c7f6f82f320ae47df0d913c1e86a7d228e
ingestion/v2/rag_cache/llm/fe10a8faa130860e98f7ef07a1389b947a433f0e62ed7430179bbc44a8c47526.json,.json,127,2026-02-15T00:38:32.296000,False,b43953bc959798ce11e192f55edec365e9e733b871ae9ae47b4b4c8bd8460b70
ingestion/v2/rag_cache/llm/ff7b8c46149085acf1b9d44a32e5846e67994792458f9b3b6e0d343c33b71ac3.json,.json,128,2026-02-15T00:40:00.224973,False,565f137552da02c5a56b0503d0771fe9dfc7f3408c6679bba4407d50b71787ea
ingestion/v2/rag_cache/llm/ff963de4cd65d1b14f03858edc5aea97af0f741284f633ff7574b60dbacf9db5.json,.json,127,2026-02-15T00:38:07.368499,False,b43953bc959798ce11e192f55edec365e9e733b871ae9ae47b4b4c8bd8460b70
ingestion/v2/rag_storage/20090526_TNA13Crawford2009/00_canonical_text.txt,.txt,52170,2026-02-12T11:16:33.699875,False,e3bf748222a5c5637c8cfe3b3a180577d512eecce39d355dfd4c0d33c101e05e
ingestion/v2/rag_storage/20090526_TNA13Crawford2009/00_raw.txt,.txt,52170,2026-02-12T11:16:33.697859,False,e3bf748222a5c5637c8cfe3b3a180577d512eecce39d355dfd4c0d33c101e05e
ingestion/v2/rag_storage/20090526_TNA13Crawford2009/01_chapters.json,.json,52416,2026-02-12T11:26:11.861970,False,8833a10c4969bef654987b91f1273add7ed894f5ebfc0526a13269a89688438c
ingestion/v2/rag_storage/20090526_TNA13Crawford2009/02_doctrine.json,.json,494,2026-02-12T11:26:32.574345,False,6d2e6b6278cfb3f8b30793c622ddb22183013f837724f3c12137ee4c3f90ca9f
ingestion/v2/rag_storage/20090526_TNA13Crawford2009/02_doctrine_chunks.json,.json,357,2026-02-12T11:26:32.570343,False,533775590315f38eced0fbed1b0ec94a0182b0e5a5b19fefe500f06e0bc8d66a
ingestion/v2/rag_storage/20090526_TNA13Crawford2009/02_doctrine_errors.log,.log,79,2026-02-12T11:26:32.564836,False,2305c6c2957c19533e8f11567bd645bcd7af99cd9f4f2f4bb9d5382c59d1f00f
ingestion/v2/rag_storage/20090526_TNA13Crawford2009/03_5_minister_conversion.json,.json,205,2026-02-12T11:26:37.705253,False,e77a4806ffc196cc313c7c409cc8543fddd78f28beb69d137ed84143f8add70c
ingestion/v2/rag_storage/20090526_TNA13Crawford2009/03_embeddings.json,.json,316,2026-02-12T11:26:37.662805,False,fe7910a36d18c9f35e5c2945fd1d22b73ae8b517f1d1d639c525d13171e8523e
ingestion/v2/rag_storage/20090526_TNA13Crawford2009/03_nodes_chunks.json,.json,2,2026-02-12T11:26:32.576363,False,4f53cda18c2baa0c0354bb5f9a3ecbe5ed12ab4d8e11ba873c2f11161202b945
ingestion/v2/rag_storage/20090526_TNA13Crawford2009/progress.json,.json,321,2026-02-12T11:26:37.717109,False,acd7377feeebcb2f678d424b187befe94484f2c93a39b21c72e46b8121b0af73
"ingestion/v2/rag_storage/2950_Daniel Kahneman - Thinking, Fast and Slow (2013)/00_canonical_text.txt",.txt,1156401,2026-02-12T13:53:04.029293,False,ae1d578223dacde51ac9c942cf7c65aa6ca855a03afb2bf2d86a4855d3d01a01
"ingestion/v2/rag_storage/2950_Daniel Kahneman - Thinking, Fast and Slow (2013)/00_raw.txt",.txt,1156401,2026-02-12T13:53:04.026294,False,ae1d578223dacde51ac9c942cf7c65aa6ca855a03afb2bf2d86a4855d3d01a01
"ingestion/v2/rag_storage/2950_Daniel Kahneman - Thinking, Fast and Slow (2013)/00_raw_repaired.txt",.txt,1156401,2026-02-12T13:53:04.023826,False,ae1d578223dacde51ac9c942cf7c65aa6ca855a03afb2bf2d86a4855d3d01a01
"ingestion/v2/rag_storage/2950_Daniel Kahneman - Thinking, Fast and Slow (2013)/01_chapters.json",.json,1399114,2026-02-12T14:08:37.321198,False,d90006baf847a84b7ba3fa6838c3ad427ac7f5a2e2bd5527559fffa4a15591fb
"ingestion/v2/rag_storage/2950_Daniel Kahneman - Thinking, Fast and Slow (2013)/02_doctrine.json",.json,98970,2026-02-12T14:48:50.634920,False,cc1503974352051a32d6dd385eb5239243b977a6f07cbcfe429910a9ca6d2448
"ingestion/v2/rag_storage/2950_Daniel Kahneman - Thinking, Fast and Slow (2013)/02_doctrine_chunks.json",.json,96412,2026-02-12T14:48:50.608752,False,7e468edeba054e537f3b337560a1018a0da2eda908ad63b156fa9d9c3e07a939
"ingestion/v2/rag_storage/2950_Daniel Kahneman - Thinking, Fast and Slow (2013)/02_doctrine_errors.log",.log,161,2026-02-12T14:44:03.750012,False,71e6ee4d948b6465561515fa5a2d75c0cf75a2dd480a4e5338dda86b3dbb1288
"ingestion/v2/rag_storage/2950_Daniel Kahneman - Thinking, Fast and Slow (2013)/03_5_minister_conversion.json",.json,501,2026-02-12T14:49:41.318015,False,9dcb87b13c17fb9d72ec67e6d99e59a2285057ea6b2a49d368bf294ee7fb76dd
"ingestion/v2/rag_storage/2950_Daniel Kahneman - Thinking, Fast and Slow (2013)/03_embeddings.json",.json,347,2026-02-12T14:48:59.961373,False,3730f731e8e180be9b0e036d74ef0ce9a8adb500c142b67fdcfc19391d56de0d
"ingestion/v2/rag_storage/2950_Daniel Kahneman - Thinking, Fast and Slow (2013)/03_nodes_chunks.json",.json,128773,2026-02-12T14:48:50.644919,False,36fb191f10519fca3f4fd95dd543b9280b5852828bd3b064a3632f27d5f1f9c8
"ingestion/v2/rag_storage/2950_Daniel Kahneman - Thinking, Fast and Slow (2013)/glyph_repair_1020485132589600869.txt",.txt,7998,2026-02-12T13:20:50.724828,False,c02bd12e58eff8e370c00fa674c90fdf207031be865e3080d8ccd19eb9e1ae9c
"ingestion/v2/rag_storage/2950_Daniel Kahneman - Thinking, Fast and Slow (2013)/glyph_repair_1024368333506222691.txt",.txt,7950,2026-02-12T13:31:45.097041,False,82555f78883e1a249c0967c09343387ff66657d43b8b5b00b66e1f5bea6c8429
"ingestion/v2/rag_storage/2950_Daniel Kahneman - Thinking, Fast and Slow (2013)/glyph_repair_1089242414018171855.txt",.txt,7975,2026-02-12T12:18:55.433031,False,1707d25a2d6c6e39b3bc2f84bcd450ad6aecbfed6bf22abed98db3a7e795a28a
"ingestion/v2/rag_storage/2950_Daniel Kahneman - Thinking, Fast and Slow (2013)/glyph_repair_1103758123527241051.txt",.txt,7323,2026-02-12T12:51:57.883789,False,eecfb840f7757cee1eb3ce5babf49d7669d6036bc003c1a19206799de0556ef1
"ingestion/v2/rag_storage/2950_Daniel Kahneman - Thinking, Fast and Slow (2013)/glyph_repair_1148712130770165040.txt",.txt,7938,2026-02-12T12:37:52.191342,False,f714ce8ce8fd298338311a7c42b2ba0a4f8482b93f8faedd330645bc9e69d0f5
"ingestion/v2/rag_storage/2950_Daniel Kahneman - Thinking, Fast and Slow (2013)/glyph_repair_1178499349294791374.txt",.txt,7963,2026-02-12T12:44:06.384172,False,3004f70108531618b7b35176d3c10bb6b317d722bd552e52151a4a67856975eb
"ingestion/v2/rag_storage/2950_Daniel Kahneman - Thinking, Fast and Slow (2013)/glyph_repair_1182724724701312655.txt",.txt,6656,2026-02-12T13:42:40.497398,False,526b908f85080310b8dd44964f8919a050269217d5c7d08c62ed7a4931120f49
"ingestion/v2/rag_storage/2950_Daniel Kahneman - Thinking, Fast and Slow (2013)/glyph_repair_1188670980796914946.txt",.txt,196573,2026-02-12T11:30:21.928726,False,0fc286976152c2965b4e220a6c3e78b0992e84ab11dfc5eb2cb860f7650679d5
"ingestion/v2/rag_storage/2950_Daniel Kahneman - Thinking, Fast and Slow (2013)/glyph_repair_1311814536620704379.txt",.txt,7885,2026-02-12T13:13:10.791034,False,5270ef36b696c16374bf5e7c0ca9e0c6748d3ed666011fede7515ec20cf4e538
"ingestion/v2/rag_storage/2950_Daniel Kahneman - Thinking, Fast and Slow (2013)/glyph_repair_1429061121871870483.txt",.txt,8026,2026-02-12T12:58:34.481891,False,ec75b6c1cb33fc0131e0c563a073720b4eb85b1c93a757e5362597877be30b98
"ingestion/v2/rag_storage/2950_Daniel Kahneman - Thinking, Fast and Slow (2013)/glyph_repair_1456497029916455456.txt",.txt,7875,2026-02-12T13:09:34.978375,False,a9af64743511a9c459d0d7891b1405ea9ffb5d2b26ca52aa2b7dabda9835b16c
"ingestion/v2/rag_storage/2950_Daniel Kahneman - Thinking, Fast and Slow (2013)/glyph_repair_1456961525256974257.txt",.txt,6011,2026-02-12T13:49:17.312138,False,2a5de8ab555c559e5470a0a275be6fd07ce49be6637b5c96bc79b54b0270d7c6
"ingestion/v2/rag_storage/2950_Daniel Kahneman - Thinking, Fast and Slow (2013)/glyph_repair_1469434131825091107.txt",.txt,7986,2026-02-12T12:51:21.817698,False,52b96b989089ea92456933963e0351d883f66cfc069656a225828cc4ed3ce8a0
"ingestion/v2/rag_storage/2950_Daniel Kahneman - Thinking, Fast and Slow (2013)/glyph_repair_1508359289706449625.txt",.txt,8429,2026-02-12T12:29:07.500638,False,0bac9a9f572f068f2003b83058336f63103217c61ae80d986ab079e37b691e2e
"ingestion/v2/rag_storage/2950_Daniel Kahneman - Thinking, Fast and Slow (2013)/glyph_repair_1560413940120710988.txt",.txt,8114,2026-02-12T12:13:10.985985,False,153ebf2de46d25d480dbe0e38ccdc6a7740f2f4bf58b6144dbcf82e1226b83cb
"ingestion/v2/rag_storage/2950_Daniel Kahneman - Thinking, Fast and Slow (2013)/glyph_repair_1569124022971562998.txt",.txt,187798,2026-02-12T11:35:06.996877,False,e33bc977d7adf3d7b10dc2a4c5b8bb62ea464634cc385f77614050c4b2a922a1
"ingestion/v2/rag_storage/2950_Daniel Kahneman - Thinking, Fast and Slow (2013)/glyph_repair_163647790111342224.txt",.txt,9104,2026-02-12T12:52:41.898396,False,de306da4dfb8aa0c1b39101b87eda9ecd0fc7c0397170b488f0a2c30910ef3d7
"ingestion/v2/rag_storage/2950_Daniel Kahneman - Thinking, Fast and Slow (2013)/glyph_repair_1675684506863048240.txt",.txt,7950,2026-02-12T12:57:54.839729,False,210cd188ed2a5afa8b6127a3f0e08c658d7c52a02377a6e6792985dc30dd669b
"ingestion/v2/rag_storage/2950_Daniel Kahneman - Thinking, Fast and Slow (2013)/glyph_repair_1694029185565260753.txt",.txt,6737,2026-02-12T12:35:52.059003,False,89e8e7316d350eb27c3303f654a76765b53d94915784b3dd0568155a780d3b4c
"ingestion/v2/rag_storage/2950_Daniel Kahneman - Thinking, Fast and Slow (2013)/glyph_repair_1712336904135370492.txt",.txt,7979,2026-02-12T12:37:13.227166,False,b44b705d95c4f06219e32c5da752fa39a07bfe50981fd4673e291c4b215a9e8e
"ingestion/v2/rag_storage/2950_Daniel Kahneman - Thinking, Fast and Slow (2013)/glyph_repair_1744951934488728042.txt",.txt,7924,2026-02-12T12:13:46.344671,False,a76e4a74baa07349dd0eab5b5882697bb1dc299e448db6c459125cc3e262376d
"ingestion/v2/rag_storage/2950_Daniel Kahneman - Thinking, Fast and Slow (2013)/glyph_repair_18011372929536797.txt",.txt,7968,2026-02-12T12:30:27.012468,False,8634b099decdfc8283db6ed4470c1537c08051d1fd8925474e4e656efe08e6f3
"ingestion/v2/rag_storage/2950_Daniel Kahneman - Thinking, Fast and Slow (2013)/glyph_repair_182977797217770242.txt",.txt,7887,2026-02-12T13:02:00.961354,False,7b957cc14fa6761533fa561252ff4fec7ac2c36c0cb7e5521a58fae9b3f82c2e
"ingestion/v2/rag_storage/2950_Daniel Kahneman - Thinking, Fast and Slow (2013)/glyph_repair_1881727269098711814.txt",.txt,8054,2026-02-12T12:35:17.719329,False,675043480d35ad9eb3f5bd66610b43498a3d0c9a42abce458f092dd36df246f0
"ingestion/v2/rag_storage/2950_Daniel Kahneman - Thinking, Fast and Slow (2013)/glyph_repair_1943076085957539141.txt",.txt,8723,2026-02-12T12:59:57.892391,False,c69fdf05f8229e9ab960377062a83d4d24ba39f10b444551f9a0b0c41c9c4fdb
"ingestion/v2/rag_storage/2950_Daniel Kahneman - Thinking, Fast and Slow (2013)/glyph_repair_1993220573614503232.txt",.txt,7996,2026-02-12T12:46:43.507081,False,dae00f532213426222f1d675852407e457c6dca05acd32276851a72eff0839f0
"ingestion/v2/rag_storage/2950_Daniel Kahneman - Thinking, Fast and Slow (2013)/glyph_repair_2004741208606156993.txt",.txt,8030,2026-02-12T13:33:40.211175,False,6a9bb3be99d0454d7a4f4cdde1725456ed1bb9bc6ccebf8852de81e3a400ba7c
"ingestion/v2/rag_storage/2950_Daniel Kahneman - Thinking, Fast and Slow (2013)/glyph_repair_2123228244128487096.txt",.txt,7922,2026-02-12T12:18:16.683420,False,6be1141c6d049eb21cc6fa1438172d35de9854f7062e76ac78f3e1307859df00
"ingestion/v2/rag_storage/2950_Daniel Kahneman - Thinking, Fast and Slow (2013)/glyph_repair_2187996814763042883.txt",.txt,190050,2026-02-12T11:33:47.532305,False,b1d15da13fc32d15d2be88bc7b63f140235372b825d2f59a80298f49122baaff
"ingestion/v2/rag_storage/2950_Daniel Kahneman - Thinking, Fast and Slow (2013)/glyph_repair_2198665490824835710.txt",.txt,7989,2026-02-12T12:33:54.091404,False,1611f127074c736d6ff54d033532e49d5bd94051783886ea2f20737e5ca6e9a2
"ingestion/v2/rag_storage/2950_Daniel Kahneman - Thinking, Fast and Slow (2013)/glyph_repair_2226123799637421790.txt",.txt,7964,2026-02-12T13:32:23.704857,False,c1aa2560c63900075f362858b55c43e2c46b2f97e5ebf071b78a5e71e9a6a73f
"ingestion/v2/rag_storage/2950_Daniel Kahneman - Thinking, Fast and Slow (2013)/glyph_repair_2243228953837880840.txt",.txt,5243,2026-02-12T13:44:36.673092,False,a91512ae3a7097fdf478dbcc34cf9af8a9c84e578c13ad4589397c0a897a2604
"ingestion/v2/rag_storage/2950_Daniel Kahneman - Thinking, Fast and Slow (2013)/glyph_repair_2298479186567698668.txt",.txt,211168,2026-02-12T11:35:50.911266,False,ee1803d782edf3aa5d1a4544b705f48d1a218b208971d2348faa41ef717a0485
"ingestion/v2/rag_storage/2950_Daniel Kahneman - Thinking, Fast and Slow (2013)/glyph_repair_2380364485711791005.txt",.txt,6490,2026-02-12T13:22:46.525975,False,7bd30177a6c5f6ec0c22a8bba1813f21b8be8debf3ea01241c550b581ba6ab7b
"ingestion/v2/rag_storage/2950_Daniel Kahneman - Thinking, Fast and Slow (2013)/glyph_repair_2386457833134005742.txt",.txt,7948,2026-02-12T12:53:57.451091,False,a250a8712d1ae28e7aea48f5c98573dc4c46f91800a7caafdb03ef5fe7db1e21
"ingestion/v2/rag_storage/2950_Daniel Kahneman - Thinking, Fast and Slow (2013)/glyph_repair_2462204145820530527.txt",.txt,204117,2026-02-12T11:29:03.220968,False,7e7951bb571889a8bf85c0beb26a5ac12a3a45aa4b8c823ca50b2b7046760a86
"ingestion/v2/rag_storage/2950_Daniel Kahneman - Thinking, Fast and Slow (2013)/glyph_repair_2462985905006610508.txt",.txt,8035,2026-02-12T12:56:36.291128,False,acc8c7fb5334da00ecdb3cadff645a09b8a275158336370b9e7c605d169bd80b
"ingestion/v2/rag_storage/2950_Daniel Kahneman - Thinking, Fast and Slow (2013)/glyph_repair_2463218979263903822.txt",.txt,7880,2026-02-12T13:11:09.043547,False,2c96c19247581067c882d1fabc78ba38fb9885aaa78c97737e2c47f22b531301
"ingestion/v2/rag_storage/2950_Daniel Kahneman - Thinking, Fast and Slow (2013)/glyph_repair_2479470558356914514.txt",.txt,6519,2026-02-12T13:26:19.953178,False,4a41becb75557f6fe935a8359ca1b580aa948a6b57dc7b6a6c641aa13ede082c
"ingestion/v2/rag_storage/2950_Daniel Kahneman - Thinking, Fast and Slow (2013)/glyph_repair_2487848299675382330.txt",.txt,8191,2026-02-12T12:17:37.225306,False,4ada948c5af342a19f5ddf1752875c888e561782f04d9d65c1fbde95e50bab28
"ingestion/v2/rag_storage/2950_Daniel Kahneman - Thinking, Fast and Slow (2013)/glyph_repair_2568447408271796760.txt",.txt,5711,2026-02-12T13:46:02.204432,False,40a81db6ca29336c0faaac0d315b3f21e25f6e68ffb1b3fe421763782330d763
"ingestion/v2/rag_storage/2950_Daniel Kahneman - Thinking, Fast and Slow (2013)/glyph_repair_2582027077750309973.txt",.txt,4876,2026-02-12T13:47:17.406726,False,1f7b29756884eb49dd1ca9b96465126765ed28069a6e33c4f43788e319197f1b
"ingestion/v2/rag_storage/2950_Daniel Kahneman - Thinking, Fast and Slow (2013)/glyph_repair_2723946289410395953.txt",.txt,8384,2026-02-12T13:13:55.813741,False,9bf4cb8616b89306a6daa0dcc5510aad6de61e6d14a0cc87e340e1a59f140678
"ingestion/v2/rag_storage/2950_Daniel Kahneman - Thinking, Fast and Slow (2013)/glyph_repair_2842770211804486414.txt",.txt,7839,2026-02-12T13:08:16.912822,False,ea652903fe645f288f56fb0e1c50ff5b7073f03f079be60934b8c1d7e7d6c3ed
"ingestion/v2/rag_storage/2950_Daniel Kahneman - Thinking, Fast and Slow (2013)/glyph_repair_2935315268152163721.txt",.txt,8001,2026-02-12T12:48:38.256201,False,148779b32af3f9803147df198179fbcbdffaff4474af6df8cbcc3f66fc3a84c2
"ingestion/v2/rag_storage/2950_Daniel Kahneman - Thinking, Fast and Slow (2013)/glyph_repair_3024090689785562126.txt",.txt,7936,2026-02-12T12:26:24.783747,False,3891271492df5e7217e845d3128ac6dd859b9282d0420fd62b38a52c22370ec5
"ingestion/v2/rag_storage/2950_Daniel Kahneman - Thinking, Fast and Slow (2013)/glyph_repair_310773083490055722.txt",.txt,7911,2026-02-12T12:25:45.051224,False,a05c3172b5a33c6979580d9cbf29d8585edbb9bbe0c114f6108d7fc608848043
"ingestion/v2/rag_storage/2950_Daniel Kahneman - Thinking, Fast and Slow (2013)/glyph_repair_3112531489830821431.txt",.txt,7903,2026-02-12T12:34:35.483476,False,feecfcb2ee72cb2467b8f8413ab3707e48e78098c83463529754523f5caeedb4
"ingestion/v2/rag_storage/2950_Daniel Kahneman - Thinking, Fast and Slow (2013)/glyph_repair_3282057031561260690.txt",.txt,7943,2026-02-12T13:20:10.761064,False,0aba86fc0191a7d5125fa3b396807e5451355f61f8fa436a0945b40c3de0c540
"ingestion/v2/rag_storage/2950_Daniel Kahneman - Thinking, Fast and Slow (2013)/glyph_repair_331758858547722691.txt",.txt,8907,2026-02-12T12:50:01.084347,False,790e31b6eee66e2976830f921506120ae420350a0dd20b9dc3144a617efe36ff
"ingestion/v2/rag_storage/2950_Daniel Kahneman - Thinking, Fast and Slow (2013)/glyph_repair_3351470564966229683.txt",.txt,8977,2026-02-12T13:16:08.161401,False,819a3603546ebf470239bad6645ee417842fd34ef7237b0e08af4ed2c49268dd
"ingestion/v2/rag_storage/2950_Daniel Kahneman - Thinking, Fast and Slow (2013)/glyph_repair_3439536045450933505.txt",.txt,186510,2026-02-12T11:28:22.096022,False,34c2f694c068e4503bd96848f160841ceb059449088a045a5cef3c787c4117c6
"ingestion/v2/rag_storage/2950_Daniel Kahneman - Thinking, Fast and Slow (2013)/glyph_repair_3458112225005086099.txt",.txt,8088,2026-02-12T12:23:43.970902,False,0a19534156b2990bfd25a3010525235269bb2c103baa927abf4cde8c8b17c36d
"ingestion/v2/rag_storage/2950_Daniel Kahneman - Thinking, Fast and Slow (2013)/glyph_repair_3742825105607360110.txt",.txt,8701,2026-02-12T12:15:39.977170,False,5beca2ab430795295996c4cde7a61b36afa4438db1a26e2d06d123beae7cfcaf
"ingestion/v2/rag_storage/2950_Daniel Kahneman - Thinking, Fast and Slow (2013)/glyph_repair_3750952042343545376.txt",.txt,8014,2026-02-12T12:50:41.015368,False,1ccf036d5dc02bce64c6c502feca314a6f603e43d8dabd037dab39e86ebf82cd
"ingestion/v2/rag_storage/2950_Daniel Kahneman - Thinking, Fast and Slow (2013)/glyph_repair_3791525903201225744.txt",.txt,7845,2026-02-12T13:26:58.759934,False,1e9dd3d43490bc2d899b2b59fbadc988fed6a863d3caf5227308ea152fd61943
"ingestion/v2/rag_storage/2950_Daniel Kahneman - Thinking, Fast and Slow (2013)/glyph_repair_3894946836671865644.txt",.txt,3563,2026-02-12T13:53:04.019819,False,2d222786cc8aad1922356883c587b620d322fe5cc5efed86a21c7bfe6621c1ee
"ingestion/v2/rag_storage/2950_Daniel Kahneman - Thinking, Fast and Slow (2013)/glyph_repair_3948678991844328719.txt",.txt,8679,2026-02-12T12:36:34.162668,False,99145bc8aceda45de82dd42cf2ff0dc7dbec028b22868df24c447aef07ceda87
"ingestion/v2/rag_storage/2950_Daniel Kahneman - Thinking, Fast and Slow (2013)/glyph_repair_3996452290503734589.txt",.txt,8021,2026-02-12T13:01:21.577285,False,86dda68cbd5418dd530c16777d914ce525c30d3c0f69f1435b5ec7bab2557cba
"ingestion/v2/rag_storage/2950_Daniel Kahneman - Thinking, Fast and Slow (2013)/glyph_repair_4008854097678922150.txt",.txt,8011,2026-02-12T13:33:03.581204,False,af6b9e48603b4b7282d08d3d624c7d8a761bb11cbb720c5779059d4e4314b9db
"ingestion/v2/rag_storage/2950_Daniel Kahneman - Thinking, Fast and Slow (2013)/glyph_repair_401007117151201302.txt",.txt,7959,2026-02-12T12:55:17.243207,False,971e62c3826047a7048c883b00568204686626016d839de74f9f5fc1e8448087
"ingestion/v2/rag_storage/2950_Daniel Kahneman - Thinking, Fast and Slow (2013)/glyph_repair_4021414803510010291.txt",.txt,4822,2026-02-12T13:43:59.242063,False,a924db59b3e9386e92c525006c7d79ee9759cabefd54b2b1001d62fdc335fc6e
"ingestion/v2/rag_storage/2950_Daniel Kahneman - Thinking, Fast and Slow (2013)/glyph_repair_4032600798384378842.txt",.txt,7876,2026-02-12T12:20:50.556008,False,397e625b981e6ec115d684773f7c6b19f0a3f1cd262dc5f1a605c7b251941468
"ingestion/v2/rag_storage/2950_Daniel Kahneman - Thinking, Fast and Slow (2013)/glyph_repair_4045211682464493713.txt",.txt,7872,2026-02-12T13:37:49.995419,False,73a20d55df1fd3f0c03688579fb6c8f8c3bce5d0a7089e60888f6517c1af9fd7
"ingestion/v2/rag_storage/2950_Daniel Kahneman - Thinking, Fast and Slow (2013)/glyph_repair_4051794297633461134.txt",.txt,7906,2026-02-12T12:44:43.152289,False,ee9050277cd8b4e1e207c16a7df01a704457c16df740e66944389732209848f4
"ingestion/v2/rag_storage/2950_Daniel Kahneman - Thinking, Fast and Slow (2013)/glyph_repair_4153735226428564432.txt",.txt,7949,2026-02-12T13:08:56.415216,False,acff5b519b92b8a02cabb8eeaa8ca42fd5d91221dc49b029e7d206c146bacda8
"ingestion/v2/rag_storage/2950_Daniel Kahneman - Thinking, Fast and Slow (2013)/glyph_repair_4178694348433358459.txt",.txt,7922,2026-02-12T12:42:47.798762,False,7d6bbf026ce66f4c7a93ad51f7b03ef170faea954f2a0262de8ed060fbae35c4
"ingestion/v2/rag_storage/2950_Daniel Kahneman - Thinking, Fast and Slow (2013)/glyph_repair_4213846751395475578.txt",.txt,7985,2026-02-12T12:47:59.599927,False,f39232b7405c2f9f9c8abc67dd70229330fac3d8f1cad6c3768f4dd4861c5c60
"ingestion/v2/rag_storage/2950_Daniel Kahneman - Thinking, Fast and Slow (2013)/glyph_repair_4244411764283101120.txt",.txt,8066,2026-02-12T13:02:44.079258,False,bcf6bd2b38684e5063d7c1f441d12d1f637a8e4c306c9b907ffbef334903ba6e
"ingestion/v2/rag_storage/2950_Daniel Kahneman - Thinking, Fast and Slow (2013)/glyph_repair_4323908735161203671.txt",.txt,7936,2026-02-12T12:19:33.494978,False,29dd9eedf6eb88b1ae060d276977283a40f3e7b7951c8c184b560e251c8e3bf0
"ingestion/v2/rag_storage/2950_Daniel Kahneman - Thinking, Fast and Slow (2013)/glyph_repair_4326860656655914957.txt",.txt,7878,2026-02-12T12:43:27.192241,False,ed0728a7f106d18f0c008fd691cee13462664df408ef1c3325e9f1ab57eb7130
"ingestion/v2/rag_storage/2950_Daniel Kahneman - Thinking, Fast and Slow (2013)/glyph_repair_4362788288068011229.txt",.txt,6687,2026-02-12T13:46:47.098130,False,63f0f8ca755def17d175f1f1fe6b7516c52e85482e84084a7c396135d38dafa8
"ingestion/v2/rag_storage/2950_Daniel Kahneman - Thinking, Fast and Slow (2013)/glyph_repair_4370252601128720750.txt",.txt,7665,2026-02-12T13:52:41.914398,False,22f210d1171eea542070e837b14da1630a34dbcfa77def0713d5bff39ba19440
"ingestion/v2/rag_storage/2950_Daniel Kahneman - Thinking, Fast and Slow (2013)/glyph_repair_4374684165943615323.txt",.txt,9263,2026-02-12T13:00:41.363004,False,38ff7e2a9b0c40422877b2b34960f4a3345a7be759b9f0969144a063bcd0078d
"ingestion/v2/rag_storage/2950_Daniel Kahneman - Thinking, Fast and Slow (2013)/glyph_repair_4435499333573741452.txt",.txt,7986,2026-02-12T13:03:26.365469,False,a73c6e994b31e373f66dbaf63cf923bd233b7f2c7d4592226a286e66b501804d
"ingestion/v2/rag_storage/2950_Daniel Kahneman - Thinking, Fast and Slow (2013)/glyph_repair_4477477428758677057.txt",.txt,7970,2026-02-12T12:14:58.686990,False,faebdb50c1bc2c5d4b436c63566ab97baeae33b65fcc8a86d504c36e437b2192
"ingestion/v2/rag_storage/2950_Daniel Kahneman - Thinking, Fast and Slow (2013)/glyph_repair_4580038268565203438.txt",.txt,6555,2026-02-12T13:50:37.578239,False,bf444993330523c2cadba1d837d1f739e0c7c7acedce6576498b85457eff5cd7
"ingestion/v2/rag_storage/2950_Daniel Kahneman - Thinking, Fast and Slow (2013)/glyph_repair_4633381095806329473.txt",.txt,7696,2026-02-12T13:40:35.732650,False,c30a6bbde219073e65214eefb18a9b2129e08f1b587e4978f02726a426363da6
"ingestion/v2/rag_storage/2950_Daniel Kahneman - Thinking, Fast and Slow (2013)/glyph_repair_4721120910877536498.txt",.txt,7923,2026-02-12T13:39:14.272129,False,52a1753f43d4200919dd81aeba5bf83f4e64fdb93b172ea1f1845c6cd3b94c8d
"ingestion/v2/rag_storage/2950_Daniel Kahneman - Thinking, Fast and Slow (2013)/glyph_repair_4737058953704194782.txt",.txt,8245,2026-02-12T13:15:21.777007,False,f2ef59f2b6b6bc36113c1c6e7640e7204b0692e4badf5be9ac18993154e17692
"ingestion/v2/rag_storage/2950_Daniel Kahneman - Thinking, Fast and Slow (2013)/glyph_repair_4792069768382715841.txt",.txt,194664,2026-02-12T11:32:28.641491,False,1083dbc0cdea4ca4f91ed6352951fdcf8024e65213a34a0ebcfae67602aa90a4
"ingestion/v2/rag_storage/2950_Daniel Kahneman - Thinking, Fast and Slow (2013)/glyph_repair_4856968042652682073.txt",.txt,8204,2026-02-12T12:32:28.133385,False,1aa99ca642bf55c93fc462a704a8bc57cf02c468aed9899575832a7d82717aec
"ingestion/v2/rag_storage/2950_Daniel Kahneman - Thinking, Fast and Slow (2013)/glyph_repair_497343946709968676.txt",.txt,7787,2026-02-12T13:12:30.943577,False,2e82de90d1c669db1a9b521c3bb16153e6d91b1eb4b06f188afbf69ad7ac0e4e
"ingestion/v2/rag_storage/2950_Daniel Kahneman - Thinking, Fast and Slow (2013)/glyph_repair_4982439371433905299.txt",.txt,8005,2026-02-12T12:45:24.425567,False,507cfb3484e556934f5af242a4ad023e0b071839e32009c510a5c7ceabbd6672
"ingestion/v2/rag_storage/2950_Daniel Kahneman - Thinking, Fast and Slow (2013)/glyph_repair_5082918612597804504.txt",.txt,200696,2026-02-12T11:27:45.163899,False,82f2857de8a42e904fecc9cdecf4175bf2f5ac77bac7f86db88df81f9b8173a2
"ingestion/v2/rag_storage/2950_Daniel Kahneman - Thinking, Fast and Slow (2013)/glyph_repair_5116653561884656502.txt",.txt,7950,2026-02-12T13:16:48.550526,False,04004412d321a74559e8143426b58c6bbdcd2ae1f61f451d3633cc086c5eca77
"ingestion/v2/rag_storage/2950_Daniel Kahneman - Thinking, Fast and Slow (2013)/glyph_repair_5144605883873346777.txt",.txt,7628,2026-02-12T13:37:04.582352,False,ef973e0b80a0b90b04f84f46ee13721f6b3d9f1eeef2eb4a5a06d98ba3f67148
"ingestion/v2/rag_storage/2950_Daniel Kahneman - Thinking, Fast and Slow (2013)/glyph_repair_5258551694217130256.txt",.txt,7968,2026-02-12T12:20:13.751697,False,8b538dd2b4aa85dc8079500f1e103502908d68f34c09faf8d2680b55b50569fe
"ingestion/v2/rag_storage/2950_Daniel Kahneman - Thinking, Fast and Slow (2013)/glyph_repair_5278219367935410845.txt",.txt,7841,2026-02-12T12:57:14.308968,False,da08f6931d8dcf48daf83d04b91eeaa2a2c476501c4db1b2baa2665148ab9acb
"ingestion/v2/rag_storage/2950_Daniel Kahneman - Thinking, Fast and Slow (2013)/glyph_repair_5335447325011387964.txt",.txt,8083,2026-02-12T13:07:38.544139,False,19c4a5951eeeeaf20042f491293a789ea1fc2510cab79c682649850a2c207969
"ingestion/v2/rag_storage/2950_Daniel Kahneman - Thinking, Fast and Slow (2013)/glyph_repair_534423346333532909.txt",.txt,5866,2026-02-12T13:49:57.270931,False,948cc25661158074d42d2af279d98eff79c1a034625cc6b40fa74cd3aa67e331
"ingestion/v2/rag_storage/2950_Daniel Kahneman - Thinking, Fast and Slow (2013)/glyph_repair_540502393904022726.txt",.txt,10170,2026-02-12T13:10:27.094281,False,4cd54ccee75ce1ae32a9b0124e63bede8a124c857744564e7160f41ce35b85ad
"ingestion/v2/rag_storage/2950_Daniel Kahneman - Thinking, Fast and Slow (2013)/glyph_repair_5409153171790066876.txt",.txt,10329,2026-02-12T12:21:41.781204,False,72786d9f2873b826accb7e68fe5fbefe9ba495bb26c833772ed4651238c68042
"ingestion/v2/rag_storage/2950_Daniel Kahneman - Thinking, Fast and Slow (2013)/glyph_repair_5476378095461999048.txt",.txt,7931,2026-02-12T12:53:20.277329,False,4d578ed0cf3e036fb42c0b2ac1440c9e4dd1fd27b017455439c7cca2c5087945
"ingestion/v2/rag_storage/2950_Daniel Kahneman - Thinking, Fast and Slow (2013)/glyph_repair_5478314025870907036.txt",.txt,7955,2026-02-12T12:25:04.888241,False,f23663785d3072d18e9ea3b65d8159f916bfe93d35a1f73644aece59be19845b
"ingestion/v2/rag_storage/2950_Daniel Kahneman - Thinking, Fast and Slow (2013)/glyph_repair_5692207703527710661.txt",.txt,8084,2026-02-12T12:23:01.968756,False,389e25596b13a0cf3ccb5860d944fd0e27433f973f1fde60dd3330b1648ccd0b
"ingestion/v2/rag_storage/2950_Daniel Kahneman - Thinking, Fast and Slow (2013)/glyph_repair_5711820408422574579.txt",.txt,7855,2026-02-12T13:52:05.844724,False,83110ac2c23acc74fd8cb0967dadcdd867e68c387d52ef5b22a7dafb53de31bd
"ingestion/v2/rag_storage/2950_Daniel Kahneman - Thinking, Fast and Slow (2013)/glyph_repair_5739636132489466913.txt",.txt,7963,2026-02-12T13:22:12.112348,False,0d4b7b9c6f8ce3d93389c61d9da966219a115ca813e95adc4693a1e9d8961f15
"ingestion/v2/rag_storage/2950_Daniel Kahneman - Thinking, Fast and Slow (2013)/glyph_repair_5805410304382862034.txt",.txt,7929,2026-02-12T12:29:47.953403,False,0aef76d3464551deb592d2cfea5d7880a2c49af04af967ca61be8954ef8a9153
"ingestion/v2/rag_storage/2950_Daniel Kahneman - Thinking, Fast and Slow (2013)/glyph_repair_5929297397677201167.txt",.txt,9860,2026-02-12T12:42:06.751124,False,e62d16653253a5303e0ccfe2447efefd59111c5921d76f6674812fe265c0162f
"ingestion/v2/rag_storage/2950_Daniel Kahneman - Thinking, Fast and Slow (2013)/glyph_repair_5939080041271497926.txt",.txt,199417,2026-02-12T11:31:06.252179,False,0a715675a5ace74584c0935442951302c9e2d3150fb32273cfd117e63f751a70
"ingestion/v2/rag_storage/2950_Daniel Kahneman - Thinking, Fast and Slow (2013)/glyph_repair_5961750151802169132.txt",.txt,7880,2026-02-12T12:39:08.835965,False,fb4b363312760fed8fa1bc46b1215f85e75dbdbb89f2ea9430e3743e04376a54
"ingestion/v2/rag_storage/2950_Daniel Kahneman - Thinking, Fast and Slow (2013)/glyph_repair_6013041519841527733.txt",.txt,7794,2026-02-12T13:34:17.615423,False,e3a3a035f706a476fc8e7d199fcd9f3b4361c3549b0987e49099d6e51ec7cc7c
"ingestion/v2/rag_storage/2950_Daniel Kahneman - Thinking, Fast and Slow (2013)/glyph_repair_601458231160097651.txt",.txt,189423,2026-02-12T11:29:41.600198,False,08326da7871253059ede333c7d3b92e68a3d9bc4295bf35753ae973654aa4422
"ingestion/v2/rag_storage/2950_Daniel Kahneman - Thinking, Fast and Slow (2013)/glyph_repair_6051110949105663880.txt",.txt,7968,2026-02-12T12:14:21.840688,False,66d0fb58613002ab86d24335e0fbd85f25b0cd1f805a96829e32f5fd094529c7
"ingestion/v2/rag_storage/2950_Daniel Kahneman - Thinking, Fast and Slow (2013)/glyph_repair_6059663872385668000.txt",.txt,205238,2026-02-12T11:31:48.362193,False,91d23b3bc944b2f4eeceaaca119286bf063726a6325ff0e161615e39be190be5
"ingestion/v2/rag_storage/2950_Daniel Kahneman - Thinking, Fast and Slow (2013)/glyph_repair_6073334770715307769.txt",.txt,8686,2026-02-12T13:28:26.768481,False,6fdc1951736cf6a2077ff4239105bda9df99da7a52739d63dfc6ed19417cf9cb
"ingestion/v2/rag_storage/2950_Daniel Kahneman - Thinking, Fast and Slow (2013)/glyph_repair_6190276261725930212.txt",.txt,7964,2026-02-12T13:11:50.367868,False,dd9448a297f29fc2eea996bec62b0ec4127687ace036dd591a199163f0ad04d5
"ingestion/v2/rag_storage/2950_Daniel Kahneman - Thinking, Fast and Slow (2013)/glyph_repair_6245332565347363116.txt",.txt,8089,2026-02-12T13:14:37.000075,False,13998aaad384fe496f57994fb2df0ed06d123ce4e5d92d8b9a9cc9b48839de90
"ingestion/v2/rag_storage/2950_Daniel Kahneman - Thinking, Fast and Slow (2013)/glyph_repair_6254621389354917988.txt",.txt,7637,2026-02-12T13:36:19.479491,False,761e4e5ddcb8c8fce66fe297d4bedc8ad1a454ba83e72d906c42b3c00aa43dfa
"ingestion/v2/rag_storage/2950_Daniel Kahneman - Thinking, Fast and Slow (2013)/glyph_repair_6324599204593065204.txt",.txt,8534,2026-02-12T13:24:10.862675,False,7d75786a4859d8ce844676b47b3dc8f3d1704e90e718d97630412b0ab547a69b
"ingestion/v2/rag_storage/2950_Daniel Kahneman - Thinking, Fast and Slow (2013)/glyph_repair_6475158520449576919.txt",.txt,8343,2026-02-12T12:27:47.174416,False,5734e3391b0459ea8fff048ef8e728a7ab39ec8a83d8cd69d7cd8df49af9a5e0
"ingestion/v2/rag_storage/2950_Daniel Kahneman - Thinking, Fast and Slow (2013)/glyph_repair_6478585253149969901.txt",.txt,7878,2026-02-12T12:47:21.266315,False,99323d6f6f131f8085ab6a9080d4f23f0fb2a42a0b5ae8b28d216d9ae8cf5953
"ingestion/v2/rag_storage/2950_Daniel Kahneman - Thinking, Fast and Slow (2013)/glyph_repair_6503203699883058539.txt",.txt,8043,2026-02-12T13:06:57.495825,False,9988cd48759c6140ab20639fd48386aba80d1de086ef920c9d0fb66aded6d2ac
"ingestion/v2/rag_storage/2950_Daniel Kahneman - Thinking, Fast and Slow (2013)/glyph_repair_6574091024289290454.txt",.txt,7903,2026-02-12T12:38:30.615410,False,38b727e80a2520dd9cc6ee6008f6aed4eee17df7f54be4360d3ee68c6fac84ba
"ingestion/v2/rag_storage/2950_Daniel Kahneman - Thinking, Fast and Slow (2013)/glyph_repair_6604320936531872697.txt",.txt,8178,2026-02-12T13:38:35.371213,False,0fead7a03b7450e604b5076133fbe3796444824dda0cbd7252d7119a170f2da1
"ingestion/v2/rag_storage/2950_Daniel Kahneman - Thinking, Fast and Slow (2013)/glyph_repair_66430167297293014.txt",.txt,8226,2026-02-12T13:19:31.381896,False,1ce250b6f33b20bd0feae086f70a6e01402b6f98b5c401026b4759360abcfa93
"ingestion/v2/rag_storage/2950_Daniel Kahneman - Thinking, Fast and Slow (2013)/glyph_repair_6709186152754457270.txt",.txt,21244,2026-02-12T11:30:25.617940,False,92af546a6ccd343071815bd992de80aa09ff8d480945458c77812c13ca208347
"ingestion/v2/rag_storage/2950_Daniel Kahneman - Thinking, Fast and Slow (2013)/glyph_repair_6822867778329890573.txt",.txt,5724,2026-02-12T13:41:55.996621,False,708a4c9ab64d2eafd79fe70abaeade6cd55b266f6f2c14cb17f2fbe8b7a5e4d8
"ingestion/v2/rag_storage/2950_Daniel Kahneman - Thinking, Fast and Slow (2013)/glyph_repair_683349279826036745.txt",.txt,6766,2026-02-12T13:41:19.415500,False,6749e81cdd1f80bdc817aa10a6818afa8c64aa63dba3bf0d86ec7659e487c89b
"ingestion/v2/rag_storage/2950_Daniel Kahneman - Thinking, Fast and Slow (2013)/glyph_repair_6866290586523391204.txt",.txt,5727,2026-02-12T13:48:37.555001,False,bb7bf780b5b6cd385e109961558f61186bd747469ce09d052f7a4408faa948b0
"ingestion/v2/rag_storage/2950_Daniel Kahneman - Thinking, Fast and Slow (2013)/glyph_repair_6874885600919659747.txt",.txt,5760,2026-02-12T13:47:54.554867,False,86322e7f878b0104c5bece6e753eb3ff25d0ad2d243657442c531e5d95ca7683
"ingestion/v2/rag_storage/2950_Daniel Kahneman - Thinking, Fast and Slow (2013)/glyph_repair_6965847619750761116.txt",.txt,7943,2026-02-12T13:39:55.600365,False,6270b2f251804646da0ffc6216140ac73c18b0cb92d9d64a997db39ffa49b2ca
"ingestion/v2/rag_storage/2950_Daniel Kahneman - Thinking, Fast and Slow (2013)/glyph_repair_7000323262289503149.txt",.txt,8000,2026-02-12T13:06:16.020514,False,64df4d8e8678743a498752c9cba47e638c293443c9a40179de7033201dbe8d4b
"ingestion/v2/rag_storage/2950_Daniel Kahneman - Thinking, Fast and Slow (2013)/glyph_repair_7068363364457929130.txt",.txt,7943,2026-02-12T13:05:35.734644,False,fe59e6a5d3e731653d3187f40794113500ce18fd2c776af58f09a843430aa07a
"ingestion/v2/rag_storage/2950_Daniel Kahneman - Thinking, Fast and Slow (2013)/glyph_repair_7087491510229613509.txt",.txt,8022,2026-02-12T12:31:46.716527,False,de7adcb2b1e3186b6ad159c158cd690e2a0799a7d292a0940ed1f376a631b724
"ingestion/v2/rag_storage/2950_Daniel Kahneman - Thinking, Fast and Slow (2013)/glyph_repair_7098988159653251277.txt",.txt,7957,2026-02-12T12:49:18.177210,False,03c26ed79f6337057b5dde27ba0c391c8560d19e9ced0930a180c2cbf4fd4e78
"ingestion/v2/rag_storage/2950_Daniel Kahneman - Thinking, Fast and Slow (2013)/glyph_repair_7165718911315556000.txt",.txt,7800,2026-02-12T13:35:44.778041,False,57a2ddcc7f9a078b95591e4a312665ad402d790c30a7b3b9ecdd9ec012f8b35c
"ingestion/v2/rag_storage/2950_Daniel Kahneman - Thinking, Fast and Slow (2013)/glyph_repair_7170666546462103378.txt",.txt,8057,2026-02-12T12:41:14.683066,False,f9f71b36941e7294b63161e7a990184a8f02cc5251786ef67c85d13f00bd4592
"ingestion/v2/rag_storage/2950_Daniel Kahneman - Thinking, Fast and Slow (2013)/glyph_repair_7184482595873092212.txt",.txt,8509,2026-02-12T13:31:05.775327,False,8a0cf85f853cfb2124ee12b87fbde1efe972a43b37fbc7ed513873d0161aced5
"ingestion/v2/rag_storage/2950_Daniel Kahneman - Thinking, Fast and Slow (2013)/glyph_repair_7253753056043441994.txt",.txt,7909,2026-02-12T12:59:13.989884,False,86bf41024fc2463b61a721e863664091b1612ec8a246116a1a283651df910cc3
"ingestion/v2/rag_storage/2950_Daniel Kahneman - Thinking, Fast and Slow (2013)/glyph_repair_7364273887114814289.txt",.txt,7469,2026-02-12T13:29:46.486830,False,4245258cb69d03fbb6f5f500a8f2490608a46644dc3face1928b8415c1ee1d32
"ingestion/v2/rag_storage/2950_Daniel Kahneman - Thinking, Fast and Slow (2013)/glyph_repair_736491458147840443.txt",.txt,8067,2026-02-12T13:21:31.288308,False,633055320cf1e88795f6fd8996ace6fd25096c74173dda797cf0e52aec1be279
"ingestion/v2/rag_storage/2950_Daniel Kahneman - Thinking, Fast and Slow (2013)/glyph_repair_7396838171356052307.txt",.txt,8075,2026-02-12T12:24:25.796050,False,43515fbee6c8559e9a68453964aa85b14481f2b8d2342c8010b1627a0a16a64e
"ingestion/v2/rag_storage/2950_Daniel Kahneman - Thinking, Fast and Slow (2013)/glyph_repair_7460280699793591245.txt",.txt,8655,2026-02-12T12:40:32.492497,False,7424fd56773f277289e7bec4ae700fc6d8c41a5775c708386a5fae8d4c2f849d
"ingestion/v2/rag_storage/2950_Daniel Kahneman - Thinking, Fast and Slow (2013)/glyph_repair_7514377144195671701.txt",.txt,8003,2026-02-12T12:27:05.391526,False,a91818bfa3bc7aa109e8c081885f7cd4e58164f36d3024272d1af25fe69a6734
"ingestion/v2/rag_storage/2950_Daniel Kahneman - Thinking, Fast and Slow (2013)/glyph_repair_7572971798924214278.txt",.txt,6513,2026-02-12T13:43:25.248302,False,be40788f334821acecaa34740f230389504818d32eb110d25404a7820e69657f
"ingestion/v2/rag_storage/2950_Daniel Kahneman - Thinking, Fast and Slow (2013)/glyph_repair_7603022999328314610.txt",.txt,8020,2026-02-12T13:17:28.517227,False,3a83bdae90f37bd5d8cc829f090ed8805d444e589b0d0760c87b3a78d22e2d75
"ingestion/v2/rag_storage/2950_Daniel Kahneman - Thinking, Fast and Slow (2013)/glyph_repair_7619549999948199846.txt",.txt,7972,2026-02-12T13:04:54.277654,False,1260cdc7bfa1800a2ec2e1850a900bd6111cd2064b919cc9b20b597a36c5b77c
"ingestion/v2/rag_storage/2950_Daniel Kahneman - Thinking, Fast and Slow (2013)/glyph_repair_7695697714547756242.txt",.txt,8101,2026-02-12T12:31:06.896852,False,eec31acab6fd7e170939f8400fe8c33dd7f3b4a98d53e09524168139addf4f91
"ingestion/v2/rag_storage/2950_Daniel Kahneman - Thinking, Fast and Slow (2013)/glyph_repair_7736219523651636994.txt",.txt,7903,2026-02-12T12:46:02.520619,False,3d31988ddd7c4a13fef9e91b805103ca30db9fbd1609fe03977cb2b34053deb2
"ingestion/v2/rag_storage/2950_Daniel Kahneman - Thinking, Fast and Slow (2013)/glyph_repair_7741934276792950843.txt",.txt,196290,2026-02-12T11:34:27.889716,False,32ce4b85c427dabd6845598cf36411c6890584e4d2673148c6c42154c628c28f
"ingestion/v2/rag_storage/2950_Daniel Kahneman - Thinking, Fast and Slow (2013)/glyph_repair_7771316773651441177.txt",.txt,9329,2026-02-12T13:27:44.006951,False,1aadaaf9e109a1e1ea8b67d38dfb8a1d1852bc2a0104b8ef1fade2bd7e5b9af1
"ingestion/v2/rag_storage/2950_Daniel Kahneman - Thinking, Fast and Slow (2013)/glyph_repair_7854385074551572952.txt",.txt,8049,2026-02-12T12:55:56.538594,False,9d6ea5cf4f9e5748090641aa6a3196e532cf703ab73385ec76f689579efd5cff
"ingestion/v2/rag_storage/2950_Daniel Kahneman - Thinking, Fast and Slow (2013)/glyph_repair_7878003860727240461.txt",.txt,7613,2026-02-12T13:51:24.453629,False,3a725cf34ff67eefb6807bac25293d02bbd97b0f0612f5c525264471ae949099
"ingestion/v2/rag_storage/2950_Daniel Kahneman - Thinking, Fast and Slow (2013)/glyph_repair_798181436378891844.txt",.txt,7987,2026-02-12T13:30:25.016979,False,0e77a3b9c24e7487bd7be3b9a9e0069752d181a37aaeeb3966fb2ef05990705f
"ingestion/v2/rag_storage/2950_Daniel Kahneman - Thinking, Fast and Slow (2013)/glyph_repair_8004256738131052044.txt",.txt,8894,2026-02-12T12:33:12.491546,False,a818e129fc5bf5d5f9ca60e7ed8fc3770069a0b44fdcbcf3e1bebaed0bba4d3a
"ingestion/v2/rag_storage/2950_Daniel Kahneman - Thinking, Fast and Slow (2013)/glyph_repair_8076473740232781972.txt",.txt,7957,2026-02-12T12:39:48.299611,False,49fd27d57528dad3cc4cde28869c9dca2a2b58d556988ee641cdcadd31c0272e
"ingestion/v2/rag_storage/2950_Daniel Kahneman - Thinking, Fast and Slow (2013)/glyph_repair_8100493889555960111.txt",.txt,8058,2026-02-12T12:22:21.525886,False,7dd4d4f61512a55bc89131ec0180db6eb2fb6b4872d5f756299851a5fa6530c6
"ingestion/v2/rag_storage/2950_Daniel Kahneman - Thinking, Fast and Slow (2013)/glyph_repair_8114743545233052043.txt",.txt,9579,2026-02-12T13:35:04.413875,False,db9d823607a09a8c3fbc44ea354f09979a158fdb92e95eb60305586c8c4f90b4
"ingestion/v2/rag_storage/2950_Daniel Kahneman - Thinking, Fast and Slow (2013)/glyph_repair_8236393736833437172.txt",.txt,8071,2026-02-12T13:18:09.471809,False,024fc74fe57085d17e56815d2d95bbab847a80b7f97dcdd9ad459992c76637d0
"ingestion/v2/rag_storage/2950_Daniel Kahneman - Thinking, Fast and Slow (2013)/glyph_repair_8422720079736838777.txt",.txt,194275,2026-02-12T11:33:08.634207,False,98ba2084c1fbebc67afee872a77634f622ec49dd1ca3fd62f81589a050280e88
"ingestion/v2/rag_storage/2950_Daniel Kahneman - Thinking, Fast and Slow (2013)/glyph_repair_8502556970328986410.txt",.txt,7969,2026-02-12T12:54:37.156288,False,9f8455f3f31d7c84d21a094ee0ac0ae0b38c2921d5487959520c3a214d24736b
"ingestion/v2/rag_storage/2950_Daniel Kahneman - Thinking, Fast and Slow (2013)/glyph_repair_8575497461069921065.txt",.txt,7996,2026-02-12T13:23:28.159195,False,c2cca07a46bc0f705d0a395af0661a3c815f1c52dbcfceba4e49293354d3e717
"ingestion/v2/rag_storage/2950_Daniel Kahneman - Thinking, Fast and Slow (2013)/glyph_repair_859330035028263340.txt",.txt,7256,2026-02-12T13:45:20.994694,False,db13eb46e3d0fee3550eec196887c7cd553d966fc3ffd40567e7878cc73ad8bf
"ingestion/v2/rag_storage/2950_Daniel Kahneman - Thinking, Fast and Slow (2013)/glyph_repair_8635686265128369555.txt",.txt,8205,2026-02-12T12:16:19.176196,False,c738e487715df29d49e1f89c11b9c17b8d5a956befe5a5ad2386311981d69b71
"ingestion/v2/rag_storage/2950_Daniel Kahneman - Thinking, Fast and Slow (2013)/glyph_repair_864570124639222264.txt",.txt,8172,2026-02-12T13:04:11.386288,False,5462c2fa8a23dcb0dc908d7584357532b00e7beca95ce973a87be978fb7079f5
"ingestion/v2/rag_storage/2950_Daniel Kahneman - Thinking, Fast and Slow (2013)/glyph_repair_8691855530840774804.txt",.txt,6328,2026-02-12T13:25:46.125997,False,11a5953f117b6860165f3e987b435794682ec684c9497db32ed2fc7a1e47918d
"ingestion/v2/rag_storage/2950_Daniel Kahneman - Thinking, Fast and Slow (2013)/glyph_repair_8820028351212936410.txt",.txt,8187,2026-02-12T13:29:07.774918,False,8063c87b588d16148fc4841811e013eab1e71df744123c20731233cef936e2f5
"ingestion/v2/rag_storage/2950_Daniel Kahneman - Thinking, Fast and Slow (2013)/glyph_repair_9116254325606618589.txt",.txt,7946,2026-02-12T13:18:49.383555,False,142189a5ba32f52dcfc3dede7afd5c24c4dce058e018846bc400b97ce28d26c6
"ingestion/v2/rag_storage/2950_Daniel Kahneman - Thinking, Fast and Slow (2013)/glyph_repair_9156506472958299843.txt",.txt,4647,2026-02-12T12:16:55.103889,False,b80d089091581a83910e50f05c66dc4cf017216c3f14bce215e02c51355cfb88
"ingestion/v2/rag_storage/2950_Daniel Kahneman - Thinking, Fast and Slow (2013)/glyph_repair_938558225806639030.txt",.txt,7864,2026-02-12T12:28:26.923899,False,88d94c6d3bca71583c6b370f5fbaff2750462c0ccd2e01fdf20c00b438f208c1
"ingestion/v2/rag_storage/2950_Daniel Kahneman - Thinking, Fast and Slow (2013)/progress.json",.json,321,2026-02-12T14:49:41.334021,False,20ec21f789dab35ef90d8bd8467dad34a180ddc9f716f7dd2180e2994190b8ff
ingestion/v2/rag_storage/33449/00_canonical_text.txt,.txt,17343,2026-02-12T14:49:41.444141,False,6b8a9ff1f9d76df753b318dfcdbe954518a4ec5898bedcf1c0dd2b4d5191ba64
ingestion/v2/rag_storage/33449/00_raw.txt,.txt,17343,2026-02-12T14:49:41.443137,False,6b8a9ff1f9d76df753b318dfcdbe954518a4ec5898bedcf1c0dd2b4d5191ba64
ingestion/v2/rag_storage/33449/01_chapters.json,.json,18042,2026-02-12T14:49:59.414250,False,feabc140b2f0806e2be771ae495e0c1be4d6916af41c9ef58cdafbda56abbf6f
ingestion/v2/rag_storage/33449/02_doctrine.json,.json,4354,2026-02-12T14:51:09.883240,False,71d9e0caa128f076c212dd861e8a6e410ba060a410a808958c8406051c272cc0
ingestion/v2/rag_storage/33449/02_doctrine_chunks.json,.json,4238,2026-02-12T14:51:09.873226,False,6fbff62298139f556f63ac4f2805cc7582329df7b30ee60cfb6f0d8e78df2c00
ingestion/v2/rag_storage/33449/03_5_minister_conversion.json,.json,295,2026-02-12T14:51:20.892701,False,31b94d52b606ca927363bf59bf965b976961653372e5d2685a48ca1442e4c20e
ingestion/v2/rag_storage/33449/03_embeddings.json,.json,332,2026-02-12T14:51:18.760967,False,61a960438b5a2afb4d5d65a63b23ed64437a8e17ab73b076189d25b8daf08c9b
ingestion/v2/rag_storage/33449/03_nodes_chunks.json,.json,4711,2026-02-12T14:51:09.885233,False,dcf0b14527757abf0d9d0f9dff4fe3883c83d81e6bdf4f638f6daffdc3ad9e49
ingestion/v2/rag_storage/33449/progress.json,.json,320,2026-02-12T14:51:20.911115,False,3a81fc6984f49da40495d78c17b595dd5ea56c428613ae39317f9f4d410186b9
ingestion/v2/rag_storage/64b13492db952-the-daily-stoic/00_canonical_text.txt,.txt,422274,2026-02-12T15:36:17.327594,False,3b14651f01c52d378df3475f2f546d0bb7a777712d9ae31663a3159048c27ca1
ingestion/v2/rag_storage/64b13492db952-the-daily-stoic/00_raw.txt,.txt,422274,2026-02-12T15:36:17.326520,False,3b14651f01c52d378df3475f2f546d0bb7a777712d9ae31663a3159048c27ca1
ingestion/v2/rag_storage/64b13492db952-the-daily-stoic/00_raw_repaired.txt,.txt,422274,2026-02-12T15:36:17.325112,False,3b14651f01c52d378df3475f2f546d0bb7a777712d9ae31663a3159048c27ca1
ingestion/v2/rag_storage/64b13492db952-the-daily-stoic/01_chapters.json,.json,625082,2026-02-12T15:46:43.561222,False,95e312dbbd3e1e90f848cffeff57bf55fd537a306843863f6c94a830dbc41b92
ingestion/v2/rag_storage/64b13492db952-the-daily-stoic/02_doctrine.json,.json,142701,2026-02-12T16:57:00.664184,False,fcd3ab9888d034ec8ba875d161d7b71ee3ae6fbd14b43556dee9a2a660ff2db4
ingestion/v2/rag_storage/64b13492db952-the-daily-stoic/02_doctrine_chunks.json,.json,138533,2026-02-12T16:57:00.641041,False,c66c3bc05e2860da3be3c615a0901cd06ee4bb4ee21e0964f4f9933cf0509d45
ingestion/v2/rag_storage/64b13492db952-the-daily-stoic/02_doctrine_errors.log,.log,385,2026-02-12T16:54:58.166312,False,a8115396a7d9e74dc36204323bfb51a5441863d129f9b5185fa9393460bcb4d2
ingestion/v2/rag_storage/64b13492db952-the-daily-stoic/03_5_minister_conversion.json,.json,678,2026-02-12T16:58:20.509802,False,ae56da5f785a8dcb536192a2e3185648dcaab0227e7b6fe233039b1f599dacf0
ingestion/v2/rag_storage/64b13492db952-the-daily-stoic/03_embeddings.json,.json,348,2026-02-12T16:57:16.627570,False,df19813220d1ced069a98e3cf436f4c64572c5cc4666e135175ebcc01630a952
ingestion/v2/rag_storage/64b13492db952-the-daily-stoic/03_nodes_chunks.json,.json,175407,2026-02-12T16:57:00.675189,False,6cacfd8b981668d0201e3ef1b566815594236d32cc162da7a661c5f6aa91688f
ingestion/v2/rag_storage/64b13492db952-the-daily-stoic/glyph_repair_1102872590667321271.txt,.txt,6111,2026-02-12T15:07:51.542757,False,1bfcfd41a503d541ced1dc4ae88b5ca044daf8f0871a97c522857830bdb9d6d1
ingestion/v2/rag_storage/64b13492db952-the-daily-stoic/glyph_repair_1177012484215886414.txt,.txt,6057,2026-02-12T15:34:38.817144,False,de2e77527cb90a21d85084cc90e38879d009c2234a2d72b7d531008deaa422ff
ingestion/v2/rag_storage/64b13492db952-the-daily-stoic/glyph_repair_1431978756600662929.txt,.txt,3673,2026-02-12T15:23:17.522732,False,b34e9d46ca9d0929c6ed06cff38bfef6a4dec8bfa475bf64db85154813be5934
ingestion/v2/rag_storage/64b13492db952-the-daily-stoic/glyph_repair_1572792222354819362.txt,.txt,8293,2026-02-12T15:05:15.533745,False,c81d62f6cc1aa1cba8a9a318b5ec6cc886f96d08fe7594a9fa81c3c0187010aa
ingestion/v2/rag_storage/64b13492db952-the-daily-stoic/glyph_repair_1826821899613586216.txt,.txt,7260,2026-02-12T15:24:01.665373,False,9a9fe5bc3a5d169e822c9a398ddb2d1394789b22c5d56eee652ebdf50b3eab5d
ingestion/v2/rag_storage/64b13492db952-the-daily-stoic/glyph_repair_1828741339837696804.txt,.txt,6714,2026-02-12T15:02:34.832761,False,5262b0fef7a82d3fca115239008de3b817f6347df9525392d298ae796143d4df
ingestion/v2/rag_storage/64b13492db952-the-daily-stoic/glyph_repair_2171655373008387958.txt,.txt,7043,2026-02-12T15:20:23.718150,False,ff1df5d30aef7d74f952e9d850ef3cf683a27d1b8d0412e03459f24c9dcbcd22
ingestion/v2/rag_storage/64b13492db952-the-daily-stoic/glyph_repair_2278523487297607448.txt,.txt,1629,2026-02-12T14:56:33.008362,False,efc13c99ec4ff913040b1e65d60b95887acb7e44de3422c8eafca0098ea196c3
ingestion/v2/rag_storage/64b13492db952-the-daily-stoic/glyph_repair_2292455236324743213.txt,.txt,7441,2026-02-12T15:01:11.244992,False,77480082ce816ea21ef5c4c68e8427bf1f21834bbb7a408e50151e28020e324a
ingestion/v2/rag_storage/64b13492db952-the-daily-stoic/glyph_repair_2584168575577664706.txt,.txt,7753,2026-02-12T15:18:18.175498,False,7462aa42eb86ece613c847a42b5e8d47dd4dc4a2ae4c561afc82757896366ed1
ingestion/v2/rag_storage/64b13492db952-the-daily-stoic/glyph_repair_2664239180032780708.txt,.txt,6310,2026-02-12T15:11:29.102349,False,e2cbc4a35cdabbfa2d16380d38384308763748b10d6300e014e5b92a833cce77
ingestion/v2/rag_storage/64b13492db952-the-daily-stoic/glyph_repair_2798428788992460182.txt,.txt,8581,2026-02-12T15:04:28.440450,False,9d2ed54dbe54f0aa77322025f2476723f6e6b36cbc8d22d57b7cbdc75097b786
ingestion/v2/rag_storage/64b13492db952-the-daily-stoic/glyph_repair_2910884129929137303.txt,.txt,8378,2026-02-12T14:54:15.767056,False,f124258e39bfe2ab6e6f2457ea8ec5ab7e8a1191f9c9e0eeae4ed5a42502c7f6
ingestion/v2/rag_storage/64b13492db952-the-daily-stoic/glyph_repair_3061917804230268627.txt,.txt,8034,2026-02-12T14:56:22.054912,False,d94777620869b59201d1c17d3da8efbf3caea055857f8f9c075620b74dc2f834
ingestion/v2/rag_storage/64b13492db952-the-daily-stoic/glyph_repair_3120715836427739606.txt,.txt,48,2026-02-12T15:03:38.489243,False,3271784b048cd9727a867cc424bc2dc4ee30708ed498403bac62379057077103
ingestion/v2/rag_storage/64b13492db952-the-daily-stoic/glyph_repair_3297902560936431054.txt,.txt,6581,2026-02-12T15:00:28.614284,False,a30151f6fd4ab4d282ba0195ad1a4a432b95cb82e8ccdb1bba3492e5423f8658
ingestion/v2/rag_storage/64b13492db952-the-daily-stoic/glyph_repair_3386421720377040129.txt,.txt,7194,2026-02-12T15:28:11.149816,False,99f724ab93812de9b84db9fe7dff67d5e72d3e542c305b73a241c54eae46e928
ingestion/v2/rag_storage/64b13492db952-the-daily-stoic/glyph_repair_3498265604175578304.txt,.txt,6916,2026-02-12T15:26:08.120022,False,98c425179d6c8c168981de1b169930581a3fdd5be01f11090f50c1e2b7290b7c
ingestion/v2/rag_storage/64b13492db952-the-daily-stoic/glyph_repair_3560596981030871735.txt,.txt,7094,2026-02-12T14:55:36.792099,False,f4ff203840e915da43516660684f948787a516dec519b314de0ef0ff91106174
ingestion/v2/rag_storage/64b13492db952-the-daily-stoic/glyph_repair_3683297618601467651.txt,.txt,7948,2026-02-12T15:19:42.472732,False,7159cecd2149ba0c71c17d496081f0681092264920ac29c7cb348d2f2926f946
ingestion/v2/rag_storage/64b13492db952-the-daily-stoic/glyph_repair_3784193580226252386.txt,.txt,6775,2026-02-12T14:52:12.406661,False,4447efc21cb8527572045f9198a413505137121c3680142e838bd5412f634963
ingestion/v2/rag_storage/64b13492db952-the-daily-stoic/glyph_repair_3936601217949393649.txt,.txt,7933,2026-02-12T15:09:21.488239,False,01d5785f7f5f0a9ea45fdadf82f36c3e98335e39a377986c625b9470d8d0fbcc
ingestion/v2/rag_storage/64b13492db952-the-daily-stoic/glyph_repair_4171144320196644950.txt,.txt,6170,2026-02-12T15:31:59.147002,False,b64606e421222a8acd1ad49b52b66c106b0d24a77bf414ac2bdc42d5190b62c8
ingestion/v2/rag_storage/64b13492db952-the-daily-stoic/glyph_repair_4206575243767723076.txt,.txt,5569,2026-02-12T15:13:30.364305,False,ce478cd1f056ffa9eae4aceec7b8e413facaf916e8b9d043f0a3e11238e9cada
ingestion/v2/rag_storage/64b13492db952-the-daily-stoic/glyph_repair_42789123413460591.txt,.txt,7936,2026-02-12T15:21:09.350982,False,2755853fc051f235036dbc26cb18d9d378432adc37d1bc25b47cdd676405f0da
ingestion/v2/rag_storage/64b13492db952-the-daily-stoic/glyph_repair_4361084783941880665.txt,.txt,7232,2026-02-12T14:54:56.976231,False,b582daa1cac54a5814df18642314bb0b3038890dadf2da77820b49f75befecb8
ingestion/v2/rag_storage/64b13492db952-the-daily-stoic/glyph_repair_4364207040278255606.txt,.txt,6253,2026-02-12T15:35:22.793634,False,dfae66bc6737edacb9a937d880aaba1970755894b01488de46e322cae3fceee4
ingestion/v2/rag_storage/64b13492db952-the-daily-stoic/glyph_repair_4497200556251703548.txt,.txt,5317,2026-02-12T15:33:57.833168,False,756e47a9f5a2bc05b904454b0699dc79b28db6b3eb63f9c689d8f6db48134635
ingestion/v2/rag_storage/64b13492db952-the-daily-stoic/glyph_repair_4629754563530791158.txt,.txt,6948,2026-02-12T15:27:27.633142,False,9e8d2ce1cb38c73391b4d3906c9a32d96f3d83e6561b9efc43e2ce6ba48d22e5
ingestion/v2/rag_storage/64b13492db952-the-daily-stoic/glyph_repair_4660902811441489154.txt,.txt,5347,2026-02-12T15:28:52.169982,False,4b7ef7f2ec98c36439c1ecd5996c046e2110c7bd09984ac8c8d24452e94604d8
ingestion/v2/rag_storage/64b13492db952-the-daily-stoic/glyph_repair_470066122216978683.txt,.txt,8152,2026-02-12T15:29:40.957250,False,e724d3c03d245a4e9ec4a43060ebc2292deb00aa3b2da6d8e8ae478759ca3ba9
ingestion/v2/rag_storage/64b13492db952-the-daily-stoic/glyph_repair_4785888563538610204.txt,.txt,7684,2026-02-12T15:25:28.467261,False,9ccaad56e775ded5c7d2f355c5961c63653f7b3ad9096d366bc22565a5c15cce
ingestion/v2/rag_storage/64b13492db952-the-daily-stoic/glyph_repair_5095809825764496668.txt,.txt,5922,2026-02-12T14:53:28.537386,False,b27ef70c8eccabf6423b7d43c7165df4d7328ddb0586cf9c8678c7b03ff948cf
ingestion/v2/rag_storage/64b13492db952-the-daily-stoic/glyph_repair_5212787722785018503.txt,.txt,6262,2026-02-12T15:16:17.056983,False,32c7c6a424201442d1004491bba28279d82ed855fe39821299e70bd89eefb050
ingestion/v2/rag_storage/64b13492db952-the-daily-stoic/glyph_repair_5259745120844227314.txt,.txt,6776,2026-02-12T15:16:56.145996,False,8048e89142493694879e9853fb7a3fed33d0c4419ed0004e1494cb22fef1ecba
ingestion/v2/rag_storage/64b13492db952-the-daily-stoic/glyph_repair_5267526361360886106.txt,.txt,7022,2026-02-12T15:07:15.510932,False,2e056933ef39523b3d8815ef52199be652f1387e7aee715659395d322382443d
ingestion/v2/rag_storage/64b13492db952-the-daily-stoic/glyph_repair_5345192743340290838.txt,.txt,7596,2026-02-12T14:57:17.300435,False,7469e5d0f859ffa9060667d612271f429b5e6157bd9283d8a9c8e9ac052af41d
ingestion/v2/rag_storage/64b13492db952-the-daily-stoic/glyph_repair_5439241954508059405.txt,.txt,7034,2026-02-12T15:18:58.895850,False,85fa0b3d1608f243aebc45ffc25f226ca6be8a80bf24f8dec563a07003bd7415
ingestion/v2/rag_storage/64b13492db952-the-daily-stoic/glyph_repair_5475266206554921931.txt,.txt,8036,2026-02-12T15:21:54.715440,False,aaec9e85f50c69aaa978e09686ea054934a8c86827e152b57a8258242c3f2246
ingestion/v2/rag_storage/64b13492db952-the-daily-stoic/glyph_repair_594820812033225684.txt,.txt,960,2026-02-12T14:58:24.791498,False,ce1397ac6c6cfdeff7c9e83e56c0ae6de59cb07e9e3fe330b821c78f3b7497cb
ingestion/v2/rag_storage/64b13492db952-the-daily-stoic/glyph_repair_6110938686144462672.txt,.txt,6824,2026-02-12T15:26:46.707633,False,7037a818a39e7e6df9a9b1ef572369eac0db7e306219f83166f452d2d0e841af
ingestion/v2/rag_storage/64b13492db952-the-daily-stoic/glyph_repair_6171393630246987631.txt,.txt,7081,2026-02-12T15:12:57.368778,False,0babd2733ed42fe75add83fcffa4ffd403d57461ea0f57cc9feaefc6a61cc195
ingestion/v2/rag_storage/64b13492db952-the-daily-stoic/glyph_repair_6387858815772665450.txt,.txt,8546,2026-02-12T15:15:40.002667,False,91128e575b8d0009db6cd48c4eb19b1110fc9e7063a3451628374dd23cd34f75
ingestion/v2/rag_storage/64b13492db952-the-daily-stoic/glyph_repair_645302408558531162.txt,.txt,6465,2026-02-12T15:17:33.726697,False,36d3854d6880ba8ae16d4282159ed6f07c9dcab51485d1e32aa9d422679974fb
ingestion/v2/rag_storage/64b13492db952-the-daily-stoic/glyph_repair_6466425738994112749.txt,.txt,7758,2026-02-12T15:31:11.491008,False,ee0bbb0c35d2e7b45e98cd324ea13538b8eb1580dcb4e4e40aad5a19c89e2650
ingestion/v2/rag_storage/64b13492db952-the-daily-stoic/glyph_repair_6506295371215143357.txt,.txt,7517,2026-02-12T15:01:55.224565,False,960fcfcacbc3c454b22c6694e59541924fac1ef148c3968022d0f8d1182be714
ingestion/v2/rag_storage/64b13492db952-the-daily-stoic/glyph_repair_6526652820684089967.txt,.txt,8142,2026-02-12T14:52:54.583180,False,cc3fa628d4bb0407a577fddd4945d0a3b9b1cd595d08c5f44adac3f74502043f
ingestion/v2/rag_storage/64b13492db952-the-daily-stoic/glyph_repair_6986526500386809481.txt,.txt,7448,2026-02-12T15:08:35.539063,False,d03bb3a50c82b81391898ecb6bff8c2a305e556ad50ff0e143440f79550df8f9
ingestion/v2/rag_storage/64b13492db952-the-daily-stoic/glyph_repair_7115405673840331750.txt,.txt,6982,2026-02-12T15:05:55.723946,False,af9bd8252bfd46bdbbb355f9263111925bb085ea123f3f189af0fa8f57389330
ingestion/v2/rag_storage/64b13492db952-the-daily-stoic/glyph_repair_7443402750130754422.txt,.txt,8136,2026-02-12T15:10:52.212749,False,10d13fa52f9690291b7d6d99349fcd37ab06174ae92419f7f1f8933b2a1cf8cb
ingestion/v2/rag_storage/64b13492db952-the-daily-stoic/glyph_repair_7796199293006676287.txt,.txt,7915,2026-02-12T15:14:50.188495,False,ee414ab44a6f124aef973e5841d8026a0d20745689453394c3e234723086deb8
ingestion/v2/rag_storage/64b13492db952-the-daily-stoic/glyph_repair_8231663509780305593.txt,.txt,4161,2026-02-12T15:36:17.323502,False,67db599433519b85c6ae32867cf6b2c0cf535411d385c4726626fbb92aaf7d2c
ingestion/v2/rag_storage/64b13492db952-the-daily-stoic/glyph_repair_8292943009375732961.txt,.txt,7283,2026-02-12T14:59:49.660687,False,4102a91e34f7a55ee2827ec35460ebb7d64571cdbf434df40dc5b6aace813499
ingestion/v2/rag_storage/64b13492db952-the-daily-stoic/glyph_repair_8388080304337163796.txt,.txt,7157,2026-02-12T14:59:06.932759,False,f0c7d8d63024d1067d8148318f84699742d6367c4d75f1d350f2d62da0c93682
ingestion/v2/rag_storage/64b13492db952-the-daily-stoic/glyph_repair_8740000814641664911.txt,.txt,7732,2026-02-12T15:30:25.803016,False,60d88a19eaf92a2a2cfaf35a59aa3f18a9f71e3708ffaf60247b9b059963a72f
ingestion/v2/rag_storage/64b13492db952-the-daily-stoic/glyph_repair_8759783035542664993.txt,.txt,8107,2026-02-12T15:12:15.750110,False,11969d41c56540f603c23b5b938e9032e64f41a53c0eb409425355135376ef61
ingestion/v2/rag_storage/64b13492db952-the-daily-stoic/glyph_repair_8774085321527306431.txt,.txt,5527,2026-02-12T15:14:03.461667,False,53709ff298ca63e71304e33bb546f022577b38894bf92c314b1403605cab7d7b
ingestion/v2/rag_storage/64b13492db952-the-daily-stoic/glyph_repair_884471977942945953.txt,.txt,5199,2026-02-12T15:33:20.190912,False,44d99888eef2cbfc59929cf78611b74e7513c2eaaae377957545fbb615665607
ingestion/v2/rag_storage/64b13492db952-the-daily-stoic/glyph_repair_8890532642355965934.txt,.txt,8293,2026-02-12T15:32:46.280672,False,33a5c580c2f00ad73532f315844da6eda8434bc05577ed540e4d81251674a0a6
ingestion/v2/rag_storage/64b13492db952-the-daily-stoic/glyph_repair_889260989575052620.txt,.txt,6511,2026-02-12T15:06:33.048497,False,b9c7ce3646a2b7ba966b04f0e8d28ee7e66cbf58cfaf24d235bc4edad68d8fd5
ingestion/v2/rag_storage/64b13492db952-the-daily-stoic/glyph_repair_8899008545135691090.txt,.txt,4082,2026-02-12T15:35:53.392307,False,1c8e4beafcc6e0ee80a3bb762c606efa19d223e8a78b290f59e2c50b28915d9c
ingestion/v2/rag_storage/64b13492db952-the-daily-stoic/glyph_repair_9047955267738546746.txt,.txt,7377,2026-02-12T15:24:44.130151,False,c97010b427c22f37bda53a26256e65f352bcd3df543242e3724d6a7319de385f
ingestion/v2/rag_storage/64b13492db952-the-daily-stoic/glyph_repair_9171516167933754215.txt,.txt,7739,2026-02-12T15:10:05.386818,False,e89fd6fab7d426b9b60a84d921c93f0aac9a78f095470867f4348c1a31aebaee
ingestion/v2/rag_storage/64b13492db952-the-daily-stoic/progress.json,.json,321,2026-02-12T16:58:20.530798,False,ba06784c65ff796afacdb254b0df96a756a227a6808d40f014e8303406e1d88e
ingestion/v2/rag_storage/9780262353946_caa/00_canonical_text.txt,.txt,142272,2026-02-12T16:58:21.405993,False,0f7d1f3070edb4500d42305b89aa9c7527160c37d31694d4a34434d1f59c921f
ingestion/v2/rag_storage/9780262353946_caa/00_raw.txt,.txt,142272,2026-02-12T16:58:21.405993,False,0f7d1f3070edb4500d42305b89aa9c7527160c37d31694d4a34434d1f59c921f
ingestion/v2/rag_storage/9780262353946_caa/01_chapters.json,.json,143526,2026-02-12T17:00:02.178564,False,8df72ca01f22dd5df4aebb7f93471c90f77b37df69a8f01ae922ba71f3511781
ingestion/v2/rag_storage/9780262353946_caa/02_doctrine.json,.json,7398,2026-02-12T17:02:14.706334,False,d9ca2f26b31af7597d34d578ed96d78b038ba7c5ce76f76618bb70765acc2966
ingestion/v2/rag_storage/9780262353946_caa/02_doctrine_chunks.json,.json,7247,2026-02-12T17:02:14.692994,False,a2484342c74748726ef2fc4f3533dcf6aac74c15755aea0a71dbea60633ac3d8
ingestion/v2/rag_storage/9780262353946_caa/03_5_minister_conversion.json,.json,315,2026-02-12T17:02:26.394619,False,c3d5ce53d396128fc7f001766ea66a7c3c0cd248efc13c60df2b04eea2d286cd
ingestion/v2/rag_storage/9780262353946_caa/03_embeddings.json,.json,331,2026-02-12T17:02:23.043172,False,fd8132bd3b012a574cbd42322f2ce6d9f19f4f7a15c6bf8213185798766efcd3
ingestion/v2/rag_storage/9780262353946_caa/03_nodes_chunks.json,.json,8629,2026-02-12T17:02:14.709834,False,33ba512cf83ac56767c16cdf1680305be9f7543afdfcecc3e556835b46e0d672
ingestion/v2/rag_storage/9780262353946_caa/progress.json,.json,321,2026-02-12T17:02:26.409411,False,61d0899748c8a5b253edbaf26095a1d8dabd21d304f9c58e07bb815a5fa48ca6
ingestion/v2/rag_storage/_OceanofPDF.com_The_art_of_laziness_-_Library_Mindset/00_canonical_text.txt,.txt,84236,2026-02-13T17:30:28.920018,False,1fc298789f613ba3962eca88a4ad1c60439922e7c4127b7eb2bfdd7bb6519439
ingestion/v2/rag_storage/_OceanofPDF.com_The_art_of_laziness_-_Library_Mindset/00_raw.txt,.txt,84236,2026-02-13T17:30:28.920018,False,1fc298789f613ba3962eca88a4ad1c60439922e7c4127b7eb2bfdd7bb6519439
ingestion/v2/rag_storage/_OceanofPDF.com_The_art_of_laziness_-_Library_Mindset/01_chapters.json,.json,89454,2026-02-13T17:42:12.564257,False,e6698885012c0c8f1c6965623637aa9300628de9d57c7314f683255bad487259
ingestion/v2/rag_storage/_OceanofPDF.com_The_art_of_laziness_-_Library_Mindset/02_doctrine.json,.json,16284,2026-02-13T17:55:47.827461,False,28d56d43c74bc5f3700f27d46c82d9a7033762ac7c8fc620ef5ef978ed82f981
ingestion/v2/rag_storage/_OceanofPDF.com_The_art_of_laziness_-_Library_Mindset/02_doctrine_chunks.json,.json,6976,2026-02-13T17:55:47.812049,False,9c30430f11269d8820d0380ecf977c2e019ae450ca206bb7bf2f01463a4e60f3
ingestion/v2/rag_storage/_OceanofPDF.com_The_art_of_laziness_-_Library_Mindset/02_doctrine_errors.log,.log,5767,2026-02-13T17:55:47.810176,False,0df4cdc33bb200bcd53f9482c4a169c721d9403480cfdf70e80b2d283711dfc6
ingestion/v2/rag_storage/_OceanofPDF.com_The_art_of_laziness_-_Library_Mindset/03_5_minister_errors.log,.log,2311,2026-02-13T17:55:58.362771,False,d62e873ddae24febf275a714a0b7cf2b7527a058e09777186001e3c10368ba4e
ingestion/v2/rag_storage/_OceanofPDF.com_The_art_of_laziness_-_Library_Mindset/03_embeddings.json,.json,330,2026-02-13T17:55:57.831924,False,972be899bab0687898d832b006e9f8037077e2b0bf70c25b65fdb3b7bb140b27
ingestion/v2/rag_storage/_OceanofPDF.com_The_art_of_laziness_-_Library_Mindset/03_nodes_chunks.json,.json,7060,2026-02-13T17:55:47.830612,False,6f61e73fae680d568ff175bad4105d82fde97abe98d7d67808787dc7f59d7325
ingestion/v2/rag_storage/_OceanofPDF.com_The_art_of_laziness_-_Library_Mindset/progress.json,.json,321,2026-02-13T17:55:58.363316,False,31cd41f4e2198f169dd66c7ed37fb6baa6dd49ac0dee013daac7c4f5e10046a7
ingestion/v2/rag_storage/Being in Love/00_canonical_text.txt,.txt,171813,2026-02-12T17:29:53.568733,False,9bdf0fa3aef612c76d24eb75660df10736b8570348705ae9e168e29d325c8e69
ingestion/v2/rag_storage/Being in Love/00_raw.txt,.txt,171813,2026-02-12T17:29:53.568733,False,9bdf0fa3aef612c76d24eb75660df10736b8570348705ae9e168e29d325c8e69
ingestion/v2/rag_storage/Being in Love/00_raw_repaired.txt,.txt,171813,2026-02-12T17:29:53.567733,False,9bdf0fa3aef612c76d24eb75660df10736b8570348705ae9e168e29d325c8e69
ingestion/v2/rag_storage/Being in Love/01_chapters.json,.json,514700,2026-02-12T17:36:43.252983,False,abc1a89e0a28c02aea7d7de8148228a50bab59f2124fcb52e2164002f8b08db3
ingestion/v2/rag_storage/Being in Love/02_doctrine.json,.json,37752,2026-02-12T17:53:16.578051,False,9d9d178e2821078421a7fd70eced23a54d841ef0ecbd0a5d44f567fd4779cf5a
ingestion/v2/rag_storage/Being in Love/02_doctrine_chunks.json,.json,36749,2026-02-12T17:53:16.559884,False,f0a72a7fe53e3ab6f86218f0c9ab12dd69148c90ab241194113ef92d4d1b864c
ingestion/v2/rag_storage/Being in Love/02_doctrine_errors.log,.log,82,2026-02-12T17:52:21.945136,False,d9a6671eabfcf0154416dce481184d9f5ee813d5687f42cc89f8fed05ad17b80
ingestion/v2/rag_storage/Being in Love/03_5_minister_conversion.json,.json,386,2026-02-12T17:53:39.393001,False,4bfc40862e6d2fe2d67551d3f61252cf14d54b28edddea423776ab0f9e5e4d25
ingestion/v2/rag_storage/Being in Love/03_embeddings.json,.json,332,2026-02-12T17:53:22.079634,False,9174689a5a9fbb16786f9283eb6fa02c44b6b8153732d85de044e593eb39e042
ingestion/v2/rag_storage/Being in Love/03_nodes_chunks.json,.json,41895,2026-02-12T17:53:16.582563,False,c6e3bcdddfb1782bcef3134a9da771b31af56f57ff1fd4282b35bc64c466f3a7
ingestion/v2/rag_storage/Being in Love/glyph_repair_1104211346074181743.txt,.txt,4161,2026-02-12T17:16:57.230306,False,711a1e06a5fe06ad8a483898fef31a3d09a827153ef606e116d2ef5ea218ce3f
ingestion/v2/rag_storage/Being in Love/glyph_repair_1196209952147843531.txt,.txt,3994,2026-02-12T17:23:03.674215,False,2ed4d38d49cf2e5e9f38b9e34f88c0394e177927377988d65ae62eb4a0699175
ingestion/v2/rag_storage/Being in Love/glyph_repair_1306815051711865296.txt,.txt,2355,2026-02-12T17:24:46.121307,False,0e7c0d663280957683072828bf848ee1e2a715f52d4a08376cd9f62378fe30f2
ingestion/v2/rag_storage/Being in Love/glyph_repair_1330019122408116959.txt,.txt,8026,2026-02-12T17:12:02.247581,False,b9de626682bf6446b4ec0dd2348f36962ba2187274578fdd66fc8dbccb9f0dd4
ingestion/v2/rag_storage/Being in Love/glyph_repair_163023843332328650.txt,.txt,4327,2026-02-12T17:13:55.090335,False,8ec8229e0ade0606630e6b219abfe3d0dbb341f16aff9479762c310ea6d0d766
ingestion/v2/rag_storage/Being in Love/glyph_repair_1830181546352055164.txt,.txt,3763,2026-02-12T17:19:21.484510,False,4db515b8ca6c7532f81cf2b1027488baa0ec1b462b49ed03ba8362627d04a3d1
ingestion/v2/rag_storage/Being in Love/glyph_repair_1915354492570916506.txt,.txt,3333,2026-02-12T17:17:41.237851,False,26ff67ce6dd714f8e125b51d831773bd7ebbb7e7b20baf143b05b256bfd5a823
ingestion/v2/rag_storage/Being in Love/glyph_repair_220555461369585093.txt,.txt,2407,2026-02-12T17:25:01.167099,False,907b089fc25406d43d01d1f9b932c12b9629799fa7913bced57a453c554a6523
ingestion/v2/rag_storage/Being in Love/glyph_repair_2318608876967734435.txt,.txt,4622,2026-02-12T17:15:17.332122,False,0f79c8862b6afc96288ac8cec1a38ecdf79521f7302a0506444ec628bfbcba5b
ingestion/v2/rag_storage/Being in Love/glyph_repair_2382232507371083528.txt,.txt,7916,2026-02-12T17:08:23.163885,False,4912c4a74b5dbe4a847695642da5b1651cca3f07b644b3ce6f7f93a5ff2842f4
ingestion/v2/rag_storage/Being in Love/glyph_repair_2572841770726630675.txt,.txt,3633,2026-02-12T17:28:35.569132,False,d2ad3062836cd213f84ac268390b9f0648f1a4b31e1da74b0c520da6d11b58fe
ingestion/v2/rag_storage/Being in Love/glyph_repair_2746452379133707940.txt,.txt,3782,2026-02-12T17:28:57.870555,False,5974883b0403a0982a3a8a02110e3bbddcba9944c0bc4cd8a9e078c987526dbf
ingestion/v2/rag_storage/Being in Love/glyph_repair_2846640318988793433.txt,.txt,2954,2026-02-12T17:20:53.825093,False,59bb1cba29a52d64ad7610b0bccce1d70f5cbbe16ca8de4c8e7e6b5e68c901ca
ingestion/v2/rag_storage/Being in Love/glyph_repair_319527356362291058.txt,.txt,4499,2026-02-12T17:25:26.734320,False,ad7a7ad75028d25e3d1428d4a5b84550287ca1b1d83910d56904182e7ba8eaa6
ingestion/v2/rag_storage/Being in Love/glyph_repair_3593159934937251814.txt,.txt,2821,2026-02-12T17:22:40.410909,False,cea561e5e445ea37cce3be235480c6365ecfcb603f6bb8bbcda4265ce8a93818
ingestion/v2/rag_storage/Being in Love/glyph_repair_3918523172522434733.txt,.txt,3659,2026-02-12T17:20:36.274098,False,77972242d8b56d01288d2b389d1b860bcd868ffbd02bcae0739e5c4f0dcdcf9e
ingestion/v2/rag_storage/Being in Love/glyph_repair_4191374810775482911.txt,.txt,3122,2026-02-12T17:14:51.773557,False,632a29d42b6af9608eaddca328032c589bd0511dacba1dbf918a3ef3dbdf337b
ingestion/v2/rag_storage/Being in Love/glyph_repair_4196068511463722668.txt,.txt,8010,2026-02-12T17:06:10.658600,False,62a39d7f8fdd16237524244ee85cf5ebfef9601eac343d695fe0e611f7f76f63
ingestion/v2/rag_storage/Being in Love/glyph_repair_4415952520547345393.txt,.txt,2019,2026-02-12T17:28:13.164507,False,3e93579130c3bbc336ae99723a609ec2647945a8367cc22bd9a13d29d6908833
ingestion/v2/rag_storage/Being in Love/glyph_repair_4774037417572781384.txt,.txt,2715,2026-02-12T17:21:14.364721,False,67ded41106d9047985ec71d45420c21ce93943fd99d3bcf52061f5652a060d84
ingestion/v2/rag_storage/Being in Love/glyph_repair_5006806228954442905.txt,.txt,3262,2026-02-12T17:18:11.087961,False,5a6782e9d4f168a736754bb3af4c756fc5e16b283fe0be3667c9d8050887e489
ingestion/v2/rag_storage/Being in Love/glyph_repair_5090893798824046163.txt,.txt,5238,2026-02-12T17:27:22.970810,False,d20f6d0193d00f6466bda77d434f9a0c935caf60299d51a7b8839c8e350602f4
ingestion/v2/rag_storage/Being in Love/glyph_repair_5098435371165305234.txt,.txt,5433,2026-02-12T17:21:54.077556,False,fe1d4d682c84be2825f4a09ea5f3028b32de3bc8377314662d127a46c6256b76
ingestion/v2/rag_storage/Being in Love/glyph_repair_5121201495622969549.txt,.txt,4011,2026-02-12T17:18:46.390009,False,fb1d14ac81117536834847142882762ff578787054d8ca926a47297aba609636
ingestion/v2/rag_storage/Being in Love/glyph_repair_5330895258024956524.txt,.txt,3263,2026-02-12T17:15:51.077648,False,4d0e5741327492e55aa53f443ee7ab805669f7e1554761fe85ba55158e94476c
ingestion/v2/rag_storage/Being in Love/glyph_repair_5353286061193199993.txt,.txt,2357,2026-02-12T17:26:53.740867,False,2fd031d562383665ccb920a3c9e930cb59b681f4f720f7eb3d6f29089e164259
ingestion/v2/rag_storage/Being in Love/glyph_repair_5435163181654698641.txt,.txt,2068,2026-02-12T17:18:24.203901,False,87b94aa954d19918e85709b646fef5dea66a3c258f1e896758b97be2e09d253e
ingestion/v2/rag_storage/Being in Love/glyph_repair_5471875412325024828.txt,.txt,4361,2026-02-12T17:19:53.514798,False,129f7f03cadf9ae0839a922ae97e467876ceba688d737b74647d52999ca0d6b0
ingestion/v2/rag_storage/Being in Love/glyph_repair_5487267770210622379.txt,.txt,2704,2026-02-12T17:29:40.180237,False,c20aed548a8f48311f03a5c7fb54588d9958f2a198f0f42d4108299f55b1087f
ingestion/v2/rag_storage/Being in Love/glyph_repair_5503789099021474674.txt,.txt,3253,2026-02-12T17:13:06.751250,False,90539768039bd9a773ade7297c472b26bfe031659aaee950cccf03a5da900c42
ingestion/v2/rag_storage/Being in Love/glyph_repair_5779576732471711757.txt,.txt,4061,2026-02-12T17:17:20.893852,False,8c335a994399e5d44573e0c21ff71e4f8f7f801acfd0e970ec6d1e76d206eeef
ingestion/v2/rag_storage/Being in Love/glyph_repair_5805089365411602274.txt,.txt,1402,2026-02-12T17:24:30.733020,False,655169bc56060ce26fc7c70d021afab017d4df21cd356cce3ab43d7d07108aa0
ingestion/v2/rag_storage/Being in Love/glyph_repair_5805559726361589098.txt,.txt,1611,2026-02-12T17:17:52.226205,False,a7aa4ac2614fd51f16b4a2a36b855032f61839b43c7281c9047cfc10ae0e46e2
ingestion/v2/rag_storage/Being in Love/glyph_repair_5858055300449221673.txt,.txt,921,2026-02-12T17:22:23.215808,False,1900ced31ab65e3adf71f524b14314c396194e29b733b0dad50867f489c91d6d
ingestion/v2/rag_storage/Being in Love/glyph_repair_5929685890516015963.txt,.txt,2328,2026-02-12T17:16:31.881054,False,d367e8dbb725a1fba06258d14b58350d09bd59c86e256b49f3044d8ac0506c0b
ingestion/v2/rag_storage/Being in Love/glyph_repair_5969151531583789564.txt,.txt,3728,2026-02-12T17:20:14.905074,False,680af7ac95cb02c95eae9dcb219cd16f9a3bf15907790bc468e617ccc38b1c86
ingestion/v2/rag_storage/Being in Love/glyph_repair_635912872996366707.txt,.txt,946,2026-02-12T17:19:28.316140,False,b6039050c75243eaf0114671502ae4524c7b478dbdd1a379cebd1c21d86ac1f4
ingestion/v2/rag_storage/Being in Love/glyph_repair_6535201161799533000.txt,.txt,7954,2026-02-12T17:05:25.692586,False,6fa94c5154d54fe7c2409fbb7dc1d8fd706c5ae480c2342d1afc5796a0dd3a05
ingestion/v2/rag_storage/Being in Love/glyph_repair_6629350214797951254.txt,.txt,8005,2026-02-12T17:10:33.638831,False,7c020c0933061ff40a4618b8e73f439ab55873f878fe2bd369523b3025b1af1b
ingestion/v2/rag_storage/Being in Love/glyph_repair_6682517573402213612.txt,.txt,3330,2026-02-12T17:23:23.208821,False,f58eaa66e8ef41b922251753fd610ac441692e0b8d0f4ffec0f15c72d0bc00d7
ingestion/v2/rag_storage/Being in Love/glyph_repair_6722195916488981997.txt,.txt,8070,2026-02-12T17:06:54.862323,False,4302d6ff4f6f804c782dd36039ec59ea1eedae0a1952593d1e1af149fe4d8e79
ingestion/v2/rag_storage/Being in Love/glyph_repair_7032091553256004304.txt,.txt,1951,2026-02-12T17:18:59.049331,False,68a9f779eda2bf82e529b783b94e9054cbb7e99a73ed1201077dd02eeb35e00f
ingestion/v2/rag_storage/Being in Love/glyph_repair_7207428340478334437.txt,.txt,1922,2026-02-12T17:13:31.463772,False,ce548823ee88f6836d18f5b158fcaa7c98525439105c478f96d10cd28f73b702
ingestion/v2/rag_storage/Being in Love/glyph_repair_7217320763540767237.txt,.txt,4444,2026-02-12T17:29:23.395913,False,c06a37e517c9f18dcd3f3a25aab302857368b9d5cc7b84b921988bc8398bbecc
ingestion/v2/rag_storage/Being in Love/glyph_repair_723562274064209188.txt,.txt,1590,2026-02-12T17:28:00.724603,False,5db9c49ea0aad808bd6e777233106d37afba1b67e114fd724f4bf065f2700529
ingestion/v2/rag_storage/Being in Love/glyph_repair_7274560517429910513.txt,.txt,7952,2026-02-12T17:07:39.753788,False,4cab1078f0638b4ae93acf75990a70d8ea18334cc1853365cd3cda48d83b4d48
ingestion/v2/rag_storage/Being in Love/glyph_repair_7484584373142327448.txt,.txt,4547,2026-02-12T17:26:39.358944,False,2b980876ab571cc0b3f75b0a57d4038f0b886f702304a14045892f9b62af7ce7
ingestion/v2/rag_storage/Being in Love/glyph_repair_7776429109363631813.txt,.txt,3409,2026-02-12T17:24:20.702643,False,dd86c95f0d2685b81c86e60587e3220d5ef7ddad5409e10c14718e9b84033028
ingestion/v2/rag_storage/Being in Love/glyph_repair_7799730170624405892.txt,.txt,481,2026-02-12T17:20:58.218368,False,072461d371e22c0b4a63a6f6af593b4959af07794c4f2315146c919ad1d2328e
ingestion/v2/rag_storage/Being in Love/glyph_repair_7844721291221987837.txt,.txt,2065,2026-02-12T17:22:16.166699,False,a7feea0926f9dfac5d60a791ee167d04939b7b39fbb782667d3cbe3ddbd9151a
ingestion/v2/rag_storage/Being in Love/glyph_repair_7850881414241538009.txt,.txt,7217,2026-02-12T17:09:03.866588,False,f7828d7591a359e087934b14dee3f0a2a6f144905d0aafd34d298fb3c2eac615
ingestion/v2/rag_storage/Being in Love/glyph_repair_7864624179362495854.txt,.txt,2156,2026-02-12T17:14:33.120638,False,c253cd99c5f2a7c28e229f0dcdd801bb28ac8bf6ac4e91eb2e1cc1fd5405ae18
ingestion/v2/rag_storage/Being in Love/glyph_repair_7890471935779276578.txt,.txt,6253,2026-02-12T17:23:59.762202,False,d4c4ee544fb4de3e0c600e1ab1309c25acfb18f8560aaa8c2f76ddd50ce06d51
ingestion/v2/rag_storage/Being in Love/glyph_repair_7918111032967024103.txt,.txt,7730,2026-02-12T17:04:40.723809,False,9881a3da6bd1d5d4e60053d988f6b82cbf5bc6cccb6b763aa1eb6466c07f4bf8
ingestion/v2/rag_storage/Being in Love/glyph_repair_8006917083468440046.txt,.txt,2331,2026-02-12T17:29:53.566726,False,968c83ae2d6cf7f986ee6f2851a0b43d88608704eaa17219a0c0176f70573a8f
ingestion/v2/rag_storage/Being in Love/glyph_repair_8064963068924681274.txt,.txt,2475,2026-02-12T17:15:32.357419,False,f69a624736f7ed6e1fa7b807e7d6e1d2085e2e42d48b1d28fe3d0d777bd6799a
ingestion/v2/rag_storage/Being in Love/glyph_repair_8078671212111160117.txt,.txt,7312,2026-02-12T17:03:18.966753,False,8f26e506f0645f44647d4d0ca52f32df4b92c17952e75c189ff34d41972cdcfe
ingestion/v2/rag_storage/Being in Love/glyph_repair_809110409017421466.txt,.txt,2854,2026-02-12T17:25:43.542148,False,74632362e28f5e88b5fca1726c7f70df100420159abb4029e958f9d3d31400d4
ingestion/v2/rag_storage/Being in Love/glyph_repair_8296748821901246893.txt,.txt,2188,2026-02-12T17:13:19.070098,False,a3273f45d05ada97db5f59b7d5f8a350aaa0c6c9abbd77446cce504495d84e93
ingestion/v2/rag_storage/Being in Love/glyph_repair_8317912356872443888.txt,.txt,8264,2026-02-12T17:09:50.173020,False,07934dc4f045601bde734073885227838bf9d484171f0f8a51652323b659d96e
ingestion/v2/rag_storage/Being in Love/glyph_repair_8374273208463342235.txt,.txt,4521,2026-02-12T17:16:17.176111,False,4a4eaf5555374e3505c47ed4e782b57cd94640d2bf1ec222d5b950229755d1b1
ingestion/v2/rag_storage/Being in Love/glyph_repair_8503240191092366767.txt,.txt,1462,2026-02-12T17:21:24.069168,False,7f4f62f4475e3413930f4c2db42c7de6aedded8c379715dee5eb94ed437c17fe
ingestion/v2/rag_storage/Being in Love/glyph_repair_8510763400189255496.txt,.txt,7062,2026-02-12T17:11:15.729588,False,81aced9404f4ba407dc5b8719070308c038727f382ab45224a65865728f4bade
ingestion/v2/rag_storage/Being in Love/glyph_repair_8566411503135764345.txt,.txt,6800,2026-02-12T17:03:56.414655,False,e72558c5895565107a7d13be37692b5a571c10be2fbc8391b18f2c7d7e3bed5b
ingestion/v2/rag_storage/Being in Love/glyph_repair_8685544086736948555.txt,.txt,4974,2026-02-12T17:27:50.276425,False,0417d4d1a9dbeb8428c15ebcfb512628417be7022a9ae28906170f28871f43a7
ingestion/v2/rag_storage/Being in Love/glyph_repair_8765742732450881678.txt,.txt,5166,2026-02-12T17:26:13.126675,False,878d3e3c0d9376f1115cd7e50d8b17853a1496b2f6fa42ce89e3a61d4213eb95
ingestion/v2/rag_storage/Being in Love/glyph_repair_926896679408578383.txt,.txt,4316,2026-02-12T17:14:19.060688,False,b5cdfcdedcfb1b089d53a4eb2533e2a044ccbab1e3732e25d36f1563f893a94d
ingestion/v2/rag_storage/Being in Love/progress.json,.json,320,2026-02-12T17:53:39.411406,False,df48140687c382b565f716fd16970d52e7419e7e340820974e4e2ee5af54ce82
ingestion/v2/rag_storage/Beyond good and evil/00_canonical_text.txt,.txt,342072,2026-02-12T17:53:44.967160,False,5bca5389c0aaec80accde7591bac1f70c21181459816c453f1d1ffc3d8aa4bb5
ingestion/v2/rag_storage/Beyond good and evil/00_raw.txt,.txt,342072,2026-02-12T17:53:44.966160,False,5bca5389c0aaec80accde7591bac1f70c21181459816c453f1d1ffc3d8aa4bb5
ingestion/v2/rag_storage/Beyond good and evil/01_chapters.json,.json,352309,2026-02-12T18:00:48.326724,False,fc75187e6edf2c4e219508fad896db2a344b93f023de554c0007700b0b2bc532
ingestion/v2/rag_storage/Beyond good and evil/02_doctrine.json,.json,50428,2026-02-12T18:19:39.413496,False,21cd3474cb074a2726978b74d9271111a11d911d49150ad0d45691fbe7eba011
ingestion/v2/rag_storage/Beyond good and evil/02_doctrine_chunks.json,.json,49171,2026-02-12T18:19:39.399311,False,49ced2dfb5da0cbac61e70eec8f0a89ea25123909c93b4fdb903559e43c98476
ingestion/v2/rag_storage/Beyond good and evil/03_5_minister_conversion.json,.json,413,2026-02-12T18:20:13.594066,False,87fb6fdf1cba96858e0af6f7bbcdea2f6bc9de47ce825716b2409c542598b82b
ingestion/v2/rag_storage/Beyond good and evil/03_embeddings.json,.json,347,2026-02-12T18:19:49.504672,False,042dcfcc8692596642bbb5a49fb87b973f5682a4844cc8618ff660a53bebef81
ingestion/v2/rag_storage/Beyond good and evil/03_nodes_chunks.json,.json,60283,2026-02-12T18:19:39.418616,False,c811ad0ca7af460aa650306632b5d0e945fdd424797e390c26e0530de7fafa83
ingestion/v2/rag_storage/Beyond good and evil/progress.json,.json,320,2026-02-12T18:20:13.613803,False,ce96bbb9ea706e0d0ff99f2edfd8e8befbe040be22d2b136658ce8137d35cd8e
"ingestion/v2/rag_storage/CAMUS, Albert - The Stranger/00_canonical_text.txt",.txt,207175,2026-02-12T18:20:14.210384,False,32b274d5d7fd5744dcbbb8b6304ca58050bf8963e6949926c02b4346067c176a
"ingestion/v2/rag_storage/CAMUS, Albert - The Stranger/00_raw.txt",.txt,207175,2026-02-12T18:20:14.208011,False,32b274d5d7fd5744dcbbb8b6304ca58050bf8963e6949926c02b4346067c176a
"ingestion/v2/rag_storage/CAMUS, Albert - The Stranger/01_chapters.json",.json,209214,2026-02-12T18:22:38.784646,False,055135096d839362919522ada1ae08a4d9aee01bb060ade77ec776557610eb1e
"ingestion/v2/rag_storage/CAMUS, Albert - The Stranger/02_doctrine.json",.json,10676,2026-02-12T18:26:11.357687,False,e05845c8840988a39acc24b7eeb95fcf2a3caa297f8b3368a3e9cd4db4b20e57
"ingestion/v2/rag_storage/CAMUS, Albert - The Stranger/02_doctrine_chunks.json",.json,10301,2026-02-12T18:26:11.343161,False,b54150a3337585f9ea7d490650f49f7411c535201215bf0dc3ffc18d231e57c7
"ingestion/v2/rag_storage/CAMUS, Albert - The Stranger/03_5_minister_conversion.json",.json,340,2026-02-12T18:26:25.490251,False,c6e7b4a6a2b6395c5b6f95738837ee9a9b42b8907b875021b756d11d5e7cfb30
"ingestion/v2/rag_storage/CAMUS, Albert - The Stranger/03_embeddings.json",.json,331,2026-02-12T18:26:20.398398,False,0af4f95e75e27f1f93fc176263b6b4ab6ec750c4c883c8d6c63491c3a7e963d5
"ingestion/v2/rag_storage/CAMUS, Albert - The Stranger/03_nodes_chunks.json",.json,12766,2026-02-12T18:26:11.360701,False,8c8235e0f15c764be62952b5a92ecb9568a829c8d4a6f178bc053c3b1ab8e9ab
"ingestion/v2/rag_storage/CAMUS, Albert - The Stranger/progress.json",.json,319,2026-02-12T18:26:25.510526,False,fc625d9ad4a2947a4ac5ddb40cb043e44a8bf7825ff5cb46fc9584101d201937
"ingestion/v2/rag_storage/Cioran, E. M. - Trouble With Being Born (Seaver, 2011)/00_canonical_text.txt",.txt,194592,2026-02-12T18:26:26.479460,False,41a750e96ab3820cc5fc6426d1ef173ca72cd888495b1d3bcd0d1e7c2ae9ee4b
"ingestion/v2/rag_storage/Cioran, E. M. - Trouble With Being Born (Seaver, 2011)/00_raw.txt",.txt,194592,2026-02-12T18:26:26.477456,False,41a750e96ab3820cc5fc6426d1ef173ca72cd888495b1d3bcd0d1e7c2ae9ee4b
"ingestion/v2/rag_storage/Cioran, E. M. - Trouble With Being Born (Seaver, 2011)/01_chapters.json",.json,200370,2026-02-12T18:30:10.946056,False,9e10a40dc4685ed5245c569e529cb14d8905f0d3b488a374250b2458064ba4a7
"ingestion/v2/rag_storage/Cioran, E. M. - Trouble With Being Born (Seaver, 2011)/02_doctrine.json",.json,36912,2026-02-12T18:48:33.011837,False,16c394ad1376dd3212efe22c22539c1421787bc852160c01e64b4d6105c5bc5d
"ingestion/v2/rag_storage/Cioran, E. M. - Trouble With Being Born (Seaver, 2011)/02_doctrine_chunks.json",.json,36264,2026-02-12T18:48:32.997836,False,d2ef8314b67c513dc78a200a193c566559df956415451b8ef6f716d6e0004b77
"ingestion/v2/rag_storage/Cioran, E. M. - Trouble With Being Born (Seaver, 2011)/03_5_minister_conversion.json",.json,558,2026-02-12T18:48:56.971091,False,209482a3fc6fca7a1971960d4eecd6bb6e4dd18e9fbce2e0c5c9367f26191c71
"ingestion/v2/rag_storage/Cioran, E. M. - Trouble With Being Born (Seaver, 2011)/03_embeddings.json",.json,332,2026-02-12T18:48:38.450222,False,7c2e7aebf2e4ffa595cc6fceff0611464b9ce6daa94352f8096b126691ade75c
"ingestion/v2/rag_storage/Cioran, E. M. - Trouble With Being Born (Seaver, 2011)/03_nodes_chunks.json",.json,47897,2026-02-12T18:48:33.015837,False,4d21ef1c5abc4193ff131f07ab4b9e2985e1cb449835292fc660df420498436a
"ingestion/v2/rag_storage/Cioran, E. M. - Trouble With Being Born (Seaver, 2011)/progress.json",.json,321,2026-02-12T18:48:56.983088,False,3699f866b4a214e523039af24ccc9f52db861d67017a6a2645cb26fa9345ef2f
ingestion/v2/rag_storage/ClearThinking/00_canonical_text.txt,.txt,414182,2026-02-13T10:59:55.471548,False,18fc2e0cdd12b1b17adbddf3ebfb2d03e622b67dc5ebe3a7edacd6891bfaf64e
ingestion/v2/rag_storage/ClearThinking/00_raw.txt,.txt,414182,2026-02-13T10:59:55.470546,False,18fc2e0cdd12b1b17adbddf3ebfb2d03e622b67dc5ebe3a7edacd6891bfaf64e
ingestion/v2/rag_storage/ClearThinking/01_chapters.json,.json,428058,2026-02-12T18:55:51.696767,False,2acc89b1d9b001538719fb491df1c822bbf74aa03e4b52b0881b2ea21bf279dc
ingestion/v2/rag_storage/ClearThinking/02_doctrine.json,.json,82263,2026-02-13T10:59:55.562227,False,3e9eb69df05d409ec6224072204105ea65fbe4a184da1baf3ca71e3120e4db72
ingestion/v2/rag_storage/ClearThinking/02_doctrine_chunks.json,.json,82632,2026-02-12T19:38:26.329259,False,2293b4dec67cb838969af8a6533906a43ef40e27bd43d082d0bbd205d67ef632
ingestion/v2/rag_storage/ClearThinking/03_5_minister_errors.log,.log,2311,2026-02-13T11:01:08.837445,False,d62e873ddae24febf275a714a0b7cf2b7527a058e09777186001e3c10368ba4e
ingestion/v2/rag_storage/ClearThinking/03_embeddings.json,.json,360,2026-02-13T11:01:07.772180,False,0746caed8a5d61734707b2caf940e0873db9192dbfbcd3e62255b9d23dab4576
ingestion/v2/rag_storage/ClearThinking/03_nodes_chunks.json,.json,94676,2026-02-13T10:59:55.568680,False,32346f020a0781bfd71fb73e8fa079c15d70e0801c447a960c218eb2799437b5
ingestion/v2/rag_storage/ClearThinking/ministers/base/claim.json,.json,270623,2026-02-13T11:01:07.639247,False,8a8bb2a17a53d187bd4987a68798613ac06636aaeb76842245bbdc7f87e379b8
ingestion/v2/rag_storage/ClearThinking/ministers/base/principle.json,.json,254602,2026-02-13T11:01:07.655247,False,5d2ac3be6ad8a533de077d4dbf5d2eb57a5a0566898596aa39c047f0545fba44
ingestion/v2/rag_storage/ClearThinking/ministers/base/rule.json,.json,270601,2026-02-13T11:01:07.647247,False,6c919b661888c755e64c5c8fdd9dfaf92e20e6141ae6dbb26e3cc923ca842e59
ingestion/v2/rag_storage/ClearThinking/progress.json,.json,321,2026-02-13T11:01:08.838449,False,fcd195adf60f71a0a228280dd8186496669e170fdb2fe9c047d4c040b354398d
ingestion/v2/rag_storage/Collins-2001-Good-to-Great-Why-Some-Companies-Make-the-Leap...and-Others-Dont_/00_canonical_text.txt,.txt,586197,2026-02-12T19:38:29.612077,False,72f23cba11d91a7281110db682dd2c0e9f1bc6f7e8f15bd6e6f28a189937013e
ingestion/v2/rag_storage/Collins-2001-Good-to-Great-Why-Some-Companies-Make-the-Leap...and-Others-Dont_/00_raw.txt,.txt,586197,2026-02-12T19:38:29.607076,False,72f23cba11d91a7281110db682dd2c0e9f1bc6f7e8f15bd6e6f28a189937013e
ingestion/v2/rag_storage/Collins-2001-Good-to-Great-Why-Some-Companies-Make-the-Leap...and-Others-Dont_/01_chapters.json,.json,604814,2026-02-12T19:47:11.892067,False,d5ad415b39c36e0c53e0033ad61190d705e99ac7248c0bc146b645e5b1a6374f
ingestion/v2/rag_storage/Collins-2001-Good-to-Great-Why-Some-Companies-Make-the-Leap...and-Others-Dont_/02_doctrine.json,.json,98065,2026-02-12T20:32:24.918367,False,5747d3ba33d8bbb32c1966c281c95b26086b640fbbc931ac973bc585063bc0c5
ingestion/v2/rag_storage/Collins-2001-Good-to-Great-Why-Some-Companies-Make-the-Leap...and-Others-Dont_/02_doctrine_chunks.json,.json,94894,2026-02-12T20:32:24.897095,False,aafa5f39b2e14795edaefe23fee4b9f13f4008acb5fcd743969cf332036dba72
ingestion/v2/rag_storage/Collins-2001-Good-to-Great-Why-Some-Companies-Make-the-Leap...and-Others-Dont_/02_doctrine_errors.log,.log,291,2026-02-12T20:32:04.154357,False,d2dc8be49f992cb2f246920e4944136f5c10ec2949d5ceb9da1b288765a97a38
ingestion/v2/rag_storage/Collins-2001-Good-to-Great-Why-Some-Companies-Make-the-Leap...and-Others-Dont_/03_5_minister_conversion.json,.json,624,2026-02-12T20:33:24.665402,False,f8d5fb0e8adb30ccfb9c8a9127f6c87fea4da3393446002ab3c5aa3bba7aa5eb
ingestion/v2/rag_storage/Collins-2001-Good-to-Great-Why-Some-Companies-Make-the-Leap...and-Others-Dont_/03_embeddings.json,.json,348,2026-02-12T20:32:41.863328,False,718ca26235ee201bf7604b87fb8508776e3217bc6e12f0a1b65ed5d0eaa42b3b
ingestion/v2/rag_storage/Collins-2001-Good-to-Great-Why-Some-Companies-Make-the-Leap...and-Others-Dont_/03_nodes_chunks.json,.json,137044,2026-02-12T20:32:24.926072,False,1dbcdffe64d0388bce323f2d34df99177a870817642a251838f743f34ff18944
ingestion/v2/rag_storage/Collins-2001-Good-to-Great-Why-Some-Companies-Make-the-Leap...and-Others-Dont_/progress.json,.json,320,2026-02-12T20:33:24.681321,False,bec559c36a0be4a3e8c8d4a13b6e5be87cc8cff95ac1f5a898b8242c4cdbe6e3
ingestion/v2/rag_storage/Crime/00_canonical_text.txt,.txt,1626269,2026-02-13T11:01:15.942336,False,74cd24509751a04b3761e8062f82ffc009156a6a545420da923014e5fb3ef5af
ingestion/v2/rag_storage/Crime/00_raw.txt,.txt,1626269,2026-02-13T11:01:15.936335,False,74cd24509751a04b3761e8062f82ffc009156a6a545420da923014e5fb3ef5af
ingestion/v2/rag_storage/Crime/01_chapters.json,.json,1649135,2026-02-12T21:01:26.897831,False,f68a23d85beac4f538f5ae3ecb6da8f486c75c95970031edd0886c1a04132222
ingestion/v2/rag_storage/Crime/02_doctrine.json,.json,84521,2026-02-13T11:01:16.038065,False,999c2627904c1759c56989e22fdbf0313258e6fa4bce458344164d9f4d28cd95
ingestion/v2/rag_storage/Crime/02_doctrine_chunks.json,.json,81618,2026-02-12T21:34:51.180553,False,d8d4ba9cbe12eb491355be88f525c4d99d11760f5505b86e65aa006c7c8433c3
ingestion/v2/rag_storage/Crime/02_doctrine_errors.log,.log,226,2026-02-12T21:28:49.614756,False,fc8407adc51ca68d6e8d8561d71015747fef33f607e36f9d7a0e53f5b832c15f
ingestion/v2/rag_storage/Crime/03_5_minister_errors.log,.log,2311,2026-02-13T11:02:32.482490,False,9d787abb4a84ec8e5be94616064670674b2722b85890c1f14b2c50a09dd73fe9
ingestion/v2/rag_storage/Crime/03_embeddings.json,.json,361,2026-02-13T11:02:31.516760,False,c179c74f0bd0a9fa821133897a14239f85f0a0d81a3982883cd4f05cfc94539f
ingestion/v2/rag_storage/Crime/03_nodes_chunks.json,.json,87239,2026-02-13T11:01:16.042573,False,1600932334a56cb468a79a63585e5420180c956721eebcfb415929fcf94dd5cd
ingestion/v2/rag_storage/Crime/ministers/base/claim.json,.json,270446,2026-02-13T11:02:31.393581,False,68669151122fc1a06a6517761c278d6412ce260822ed9bea22a3ab934924afa0
ingestion/v2/rag_storage/Crime/ministers/base/principle.json,.json,238414,2026-02-13T11:02:31.409873,False,a625d75c7ab2f205aa47ea0d437c1d88fb776f4a3737df530070b49165462b3a
ingestion/v2/rag_storage/Crime/ministers/base/rule.json,.json,286354,2026-02-13T11:02:31.401903,False,87fc2b9089b9019838fa75838e099a6e11f170d977142147752493eeb6f059e6
ingestion/v2/rag_storage/Crime/progress.json,.json,320,2026-02-13T11:02:32.483488,False,a22cdfda3de795d9609effab97f07d6087a7adaa4eaf08fe9fc4224f75034f55
ingestion/v2/rag_storage/crowdastudypopu00bongoog/00_canonical_text.txt,.txt,3272,2026-02-13T17:55:58.536214,False,956d6f0c68cc1b4e67212e9c1236ead9586d76e4a310c883c0ea26009cd92659
ingestion/v2/rag_storage/crowdastudypopu00bongoog/00_raw.txt,.txt,3272,2026-02-13T17:55:58.535587,False,956d6f0c68cc1b4e67212e9c1236ead9586d76e4a310c883c0ea26009cd92659
ingestion/v2/rag_storage/crowdastudypopu00bongoog/01_chapters.json,.json,3183,2026-02-13T17:55:24.451594,False,dd21c17fad21c9433fd2713e368a66f6aabc381472b0561cd8e16fa478fc31d0
ingestion/v2/rag_storage/crowdastudypopu00bongoog/02_doctrine.json,.json,743,2026-02-13T17:56:55.063562,False,d1cdb26747d1b4a5562a81e07c0f4976747d93024308495177ed6ba27d59c230
ingestion/v2/rag_storage/crowdastudypopu00bongoog/02_doctrine_chunks.json,.json,709,2026-02-13T17:56:55.052523,False,66672e30eec72a101e37387405874824f80a1d1cf49c41b5fc70e817d0766664
ingestion/v2/rag_storage/crowdastudypopu00bongoog/02_doctrine_errors.log,.log,84,2026-02-13T17:56:26.538444,False,ccb2cc08c54d5afe35f11338dd296a79f7f9e750cc372b352ed85c36a8a520ea
ingestion/v2/rag_storage/crowdastudypopu00bongoog/03_5_minister_errors.log,.log,1043,2026-02-13T17:57:03.480937,False,36034aae6187636e208a77f1ea6bbf23396879c656ebad89e38e3813b560b6f9
ingestion/v2/rag_storage/crowdastudypopu00bongoog/03_embeddings.json,.json,331,2026-02-13T17:57:03.366155,False,43a884d26112a1d885328d4677ac2699ae86cc4b8f8e9a8e95d7650107b82e99
ingestion/v2/rag_storage/crowdastudypopu00bongoog/03_nodes_chunks.json,.json,1132,2026-02-13T17:56:55.067956,False,6abd1f639abb6adad67ce3948648792d5851b41f86860fec06f67aaa7fe0bed0
ingestion/v2/rag_storage/crowdastudypopu00bongoog/progress.json,.json,320,2026-02-13T17:57:03.482147,False,716037378039ba3de209fc56b11afbaa9c814633b37012479b9341aa8fe7c002
ingestion/v2/rag_storage/Crucial Conversations/00_canonical_text.txt,.txt,402268,2026-02-12T21:34:55.506810,False,339f2e52cb79c5deede50f2e992e2c27d089539085a09dc7daf901d3160ca560
ingestion/v2/rag_storage/Crucial Conversations/00_raw.txt,.txt,402268,2026-02-12T21:34:55.504809,False,339f2e52cb79c5deede50f2e992e2c27d089539085a09dc7daf901d3160ca560
ingestion/v2/rag_storage/Crucial Conversations/01_chapters.json,.json,416447,2026-02-12T21:41:11.797978,False,af72f48f6b237004eda93c4c2fe404616dbb8960e8fb8c65cd548a444f7b7ed4
ingestion/v2/rag_storage/Crucial Conversations/02_doctrine.json,.json,82671,2026-02-12T22:13:29.936592,False,c811e22dc85a95885b3cfd2fd0efc7a5dd57dbb5012fd1d3f341dff15f672102
ingestion/v2/rag_storage/Crucial Conversations/02_doctrine_chunks.json,.json,80552,2026-02-12T22:13:29.916384,False,aad2e767686a70de5222ce7da84417ecae7538b3bf228bc9f8c08882124fab13
ingestion/v2/rag_storage/Crucial Conversations/03_5_minister_conversion.json,.json,435,2026-02-12T22:14:30.621632,False,daa8a5e54bd5d6eff53ae32291936ba002d0868338621a067fd0bda0645ced39
ingestion/v2/rag_storage/Crucial Conversations/03_embeddings.json,.json,347,2026-02-12T22:13:49.712528,False,4fd5abe8b32550b39a88d02dcafca5b8ab4a2a861880c9b4d54d0f96b1134724
ingestion/v2/rag_storage/Crucial Conversations/03_nodes_chunks.json,.json,98830,2026-02-12T22:13:29.943592,False,a66320be97533574c64eb10310a7ee54a0d378e3811b329da69fec68b1bcfca0
ingestion/v2/rag_storage/Crucial Conversations/progress.json,.json,321,2026-02-12T22:14:30.639954,False,8016ee6bd58e1b298fcbb3519f32f993c40e995bdcaf125814bf5854458480fe
ingestion/v2/rag_storage/Deep Work/00_canonical_text.txt,.txt,460480,2026-02-12T22:14:37.740780,False,717be36f1e102558a59aad94118934923464bbb4e7327461be329804d5da0536
ingestion/v2/rag_storage/Deep Work/00_raw.txt,.txt,460480,2026-02-12T22:14:37.738764,False,717be36f1e102558a59aad94118934923464bbb4e7327461be329804d5da0536
ingestion/v2/rag_storage/Deep Work/01_chapters.json,.json,468537,2026-02-12T22:19:46.892739,False,ee6909317056a226caa4ed922d2d3c5d1ee9e0b7627dac7a37801d4c7e211bea
ingestion/v2/rag_storage/Deep Work/02_doctrine.json,.json,50603,2026-02-12T22:44:48.466760,False,2331a11068356848114740463f884e788344b7682511523e7a3b002741bc00dd
ingestion/v2/rag_storage/Deep Work/02_doctrine_chunks.json,.json,49433,2026-02-12T22:44:48.441174,False,776622bfbb670dbe730f67e56f2414d8a4a6c9d96e18a0a3b92eeaccfd70fb32
ingestion/v2/rag_storage/Deep Work/03_5_minister_conversion.json,.json,531,2026-02-12T22:45:37.263709,False,5a7883d195295d36f146335ee256c493677125b13403b8d84859258375877357
ingestion/v2/rag_storage/Deep Work/03_embeddings.json,.json,348,2026-02-12T22:45:05.019316,False,2d5f627d3d231a88b42f3d9bcca1091aa1cc24a3e2da28328598b82aacc444bc
ingestion/v2/rag_storage/Deep Work/03_nodes_chunks.json,.json,58172,2026-02-12T22:44:48.475743,False,8c5a1b5fa80c8ec7bc50f421cfa9950f7d472648028977e8dc8747b584184d8e
ingestion/v2/rag_storage/Deep Work/progress.json,.json,320,2026-02-12T22:45:37.283324,False,da074ea494fd3dd69333b0ee749ad182feca6d578fd95770b48fc7988bfd54cf
ingestion/v2/rag_storage/Do It Today/00_canonical_text.txt,.txt,178265,2026-02-13T11:02:33.388561,False,f0ebcad737742cc9372306455cf0ed1ad8ecca05c95a05141016dc97c0bb65c2
ingestion/v2/rag_storage/Do It Today/00_raw.txt,.txt,178265,2026-02-13T11:02:33.388561,False,f0ebcad737742cc9372306455cf0ed1ad8ecca05c95a05141016dc97c0bb65c2
ingestion/v2/rag_storage/Do It Today/01_chapters.json,.json,184869,2026-02-12T22:48:48.952554,False,7daebc73dc547be7485fb8e1f653a137674586917f1c195da537a1d1122d6f1b
ingestion/v2/rag_storage/Do It Today/02_doctrine.json,.json,40968,2026-02-13T11:02:33.425066,False,865faaf89411b90dc556314a37a20539b9a05d7aff4fb9037273f3f1a6d44aaa
ingestion/v2/rag_storage/Do It Today/02_doctrine_chunks.json,.json,42520,2026-02-12T23:15:11.456388,False,1298ec2ffa16e70670a82265ab6193e00a1584deb4cc6266c513e781efc21ef7
ingestion/v2/rag_storage/Do It Today/02_doctrine_errors.log,.log,59,2026-02-12T22:59:09.945450,False,91c7aa5b98ea4b6a9524fb6e6be5f8b53f27748aacb13373dd67e60398a8dee7
ingestion/v2/rag_storage/Do It Today/03_5_minister_errors.log,.log,2311,2026-02-13T11:02:57.403641,False,9d787abb4a84ec8e5be94616064670674b2722b85890c1f14b2c50a09dd73fe9
ingestion/v2/rag_storage/Do It Today/03_embeddings.json,.json,362,2026-02-13T11:02:55.640698,False,f188aa532b716ebe944eb0e5ae212db186d08b5bed3c94fb31876a8debc4dfe1
ingestion/v2/rag_storage/Do It Today/03_nodes_chunks.json,.json,42690,2026-02-13T11:02:33.428055,False,8573a6374213f57fb1ee5d4ac428f5a3cb30ad1f9c7a283d89426b71d5aaf56c
ingestion/v2/rag_storage/Do It Today/ministers/base/claim.json,.json,238740,2026-02-13T11:02:55.459350,False,99d1b2bd4fe8ed92e299442f1864e735abf3f74228813a635fd5b28d422fe317
ingestion/v2/rag_storage/Do It Today/ministers/base/principle.json,.json,254421,2026-02-13T11:02:55.467352,False,185f34df70f6222bb1b9b3918e1630d90841268dce7db8d1dda07ccafdced571
ingestion/v2/rag_storage/Do It Today/ministers/base/rule.json,.json,302235,2026-02-13T11:02:55.476349,False,f0177d34c4789c331cac71c328f98648be446e425409a453b5eaa125ce7ab027
ingestion/v2/rag_storage/Do It Today/progress.json,.json,321,2026-02-13T11:02:57.403641,False,a4b0ff6896b05c2acd6da0b93836989e09e83abbbf246a065b8dd95880f5d5be
ingestion/v2/rag_storage/E001005/00_canonical_text.txt,.txt,283323,2026-02-13T11:03:04.586214,False,5e0990c3f2fa968dc2d2b63068cb6950e7e88810e93e6a94819fe38f65c7861e
ingestion/v2/rag_storage/E001005/00_raw.txt,.txt,283323,2026-02-13T11:03:04.585150,False,5e0990c3f2fa968dc2d2b63068cb6950e7e88810e93e6a94819fe38f65c7861e
ingestion/v2/rag_storage/E001005/00_raw_repaired.txt,.txt,283323,2026-02-12T23:45:00.084120,False,5e0990c3f2fa968dc2d2b63068cb6950e7e88810e93e6a94819fe38f65c7861e
ingestion/v2/rag_storage/E001005/01_chapters.json,.json,620435,2026-02-12T23:56:08.213610,False,2cf86cd1d3d15d51cdcf2bf02b98e76bb877cfde48fbaa23cd0930b14e266ef5
ingestion/v2/rag_storage/E001005/02_doctrine.json,.json,69989,2026-02-13T11:03:04.669672,False,ce234e2e83adbc179e19a25056f1215d536dadf2e7777f5582638dbacf187213
ingestion/v2/rag_storage/E001005/02_doctrine_chunks.json,.json,71005,2026-02-13T00:24:52.563240,False,ef3c3c28e55c7c836a7636004fd4ce739d8241f37e980951ff6f45ab461e8861
ingestion/v2/rag_storage/E001005/02_doctrine_errors.log,.log,79,2026-02-13T00:09:29.949852,False,c7e85d72065cf38248cc321ee75ccf3d604fef91aa061e739aad89e228d28d87
ingestion/v2/rag_storage/E001005/03_5_minister_errors.log,.log,2303,2026-02-13T11:04:10.851910,False,e250777a203801d028654861740c1ff6f116c49673184914dec40db197d2c744
ingestion/v2/rag_storage/E001005/03_embeddings.json,.json,361,2026-02-13T11:04:06.968601,False,c44350a3738383529221032c9558ece870deadcfe3a7233f0a02f1278308d2c6
ingestion/v2/rag_storage/E001005/03_nodes_chunks.json,.json,78437,2026-02-13T11:03:04.676189,False,e30be82773c25654c8267bb69a111e0480057cc5c2e39a0e29c5720fd702fd0f
ingestion/v2/rag_storage/E001005/glyph_repair_1008849153048146951.txt,.txt,4104,2026-02-12T23:19:08.763629,False,44a89fa17cf872535057ae8d3359c6d62f434d52990905b27fbd119f7a43fe03
ingestion/v2/rag_storage/E001005/glyph_repair_1509748754290368880.txt,.txt,2305,2026-02-12T23:45:00.082147,False,cbf8b2454a270053d728b1d44a3a5302b019337f407cd09dd5d0c2f6ab99979a
ingestion/v2/rag_storage/E001005/glyph_repair_154811365407096921.txt,.txt,4763,2026-02-12T23:44:44.939262,False,3b0b5f2ce192ced0af3fbe7280201904c133777816b3a965388e4eee15a1be61
ingestion/v2/rag_storage/E001005/glyph_repair_1643082717114307573.txt,.txt,4939,2026-02-12T23:23:51.380077,False,7f9b895ed2d32d1887d250f84493ef781b1db4f733f39bb0f2058dfb7a297a85
ingestion/v2/rag_storage/E001005/glyph_repair_1778188139897022140.txt,.txt,5307,2026-02-12T23:21:02.334506,False,b158c911de81ffa1f2ea10830537af1523b5f24d77c8b85cd27dfd38640a21ac
ingestion/v2/rag_storage/E001005/glyph_repair_1821092648462774630.txt,.txt,1814,2026-02-12T23:35:44.748838,False,67f4c2cfa609132573315dbb800227fc941db7a88c0d1efa5160fada9f9ebdff
ingestion/v2/rag_storage/E001005/glyph_repair_2166189317773370723.txt,.txt,4413,2026-02-12T23:31:25.802890,False,70cf2d3dbe9c7edb2c7a819944fb8da9777b06532636ca4090638ad1fc0ef2a7
ingestion/v2/rag_storage/E001005/glyph_repair_2304642838068129741.txt,.txt,4351,2026-02-12T23:19:34.751315,False,9ac2850a00eb3ef804d8b509840f1bf748182385b69e826f42194bab9d5aca50
ingestion/v2/rag_storage/E001005/glyph_repair_2738632707434534373.txt,.txt,5696,2026-02-12T23:40:15.630060,False,06e4ccdba71a1b3b91d024edfd4f3ae6ed3218a5467e8e4a2987fb2a090a5a68
ingestion/v2/rag_storage/E001005/glyph_repair_2768780921769811072.txt,.txt,6463,2026-02-12T23:30:14.792489,False,2b062eb0c2e680b34359a0b2bbd356a1fa4a67d73b2e1be633c2aacbce760aeb
ingestion/v2/rag_storage/E001005/glyph_repair_2782559151426324940.txt,.txt,5212,2026-02-12T23:36:13.101907,False,4251bc61705a589b837966cf19ddefab81a47aaa63d3bf7304d5634747988514
ingestion/v2/rag_storage/E001005/glyph_repair_2960860970225246731.txt,.txt,4945,2026-02-12T23:39:42.933252,False,ca847e97e61b1a59978a4a95b19b2757a2a0a61baa608c83190a7aa61ac7b58c
ingestion/v2/rag_storage/E001005/glyph_repair_3054260559342584095.txt,.txt,6403,2026-02-12T23:41:32.475811,False,09ea44722ca57f48267f3690a97795914ca3e070903ca22b1607aedf55e8b5c3
ingestion/v2/rag_storage/E001005/glyph_repair_3065409724886801835.txt,.txt,5511,2026-02-12T23:38:33.571980,False,0a36e1b182983ca517d3e593c40f5a1f8551f96462ad191966686a62826e5065
ingestion/v2/rag_storage/E001005/glyph_repair_3235359054337629666.txt,.txt,539,2026-02-12T23:24:15.158402,False,c3362d5aa181f3c449f1d588e3c50c6d15f18f34895c1f2c72fe72d8bdadb126
ingestion/v2/rag_storage/E001005/glyph_repair_3348563569203315997.txt,.txt,6340,2026-02-12T23:22:23.579363,False,a9564e562f4a07b0c369a938cf4553512d0029e3c2c787f568d62c06886e647e
ingestion/v2/rag_storage/E001005/glyph_repair_3389451135097052385.txt,.txt,4118,2026-02-12T23:29:37.728167,False,0e1f28de5e8505d818a5ef7c45142f2536a9af501551eb263d2e7222394b0c2a
ingestion/v2/rag_storage/E001005/glyph_repair_3457965213434098780.txt,.txt,6610,2026-02-12T23:20:34.922809,False,dc066f166b05d79c067ef89047063de02930208f5d44b2580638f3ab24adb5d1
ingestion/v2/rag_storage/E001005/glyph_repair_3496855971661274488.txt,.txt,4685,2026-02-12T23:22:48.223953,False,125339968b6fad5adba3c38064938e6771eb687ea9bbe9f9592d74ba3c0a4c0f
ingestion/v2/rag_storage/E001005/glyph_repair_3510515386632836195.txt,.txt,5374,2026-02-12T23:43:10.782526,False,b54fd5e1ecf1bf8f2bf2119f4d65f61ab26c9b5dc5af799f1fc7fe95bb7e0922
ingestion/v2/rag_storage/E001005/glyph_repair_3618002795789637080.txt,.txt,2963,2026-02-12T23:29:09.634290,False,bf53b06b58e81a22b4bc3d7eb5e1709e922ed921ef9c61c678fea87537840f17
ingestion/v2/rag_storage/E001005/glyph_repair_3695566956962502901.txt,.txt,6541,2026-02-12T23:27:32.849771,False,ce83105b82fcd84442ba199ffced07ec126ec303c660471f4d8c96334c8e24e2
ingestion/v2/rag_storage/E001005/glyph_repair_3696860691020032552.txt,.txt,6138,2026-02-12T23:23:22.284321,False,11f7b9746ec8f40b461bcfeb5a2a41d3d0e4c0290b6fc3a9c553fc0c72c7a623
ingestion/v2/rag_storage/E001005/glyph_repair_3899972783111599913.txt,.txt,5730,2026-02-12T23:34:09.219869,False,0cc264a968f8cbc455e18c5ae3ff2ac8408cfb6aaeb072e99dbe4240636c61ed
ingestion/v2/rag_storage/E001005/glyph_repair_412636327371952940.txt,.txt,6107,2026-02-12T23:36:49.935410,False,597da25c72ae5eaa8e6644c43f5144bd62c7223281ba368ce72b3eb62fecf347
ingestion/v2/rag_storage/E001005/glyph_repair_4241462105229459863.txt,.txt,6554,2026-02-12T23:39:12.804417,False,19d3bdbf55d511c647553100a792776ed6d11ab07af54d0a4be6c96e3f3831cc
ingestion/v2/rag_storage/E001005/glyph_repair_4677776034455772375.txt,.txt,3939,2026-02-12T23:19:58.357769,False,49c54b6337d1d7a84b5c98a25398c46858c6bee880a10f2a82d029a5a02d5599
ingestion/v2/rag_storage/E001005/glyph_repair_4761544298197530540.txt,.txt,4283,2026-02-12T23:18:22.439401,False,ccbf7dfd96b0967b70671bd86798c69c16215a4ced76c2b5f88110ec463c8e4c
ingestion/v2/rag_storage/E001005/glyph_repair_4785151546627245554.txt,.txt,5182,2026-02-12T23:26:57.312782,False,79fd4d03c1b00fba32b0c9b70d1b124d673014f598c60e2121bb5cbd583c577d
ingestion/v2/rag_storage/E001005/glyph_repair_4831720500989734887.txt,.txt,2222,2026-02-12T23:43:28.787865,False,1a01b4ff4daad9f9658198d1677070c04ead9c926b5ab61e91b03b70403f71a3
ingestion/v2/rag_storage/E001005/glyph_repair_4913877324147613937.txt,.txt,6462,2026-02-12T23:42:07.355587,False,f3a1531bbca3728552dea7443b4fad20e0916ec32e1e502eb449a4fb4b9a336e
ingestion/v2/rag_storage/E001005/glyph_repair_5072382111121573977.txt,.txt,2145,2026-02-12T23:17:10.806619,False,bed9f73f172a738ccc651344045a52a79f0bea466eed07f085ff6a109a59cb2e
ingestion/v2/rag_storage/E001005/glyph_repair_507426595071630442.txt,.txt,2375,2026-02-12T23:31:39.968636,False,35bfc2dbfc9a9b263e4c1d8820c49bdb10afd4216513c5113187bcdbbde3e61e
ingestion/v2/rag_storage/E001005/glyph_repair_5222339335978468907.txt,.txt,4300,2026-02-12T23:35:32.120427,False,3887e73821f7643ffe6ac4398ef3cc42a60fc2311e639900b2c235e07b253056
ingestion/v2/rag_storage/E001005/glyph_repair_5524629555540770080.txt,.txt,4706,2026-02-12T23:32:06.863246,False,65c791589b2c2a8898352f5b19868c5332986fb3ad4512bf500b4710feb0d1f6
ingestion/v2/rag_storage/E001005/glyph_repair_5605692995650914745.txt,.txt,5644,2026-02-12T23:33:00.188701,False,b563fcf3a5b96da0d6e9bdbfc591b22589bcbb5a832592e2dd5fd84df96dd1c0
ingestion/v2/rag_storage/E001005/glyph_repair_5783306784301289184.txt,.txt,3952,2026-02-12T23:40:54.539750,False,50d44da743ef20775f396ccd7b6f3e9df7a8072cda16116e05f09e0bfab7ff2b
ingestion/v2/rag_storage/E001005/glyph_repair_594174347136745345.txt,.txt,3042,2026-02-12T23:44:10.987862,False,5a11c4f247385fc613d9d84b6f69984d753139a68d60eb5f4a247571f9449595
ingestion/v2/rag_storage/E001005/glyph_repair_6022471390383242694.txt,.txt,1125,2026-02-12T23:15:41.501528,False,d05afae7758e272dd64096a6ab2b9992e718ca0636346fa0ed1455c556797f5c
ingestion/v2/rag_storage/E001005/glyph_repair_6227008299463826515.txt,.txt,5534,2026-02-12T23:42:39.517155,False,fa94113b7d1f3606ec7c4e4d1e2d84cef71564713c8b7ea33ece393798aea8bf
ingestion/v2/rag_storage/E001005/glyph_repair_6515729847895406157.txt,.txt,2165,2026-02-12T23:37:31.928594,False,960bbbfb074096dc3203a9addd096c71af1d91c702183a3e9afd849fb268acf8
ingestion/v2/rag_storage/E001005/glyph_repair_6586294606989177322.txt,.txt,6082,2026-02-12T23:28:36.917716,False,c24138a8692a899fd0095600b6ee25d2a18b81288e08ea4b64ecd0203fbc5d21
ingestion/v2/rag_storage/E001005/glyph_repair_6612619221102440469.txt,.txt,4336,2026-02-12T23:37:16.896096,False,b6486114b1b45781573dfd4f8effc897b1c0259d7cf66b23ed41a41dbbec967f
ingestion/v2/rag_storage/E001005/glyph_repair_6696211284188730976.txt,.txt,1585,2026-02-12T23:26:14.754951,False,749b5790de62dc7bc3f97fbf4d831244fa2cccc325d2c1c7edc9a78c525b9a58
ingestion/v2/rag_storage/E001005/glyph_repair_6895545853971041964.txt,.txt,5761,2026-02-12T23:16:11.121379,False,c93479b3aaaa660546d5d6b923f1026375577fcd54aad84ff7a43359abd9c739
ingestion/v2/rag_storage/E001005/glyph_repair_6931144768924286597.txt,.txt,4721,2026-02-12T23:35:06.805252,False,ded05f71491057e8ae8ba892dea81ac5115585ee065515ff90fade69a5fbfd4d
ingestion/v2/rag_storage/E001005/glyph_repair_6965143995628897005.txt,.txt,4661,2026-02-12T23:38:00.461334,False,fbda5939e7df96f193e4d2b568823fcb5640f34db5738a9b63540e04f9b09e27
ingestion/v2/rag_storage/E001005/glyph_repair_7271453627735807003.txt,.txt,4274,2026-02-12T23:16:48.283914,False,683f97f654460338d514b92c4845f62a5468ca226f722802a1ba1cbc187f39ee
ingestion/v2/rag_storage/E001005/glyph_repair_7300087090566853213.txt,.txt,5231,2026-02-12T23:25:30.147371,False,14ddb00714e7b9897b794cca413e6780ea0d56bf5e1d74da405eafa66679a7d8
ingestion/v2/rag_storage/E001005/glyph_repair_730808912136471273.txt,.txt,6080,2026-02-12T23:26:04.762568,False,2c200324c75678d0e5985469f24efaa393b42abc6e9cd222d78ba50fcdc3095e
ingestion/v2/rag_storage/E001005/glyph_repair_7310195857292022268.txt,.txt,4529,2026-02-12T23:21:27.700802,False,8a67d2dfc45368f2b67df253b5e58bafee2151f819a157d98120e68654548199
ingestion/v2/rag_storage/E001005/glyph_repair_7325174081725188666.txt,.txt,2426,2026-02-12T23:17:59.718936,False,f83422a40800659ce43c42cd54e7ba18c1e3d27a58fedbf74b128e083f89bbb3
ingestion/v2/rag_storage/E001005/glyph_repair_7486263653689418014.txt,.txt,3903,2026-02-12T23:18:44.515375,False,5ad6a8f3d397b3019248deca894411053c6962b95fc9301622f05fa7eea8b447
ingestion/v2/rag_storage/E001005/glyph_repair_7509755148850668185.txt,.txt,6183,2026-02-12T23:33:34.534983,False,c4ccd7aae66e80cdf1d7c4452f50ce2f94d7bbf4da059fc165aa1bbe73b68eb8
ingestion/v2/rag_storage/E001005/glyph_repair_7546406246280185889.txt,.txt,3829,2026-02-12T23:32:28.718679,False,a85363e0b968bc1e7cb20c72a74cc68bc93a681cccee2acd88fc122a90d1b07f
ingestion/v2/rag_storage/E001005/glyph_repair_7574702385579049548.txt,.txt,526,2026-02-12T23:44:18.331525,False,053c96c05f0bb7390e0ffa7d3a572b672ec09b6cd4a3745dcf477704aeb4252f
ingestion/v2/rag_storage/E001005/glyph_repair_7672117049830434301.txt,.txt,4489,2026-02-12T23:27:59.430118,False,8499424249a7c6fe8ef514245da21ee5e4fd928066194e8c01118b07dbbcc430
ingestion/v2/rag_storage/E001005/glyph_repair_7802640582940834680.txt,.txt,4364,2026-02-12T23:24:41.759426,False,d856683939e9d8f6ec71317c2b1292f0fd41d09a51e31bfff1203d856c90b7ce
ingestion/v2/rag_storage/E001005/glyph_repair_7899421073626508750.txt,.txt,1516,2026-02-12T23:30:46.052569,False,2843145b4b7d8f67bb163f4e441658fe6f26d33a13282872effce15e794109bb
ingestion/v2/rag_storage/E001005/glyph_repair_811025749171882296.txt,.txt,3694,2026-02-12T23:30:36.016889,False,0e39161a79c2f5ededeb774ddbd582b84118f24ebabf54342879c941c073394d
ingestion/v2/rag_storage/E001005/glyph_repair_8359541223116026972.txt,.txt,3200,2026-02-12T23:24:10.837695,False,20d5c10e07843aa2b66382959e83fe55b28da97b8ca31ecfdf0f678be2a7fc34
ingestion/v2/rag_storage/E001005/glyph_repair_8580934761436432094.txt,.txt,3791,2026-02-12T23:21:49.611964,False,9ce0452b01d88491b1fcfddd4e1ddc26cf33adf7007548212a26163fea50909f
ingestion/v2/rag_storage/E001005/glyph_repair_8624586490916160156.txt,.txt,4634,2026-02-12T23:34:38.823536,False,312a4c6e27816247442f5ac4c3add48c726f902d0a57f250f3523bc5d6e84b92
ingestion/v2/rag_storage/E001005/glyph_repair_8666454988502479784.txt,.txt,1716,2026-02-12T23:26:26.778811,False,f34571ad3071f4f591881b6d97529b7bd8a02203c019d4e7298614735ff2aabb
ingestion/v2/rag_storage/E001005/glyph_repair_9192373848731810839.txt,.txt,6471,2026-02-12T23:17:45.517893,False,82c828a0183b1f4dff07738ba7fad6931fd8dcdee6eead9adf301d434c071ce1
ingestion/v2/rag_storage/E001005/ministers/base/claim.json,.json,222850,2026-02-13T11:04:06.841027,False,e4585b1adf208f9f33d061a5e3b1e0b5ef1bee6a188ad9a5fa686aa064a8ea44
ingestion/v2/rag_storage/E001005/ministers/base/principle.json,.json,254480,2026-02-13T11:04:06.850022,False,eda4e0686ecf8396b58e076c17e6f8865f572148234feb67f904bda6566a1f88
ingestion/v2/rag_storage/E001005/ministers/base/rule.json,.json,318354,2026-02-13T11:04:06.860021,False,079bca4147404667568ba8cd37eb1631a9a5254ca79cbd6d619f2d6b9ed47173
ingestion/v2/rag_storage/E001005/progress.json,.json,321,2026-02-13T11:04:10.856464,False,f685d436ea1f141d54c8174c221695be1df3aabd8088d8857323f25a7efb602e
ingestion/v2/rag_storage/ernest_becker_the_denial_of_deathbookfi-org/00_canonical_text.txt,.txt,757953,2026-02-13T17:57:11.832750,False,f97cd7041fd501edd79359723159267a674387ddb75d98d672050a86a82b22ec
ingestion/v2/rag_storage/ernest_becker_the_denial_of_deathbookfi-org/00_raw.txt,.txt,757953,2026-02-13T17:57:11.830232,False,f97cd7041fd501edd79359723159267a674387ddb75d98d672050a86a82b22ec
ingestion/v2/rag_storage/ernest_becker_the_denial_of_deathbookfi-org/01_chapters.json,.json,775968,2026-02-13T18:48:16.267190,False,d6cd0d7c0b7b0aae50f5f73af0404e5a9adf51a6f108e85a8034674fe66088e4
ingestion/v2/rag_storage/ernest_becker_the_denial_of_deathbookfi-org/02_doctrine.json,.json,56524,2026-02-13T19:38:32.730348,False,387139566f91452044b4ffc11e2d28c0d1c059e0b9a04a66df319a27816c3039
ingestion/v2/rag_storage/ernest_becker_the_denial_of_deathbookfi-org/02_doctrine_chunks.json,.json,36136,2026-02-13T19:38:32.702903,False,02d85d2865cd0bd38098671a9b19b4431ebbe1b1eb6dbbdf844a248c175fa6ce
ingestion/v2/rag_storage/ernest_becker_the_denial_of_deathbookfi-org/02_doctrine_errors.log,.log,23188,2026-02-13T19:38:32.696988,False,c9832e9e13aff205e908dc584890f80c80d50ea743077d56abc6f5293a4a7ebb
ingestion/v2/rag_storage/ernest_becker_the_denial_of_deathbookfi-org/03_5_minister_errors.log,.log,2311,2026-02-13T19:38:42.626637,False,9d787abb4a84ec8e5be94616064670674b2722b85890c1f14b2c50a09dd73fe9
ingestion/v2/rag_storage/ernest_becker_the_denial_of_deathbookfi-org/03_embeddings.json,.json,331,2026-02-13T19:38:40.183301,False,85ed984add5d68c008bab4d1af25807ed33bc88de1c90d493c06076bc0d82f1d
ingestion/v2/rag_storage/ernest_becker_the_denial_of_deathbookfi-org/03_nodes_chunks.json,.json,13356,2026-02-13T19:38:32.734369,False,1e9509c10f94d8ff1fefff8b6eff40ac50876bdc41f809c79226f7c5e2a33951
ingestion/v2/rag_storage/ernest_becker_the_denial_of_deathbookfi-org/progress.json,.json,321,2026-02-13T19:38:42.628237,False,a1ce6243b9eb68a91513de8892d585ac9913672e40aef43ac1dc4a8c4f7ca835
ingestion/v2/rag_storage/extreme_ownership__how_us_navy_seals_lead_and_win/glyph_repair_2898146614114781885.txt,.txt,5243,2026-02-15T00:31:55.585986,False,e5b1d3d549419020b36b5e4b540a8b5f9f6126719e71277576413293475edc8f
ingestion/v2/rag_storage/extreme_ownership__how_us_navy_seals_lead_and_win/glyph_repair_4733129900231139990.txt,.txt,1926,2026-02-15T00:32:05.196112,False,637e7447f639c451093b79c6ed64e400bd731b5ee0ff003b07ae9f9d00fd8859
ingestion/v2/rag_storage/extreme_ownership__how_us_navy_seals_lead_and_win/glyph_repair_5903988453719137471.txt,.txt,3588,2026-02-15T00:32:21.966440,False,e9cc21d22d668e462105d930d40f0eea05fd7ad88973d5b10b53fef1ec7462c0
ingestion/v2/rag_storage/extreme_ownership__how_us_navy_seals_lead_and_win/glyph_repair_889926229012906559.txt,.txt,1742,2026-02-15T00:32:35.512087,False,833ef247c2cd44172313a6ea4828da8235cbf8d96fcf92e478aff1e5f0961856
ingestion/v2/rag_storage/extreme_ownership__how_us_navy_seals_lead_and_win/progress.json,.json,325,2026-02-15T00:31:15.726207,False,257aa2281fc70d9a27d1d9555d021b34b5328c8bea427abff63c0ca69120a2c4
ingestion/v2/rag_storage/f94cc-a-guide-to-the-good-life-the-ancient-art-of-stoic-joy-william-braxton-irvine/glyph_repair_2716354529812915701.txt,.txt,1577,2026-02-15T00:34:16.935628,False,b360e51a4a39c1f40b09da79c36b5341ed947daea642e7a1a9d31a017dda2a86
ingestion/v2/rag_storage/f94cc-a-guide-to-the-good-life-the-ancient-art-of-stoic-joy-william-braxton-irvine/glyph_repair_333906601097893724.txt,.txt,4542,2026-02-15T00:33:07.944180,False,e7fa1c61163b254e1489af7bf3935fb2df9e84392fe0d2e5ebab7dd932d6c29c
ingestion/v2/rag_storage/f94cc-a-guide-to-the-good-life-the-ancient-art-of-stoic-joy-william-braxton-irvine/glyph_repair_6464862799289382339.txt,.txt,604,2026-02-15T00:33:23.071598,False,a324d1d1c2b47864abf45f606fdfe61b2f9c758a9b64ff27452316add2477b8f
ingestion/v2/rag_storage/f94cc-a-guide-to-the-good-life-the-ancient-art-of-stoic-joy-william-braxton-irvine/glyph_repair_6952445444919142034.txt,.txt,1993,2026-02-15T00:33:18.571029,False,d75c4dd9289002fb8a05a18b0813cedb174e6129afd2dd7cf21cd4e6ec813a2b
ingestion/v2/rag_storage/f94cc-a-guide-to-the-good-life-the-ancient-art-of-stoic-joy-william-braxton-irvine/glyph_repair_7236022041559461268.txt,.txt,772,2026-02-15T00:34:22.710098,False,4d1de7e89782b341f3b8c550baaa2705cafc78edc015eba9c6fb9ba2a509d02f
ingestion/v2/rag_storage/f94cc-a-guide-to-the-good-life-the-ancient-art-of-stoic-joy-william-braxton-irvine/progress.json,.json,327,2026-02-15T00:32:35.513081,False,50ecb375cace8a73e32df0b534fe46f979228deedefa51e5be9bb6585c094ece
ingestion/v2/rag_storage/Felix-Dennis-How-to-Get-Rich/00_canonical_text.txt,.txt,580864,2026-02-13T00:25:03.716600,False,13ba94b4b9a6e9f59ce30034a759e9cc9097b72f1a11beacd27be583ec11112f
ingestion/v2/rag_storage/Felix-Dennis-How-to-Get-Rich/00_raw.txt,.txt,580864,2026-02-13T00:25:03.713032,False,13ba94b4b9a6e9f59ce30034a759e9cc9097b72f1a11beacd27be583ec11112f
ingestion/v2/rag_storage/Felix-Dennis-How-to-Get-Rich/01_chapters.json,.json,594856,2026-02-13T00:32:28.268635,False,79e70bdb3181ba4a989a2866f3a38fa8bf5d149cd5c27b4668604a6efd151484
ingestion/v2/rag_storage/Felix-Dennis-How-to-Get-Rich/02_doctrine.json,.json,84180,2026-02-13T01:13:36.338607,False,74edd2ec244d3d1ec333e0357b431c3a7c49b8aebb781886053337e029c7a328
ingestion/v2/rag_storage/Felix-Dennis-How-to-Get-Rich/02_doctrine_chunks.json,.json,81928,2026-02-13T01:13:36.308378,False,80e416c3ecba1d8946acb0de2d2aa6ba21d559d8e2b70a8cee9de387d462b821
ingestion/v2/rag_storage/Felix-Dennis-How-to-Get-Rich/02_doctrine_errors.log,.log,77,2026-02-13T01:13:36.296523,False,63b264fcbc2bcd67e9697facc12ccddb93f6c9603058915f4385c23214aab1fe
ingestion/v2/rag_storage/Felix-Dennis-How-to-Get-Rich/03_5_minister_conversion.json,.json,564,2026-02-13T01:15:13.030807,False,737c0681c7a0daf99e620fa8f1cecee794b7f97a5c59a694a589572c18828df9
ingestion/v2/rag_storage/Felix-Dennis-How-to-Get-Rich/03_embeddings.json,.json,362,2026-02-13T01:14:07.013222,False,5f4ec054c41cf6d02395cfe5e2e2a194c5d1685150e0c9fc9d6d2efb134c4888
ingestion/v2/rag_storage/Felix-Dennis-How-to-Get-Rich/03_nodes_chunks.json,.json,105759,2026-02-13T01:13:36.353676,False,9b5078932bdd13559d993091ed2e98b767ac18ef0cd612735331549894b70182
ingestion/v2/rag_storage/Felix-Dennis-How-to-Get-Rich/ministers/base/claim.json,.json,445935,2026-02-13T01:14:06.829910,False,d72cd90485796bc0ff6bac7643f7af8692e85a1e990e3c0d8bdce4380876d636
ingestion/v2/rag_storage/Felix-Dennis-How-to-Get-Rich/ministers/base/principle.json,.json,557344,2026-02-13T01:14:06.859087,False,74b62e0588f41ac4c59ee8eeffd11147343bd39d8a7972e7df9b5d372f3f75e0
ingestion/v2/rag_storage/Felix-Dennis-How-to-Get-Rich/ministers/base/rule.json,.json,589303,2026-02-13T01:14:06.897660,False,cd9d906d13486165cf6a3edb66ed72c829fd399eb79e096d358a13300fb96bdd
ingestion/v2/rag_storage/Felix-Dennis-How-to-Get-Rich/progress.json,.json,319,2026-02-13T01:15:13.051302,False,aa2e79eebf9730900bbceab2cc8b54adc412d08200a37158f93a2007ac0fd512
ingestion/v2/rag_storage/Finish_What_You_Start_The_Art_of_Following_Through_Taking_Action/00_canonical_text.txt,.txt,184625,2026-02-13T01:15:14.976052,False,c23a79f5b513096cf19fe8aceb0d980f9a25118d5a1fbfbb222dd7ecd8324965
ingestion/v2/rag_storage/Finish_What_You_Start_The_Art_of_Following_Through_Taking_Action/00_raw.txt,.txt,184625,2026-02-13T01:15:14.975089,False,c23a79f5b513096cf19fe8aceb0d980f9a25118d5a1fbfbb222dd7ecd8324965
ingestion/v2/rag_storage/Finish_What_You_Start_The_Art_of_Following_Through_Taking_Action/01_chapters.json,.json,189465,2026-02-13T01:17:40.356962,False,cc93a75e1f989b7233333ec95390474eb6bc618af8c8aef538a6e86d1f00ea6b
ingestion/v2/rag_storage/Finish_What_You_Start_The_Art_of_Following_Through_Taking_Action/02_doctrine.json,.json,31732,2026-02-13T01:32:36.794949,False,28679b9d411620ce8e65300e93e5b96ceefe975e6658d1c8593aee40b355bf8c
ingestion/v2/rag_storage/Finish_What_You_Start_The_Art_of_Following_Through_Taking_Action/02_doctrine_chunks.json,.json,31069,2026-02-13T01:32:36.775439,False,8733af193b7d684cbf5770b9c6779ce39016f357bce5e7fcfd7ed080b0a803fe
ingestion/v2/rag_storage/Finish_What_You_Start_The_Art_of_Following_Through_Taking_Action/03_5_minister_conversion.json,.json,385,2026-02-13T01:33:07.750554,False,7c7ced80be7490006644752f9d0887bfe505612982219077ca1c92c30b5da0a8
ingestion/v2/rag_storage/Finish_What_You_Start_The_Art_of_Following_Through_Taking_Action/03_embeddings.json,.json,333,2026-02-13T01:32:42.219764,False,c68ecac4d151f5ab3568c0c97ddcd5df4191d4f5f00bb192f75816fd588a992e
ingestion/v2/rag_storage/Finish_What_You_Start_The_Art_of_Following_Through_Taking_Action/03_nodes_chunks.json,.json,47864,2026-02-13T01:32:36.801949,False,a0490d9f35a88c0f6ef5e42b893c84614e34d4390130db367a02f557b059225d
ingestion/v2/rag_storage/Finish_What_You_Start_The_Art_of_Following_Through_Taking_Action/progress.json,.json,321,2026-02-13T01:33:07.770235,False,516be1fafbf0c3c3c1881dad2f4b91ef800aa8a522e769f2f84159b8ae79d494
ingestion/v2/rag_storage/Finite-and-Infinite-Games-by-James-Carse/00_canonical_text.txt,.txt,226719,2026-02-13T01:33:11.371282,False,135aa7140e04fdb73f5fad80a5084fff2592491801cf7db3d2f8547053e1ef13
ingestion/v2/rag_storage/Finite-and-Infinite-Games-by-James-Carse/00_raw.txt,.txt,226719,2026-02-13T01:33:11.369275,False,135aa7140e04fdb73f5fad80a5084fff2592491801cf7db3d2f8547053e1ef13
ingestion/v2/rag_storage/Finite-and-Infinite-Games-by-James-Carse/01_chapters.json,.json,232226,2026-02-13T01:36:46.143889,False,10ba3bbdc00e4847778da6b8796ec5b59e5384960715ad166d582042d6d643df
ingestion/v2/rag_storage/Finite-and-Infinite-Games-by-James-Carse/02_doctrine.json,.json,34564,2026-02-13T01:50:41.728413,False,57d403e791c01f79026abb20faed9575038123376f074dd5acd4920be1106d61
ingestion/v2/rag_storage/Finite-and-Infinite-Games-by-James-Carse/02_doctrine_chunks.json,.json,33709,2026-02-13T01:50:41.707533,False,9577a25fe054407e3e7cd40869aac259f9a446acd53969adaf45469085822159
ingestion/v2/rag_storage/Finite-and-Infinite-Games-by-James-Carse/03_5_minister_conversion.json,.json,531,2026-02-13T01:51:09.143233,False,21b7abbaa7d9eafba8e836b6ced46d002ecd70d49b68401d305543f8036d1dda
ingestion/v2/rag_storage/Finite-and-Infinite-Games-by-James-Carse/03_embeddings.json,.json,333,2026-02-13T01:50:47.112894,False,303df7731068d13c93dde7f4e43f31e58030477abd3dc0ee876890bb7b8839a8
ingestion/v2/rag_storage/Finite-and-Infinite-Games-by-James-Carse/03_nodes_chunks.json,.json,43830,2026-02-13T01:50:41.736410,False,c6971665c14f0ae45d5c2d405f2205b8eae495e0ed93f2058ba5d95e49caf8e0
ingestion/v2/rag_storage/Finite-and-Infinite-Games-by-James-Carse/progress.json,.json,321,2026-02-13T01:51:09.161364,False,d4fb64a713e37183a7ff7621dfdc2b57d2812c15ee59bf7357fa150271a0be47
ingestion/v2/rag_storage/How to Not Die Alone/00_canonical_text.txt,.txt,517023,2026-02-13T02:22:01.550567,False,c899d027407b86f3bb1855b14919168ccfe4d95f10f867c27111f8b4455e2dfd
ingestion/v2/rag_storage/How to Not Die Alone/00_raw.txt,.txt,517023,2026-02-13T02:22:01.549915,False,c899d027407b86f3bb1855b14919168ccfe4d95f10f867c27111f8b4455e2dfd
ingestion/v2/rag_storage/How to Not Die Alone/01_chapters.json,.json,542079,2026-02-13T02:29:29.409025,False,83f5fa30376cabf7e1968b93de49ecff27a7e7257816bdc1c28b83ccea13e0b3
ingestion/v2/rag_storage/How to Not Die Alone/02_doctrine.json,.json,126961,2026-02-13T03:26:05.004167,False,64473d5b34837b3cadd2161b945510c763bd5a57231350fca741ffb6229cd316
ingestion/v2/rag_storage/How to Not Die Alone/02_doctrine_chunks.json,.json,123755,2026-02-13T03:26:04.983921,False,5375bf0be4d7f627c4734f51771c236abce5db1d48e5c11e79c6c517c540dff9
ingestion/v2/rag_storage/How to Not Die Alone/02_doctrine_errors.log,.log,79,2026-02-13T02:50:18.818159,False,19635b9bab6a4088baf03952db2208c9f2af3170a0e600a2232185c3058d64dd
ingestion/v2/rag_storage/How to Not Die Alone/03_5_minister_conversion.json,.json,608,2026-02-13T03:27:55.502918,False,d273adcb3c3782576755d07e85e335303a7f2fa481391739e56194cedbfbd4fd
ingestion/v2/rag_storage/How to Not Die Alone/03_embeddings.json,.json,362,2026-02-13T03:26:46.034323,False,460e888ce90c300e29ccd938383e8d10e5e92decf31a75bc4c4b845041f8a6ff
ingestion/v2/rag_storage/How to Not Die Alone/03_nodes_chunks.json,.json,149139,2026-02-13T03:26:05.011424,False,852312bed52e377545f3aa6d2dc1feefe3f65fc2e3b45220a8f5e99291d26590
ingestion/v2/rag_storage/How to Not Die Alone/ministers/base/claim.json,.json,509436,2026-02-13T03:26:46.028322,False,ead727bda6a96c2a006115df022db296bdad024e6edd1b2372883c8b97066499
ingestion/v2/rag_storage/How to Not Die Alone/ministers/base/principle.json,.json,477776,2026-02-13T03:26:45.991582,False,5b0b274029a778ca9493f86330ec31f7bd626b0e4d91affb368ee1a9a49c2a9f
ingestion/v2/rag_storage/How to Not Die Alone/ministers/base/rule.json,.json,605299,2026-02-13T03:26:46.011087,False,e33054a3fadc492d5ab82a69ce23fde8888f6075bd1fa105a339a23a30591a97
ingestion/v2/rag_storage/How to Not Die Alone/progress.json,.json,320,2026-02-13T03:27:55.509918,False,a178713ac0bae31a8969f3f3e809b298bdddd36febbda01eb6260258f12cb497
"ingestion/v2/rag_storage/How To Win Friends And Influence People - Carnegie, Dale/00_canonical_text.txt",.txt,449265,2026-02-13T01:51:13.536640,False,8f9c9687d5e3fa7eec73ab7a9389361b033bca8ae16a62b86ec2ce55ad8f5a97
"ingestion/v2/rag_storage/How To Win Friends And Influence People - Carnegie, Dale/00_raw.txt",.txt,449265,2026-02-13T01:51:13.534661,False,8f9c9687d5e3fa7eec73ab7a9389361b033bca8ae16a62b86ec2ce55ad8f5a97
"ingestion/v2/rag_storage/How To Win Friends And Influence People - Carnegie, Dale/01_chapters.json",.json,458304,2026-02-13T01:57:18.268890,False,c497969091c7a078ad18325ec166f522b59936e26d21b679f9d3c07a809f3f50
"ingestion/v2/rag_storage/How To Win Friends And Influence People - Carnegie, Dale/02_doctrine.json",.json,50659,2026-02-13T02:21:11.666618,False,2c85eae6eeea2598daef02d7e73892dfa6db4372393d3adb41a9006d97ffcc2b
"ingestion/v2/rag_storage/How To Win Friends And Influence People - Carnegie, Dale/02_doctrine_chunks.json",.json,48864,2026-02-13T02:21:11.645135,False,9f49961200647eb1e84c07722ea4b50b23f5af637e1d1020073b390e2416f573
"ingestion/v2/rag_storage/How To Win Friends And Influence People - Carnegie, Dale/02_doctrine_errors.log",.log,156,2026-02-13T02:18:29.812315,False,deda1100be1d482831c9ff0b1d0894ee85ccf45ebe87baa69a0b7ac245cf9e70
"ingestion/v2/rag_storage/How To Win Friends And Influence People - Carnegie, Dale/03_5_minister_conversion.json",.json,479,2026-02-13T02:21:53.219227,False,1423565545f0d6895e6474cede7e88eed96a3d0baafcae46f6820e9bcb69a515
"ingestion/v2/rag_storage/How To Win Friends And Influence People - Carnegie, Dale/03_embeddings.json",.json,348,2026-02-13T02:21:27.827400,False,126f7449f92ddc0fb9bc636f26c22b1e5dfb49df9d8b044e65e059a9e05c8129
"ingestion/v2/rag_storage/How To Win Friends And Influence People - Carnegie, Dale/03_nodes_chunks.json",.json,66806,2026-02-13T02:21:11.672611,False,5f73173996b14e6335bfcd219a6b665b8568da3e18fd66dffa456bb1e4846610
"ingestion/v2/rag_storage/How To Win Friends And Influence People - Carnegie, Dale/progress.json",.json,320,2026-02-13T02:21:53.237902,False,64f303f6000b502c72a77e217637b3c94940e55296145160499c7e817e2d9e9a
ingestion/v2/rag_storage/Jacques Ellul - The Technological Society/00_canonical_text.txt,.txt,1233253,2026-02-13T03:28:03.873157,False,26b323f78cb4da5b8c7815bac611b719919d1cd87a4bf3c778a634d3ae690a90
ingestion/v2/rag_storage/Jacques Ellul - The Technological Society/00_raw.txt,.txt,1233253,2026-02-13T03:28:03.869159,False,26b323f78cb4da5b8c7815bac611b719919d1cd87a4bf3c778a634d3ae690a90
ingestion/v2/rag_storage/Jacques Ellul - The Technological Society/01_chapters.json,.json,1249118,2026-02-13T03:41:57.083346,False,0585fb565cecc1f2453d2ce1e1282dbbcc7c7628b149542e17e4483fe3b85b68
ingestion/v2/rag_storage/Jacques Ellul - The Technological Society/02_doctrine.json,.json,101134,2026-02-13T04:20:06.073414,False,f7ba677e85ed78d17ef2baf830e4d801e0114b9ac0eb022bdcec92ddedf8607e
ingestion/v2/rag_storage/Jacques Ellul - The Technological Society/02_doctrine_chunks.json,.json,98659,2026-02-13T04:20:06.038750,False,b86340e6c9719ff380718bb4dee01a7e4ed7fa063d8d4e6531d2359ed51cfc01
ingestion/v2/rag_storage/Jacques Ellul - The Technological Society/02_doctrine_errors.log,.log,86,2026-02-13T04:19:45.197540,False,82d6d2923cfabe01792b9bd0233a522c7b4a34ef6eb39600f37a02b72e569d13
ingestion/v2/rag_storage/Jacques Ellul - The Technological Society/03_5_minister_conversion.json,.json,410,2026-02-13T04:21:32.553684,False,8c2992a562d0d684c9854e195eb4bccfcda8430f7fb799f62150661e5ab4fe99
ingestion/v2/rag_storage/Jacques Ellul - The Technological Society/03_embeddings.json,.json,348,2026-02-13T04:20:38.354545,False,680d3885c93d770f1ed818ba080b6a0022773502e1db8eaaba7cc4082583a293
ingestion/v2/rag_storage/Jacques Ellul - The Technological Society/03_nodes_chunks.json,.json,126327,2026-02-13T04:20:06.082716,False,c639269058413413020a2cf5b10000720ba600ade1bbb20d0b01134419d36454
ingestion/v2/rag_storage/Jacques Ellul - The Technological Society/progress.json,.json,321,2026-02-13T04:21:32.569757,False,824e868eb2f293fc11a8a842375de9d2e21d7565fa2554d0fbcdad7c1e1d265d
ingestion/v2/rag_storage/Letters from a Stoic 1/00_canonical_text.txt,.txt,488379,2026-02-13T04:21:38.844364,False,80d04091fe4240dbb79a210b6495c8a703af828f981292905bac6b4b63c904c4
ingestion/v2/rag_storage/Letters from a Stoic 1/00_raw.txt,.txt,488379,2026-02-13T04:21:38.843406,False,80d04091fe4240dbb79a210b6495c8a703af828f981292905bac6b4b63c904c4
ingestion/v2/rag_storage/Letters from a Stoic 1/01_chapters.json,.json,501358,2026-02-13T04:28:11.505288,False,a6315c186b1fea8ec3cde2f64cc1faf5832f1fe6071ea11e86efda61a71d859f
ingestion/v2/rag_storage/Letters from a Stoic 1/02_doctrine.json,.json,77225,2026-02-13T05:01:07.592614,False,b0db8f4d0f5459646663306aa05a962bafbf2556640b609e4efa35d3b290cf88
ingestion/v2/rag_storage/Letters from a Stoic 1/02_doctrine_chunks.json,.json,74959,2026-02-13T05:01:07.574928,False,5023f387a47b09e728d8c2628c7532af5224a5cfcc01fe6895fc93d85494e079
ingestion/v2/rag_storage/Letters from a Stoic 1/02_doctrine_errors.log,.log,246,2026-02-13T04:58:22.963988,False,8c4de29ec5b44be750ce5fe333ff75199b24abc6901f7f2ead42c97c2f3dd1de
ingestion/v2/rag_storage/Letters from a Stoic 1/03_5_minister_conversion.json,.json,453,2026-02-13T05:02:29.658742,False,6e88c1154ff845ad6c26adc38e3957334626e8e9d2be0308489b4b51ff8942bf
ingestion/v2/rag_storage/Letters from a Stoic 1/03_embeddings.json,.json,362,2026-02-13T05:01:42.235974,False,f4cef4f241d9f629dc6757f265581e23dad1d04a603e07f8b11f8f251b8e3eec
ingestion/v2/rag_storage/Letters from a Stoic 1/03_nodes_chunks.json,.json,93744,2026-02-13T05:01:07.600621,False,37656bb23c8cfea4cf963f6f59b1e157509dea43db2cfa4977636683104cd0fb
ingestion/v2/rag_storage/Letters from a Stoic 1/ministers/base/claim.json,.json,477459,2026-02-13T05:01:42.230973,False,355075af183abd60423dc3f8766a8a4742bf4a978c70540ed63ce1a1ac2b61c9
ingestion/v2/rag_storage/Letters from a Stoic 1/ministers/base/principle.json,.json,556689,2026-02-13T05:01:42.194973,False,30f705d0f3f999552e201c62ad29ce273072095e07c2c2eac0eb0b10bae2a5e4
ingestion/v2/rag_storage/Letters from a Stoic 1/ministers/base/rule.json,.json,557028,2026-02-13T05:01:42.213973,False,99e91a02bf1008d78266d92ac3f94ca38258ab209a539469a8ab3c90b91aaf9f
ingestion/v2/rag_storage/Letters from a Stoic 1/progress.json,.json,321,2026-02-13T05:02:29.677680,False,3aec2d8fc2fe64e09847699162fde70e03f8db02ce7cb4145c8558e9f7cb4876
"ingestion/v2/rag_storage/Machiavelli,+The+Prince/00_canonical_text.txt",.txt,534833,2026-02-13T05:02:33.430952,False,812a761778821a002c4925f7ae4c3c2cda442f1a9e44058630679360331684eb
"ingestion/v2/rag_storage/Machiavelli,+The+Prince/00_raw.txt",.txt,534833,2026-02-13T05:02:33.429027,False,812a761778821a002c4925f7ae4c3c2cda442f1a9e44058630679360331684eb
"ingestion/v2/rag_storage/Machiavelli,+The+Prince/01_chapters.json",.json,538590,2026-02-13T05:07:55.063929,False,ffe675d2212faa834fe3260e23ea3157fc6c3fde7ed06a8579ef277d16caefbf
"ingestion/v2/rag_storage/Machiavelli,+The+Prince/02_doctrine.json",.json,19954,2026-02-13T05:14:36.382171,False,3f52ceef2b9b73f828594c0b662748f479db9948fa41ed084197fe8c03cef3cb
"ingestion/v2/rag_storage/Machiavelli,+The+Prince/02_doctrine_chunks.json",.json,19438,2026-02-13T05:14:36.365439,False,b26de9e662455448a92dd25b114bc1a8d0ec8e2dc7718f3bbb91bbb4e51f6bda
"ingestion/v2/rag_storage/Machiavelli,+The+Prince/03_5_minister_conversion.json",.json,301,2026-02-13T05:14:57.859896,False,345f789f8dcfd3e8ce1fc26c9b4536af18c6c5a809eb763421e04b522ad4c172
"ingestion/v2/rag_storage/Machiavelli,+The+Prince/03_embeddings.json",.json,333,2026-02-13T05:14:41.726120,False,b830f40acd81872ab0819961b79f575dabca73f0cb85b479c98ae0e89f2bc7f6
"ingestion/v2/rag_storage/Machiavelli,+The+Prince/03_nodes_chunks.json",.json,24700,2026-02-13T05:14:36.385672,False,2523810d95ea0996b01439dd1939e6ae5dcdc94ca49b9d30799f6ddc4f32ae11
"ingestion/v2/rag_storage/Machiavelli,+The+Prince/progress.json",.json,321,2026-02-13T05:14:57.867899,False,1dfa11ca1eb75666fffdac1ee86cd2fb500414e0c933bd541aa38da4b30f2d63
ingestion/v2/rag_storage/Man and his Symbols ( PDFDrive )/00_canonical_text.txt,.txt,863528,2026-02-13T05:15:02.700195,False,d0759d4b53fdf4c8937c41437ac8648d2c4f0d81c0981f95681c348ee1b56a59
ingestion/v2/rag_storage/Man and his Symbols ( PDFDrive )/00_raw.txt,.txt,863528,2026-02-13T05:15:02.697224,False,d0759d4b53fdf4c8937c41437ac8648d2c4f0d81c0981f95681c348ee1b56a59
ingestion/v2/rag_storage/Man and his Symbols ( PDFDrive )/01_chapters.json,.json,873945,2026-02-13T05:24:05.413006,False,e2528ef40cd53aeb691fa0badabdb0cf405905f893c18f1de3fc7323c6a981db
ingestion/v2/rag_storage/Man and his Symbols ( PDFDrive )/02_doctrine.json,.json,52343,2026-02-13T05:45:17.621326,False,e129452031068186d61774aad8e09edc94476194077bb2517c65f12c40c13ad9
ingestion/v2/rag_storage/Man and his Symbols ( PDFDrive )/02_doctrine_chunks.json,.json,51029,2026-02-13T05:45:17.599949,False,51f5caca902cd95907f30dbaf87c205adafa1c46921705ffae8226226490e84d
ingestion/v2/rag_storage/Man and his Symbols ( PDFDrive )/03_5_minister_conversion.json,.json,483,2026-02-13T05:46:08.949814,False,d9c71f08468a173d6567b7537aca8cca278080155a52c77b5ed27d7885db66e0
ingestion/v2/rag_storage/Man and his Symbols ( PDFDrive )/03_embeddings.json,.json,363,2026-02-13T05:45:38.673846,False,694a91eb491e8bc0821adb8dad73c0807223987977c1eef5e4927288604cc46d
ingestion/v2/rag_storage/Man and his Symbols ( PDFDrive )/03_nodes_chunks.json,.json,64413,2026-02-13T05:45:17.626368,False,00ceed185150b9968f9533f0a5c96b265100aa027f748b03647225f010eac716
ingestion/v2/rag_storage/Man and his Symbols ( PDFDrive )/ministers/base/claim.json,.json,494225,2026-02-13T05:45:38.465804,False,bd575bb0ef36a2deecc4b0bd855db63898769612c6e1720821bf455509672749
ingestion/v2/rag_storage/Man and his Symbols ( PDFDrive )/ministers/base/principle.json,.json,541474,2026-02-13T05:45:38.483827,False,1444bf7cdef63e842ec43482bb83f884ef5fb0b39555a6e8a0f993d36ee7ac86
ingestion/v2/rag_storage/Man and his Symbols ( PDFDrive )/ministers/base/rule.json,.json,557794,2026-02-13T05:45:38.504123,False,aa35722eb05dd82d11ed78b6997747278e6ec0c8265af2f804a8351475359f77
ingestion/v2/rag_storage/Man and his Symbols ( PDFDrive )/progress.json,.json,321,2026-02-13T05:46:08.966258,False,d9bd7fd7747014bb1d3f01b0acdc17236277fa07163c16d9d755f87358fec423
ingestion/v2/rag_storage/mans-search-for-meaning/00_canonical_text.txt,.txt,269642,2026-02-13T19:43:11.782746,False,9b86176d5e16308c88b4caf3c21655c781cba639e4bc48669e9ce8f7dae0dd34
ingestion/v2/rag_storage/mans-search-for-meaning/00_raw.txt,.txt,269642,2026-02-13T19:43:11.781754,False,9b86176d5e16308c88b4caf3c21655c781cba639e4bc48669e9ce8f7dae0dd34
ingestion/v2/rag_storage/mans-search-for-meaning/01_chapters.json,.json,272192,2026-02-13T19:40:55.472397,False,ee5aff14361c0615d04c7855a44b01261a722bc1cda7e432014b2baec884c6d2
ingestion/v2/rag_storage/mans-search-for-meaning/02_doctrine.json,.json,5419,2026-02-13T19:48:22.393689,False,18c1afee912bd44d34428e35c610d0834d30c16253951c70cd22edff2cd922d5
ingestion/v2/rag_storage/mans-search-for-meaning/02_doctrine_chunks.json,.json,2124,2026-02-13T19:48:22.378205,False,b5525dbdb5513403ed3eca35adb794bf855a6e808bbf5d535ca6c9b05b60e6aa
ingestion/v2/rag_storage/mans-search-for-meaning/02_doctrine_errors.log,.log,2027,2026-02-13T19:48:22.372198,False,b6c15276869af83ac3bbc669d88f379b10f40ce43d2b09ceb40321b692b0cef5
ingestion/v2/rag_storage/mans-search-for-meaning/03_5_minister_errors.log,.log,1043,2026-02-13T19:48:22.415748,False,36034aae6187636e208a77f1ea6bbf23396879c656ebad89e38e3813b560b6f9
ingestion/v2/rag_storage/mans-search-for-meaning/03_embeddings.json,.json,319,2026-02-13T19:48:22.400029,False,8f941382ce939b3f2f6dd6d88e2c081a539564f70d2642b2e23b0d788d54d9ab
ingestion/v2/rag_storage/mans-search-for-meaning/03_nodes_chunks.json,.json,2,2026-02-13T19:48:22.397025,False,4f53cda18c2baa0c0354bb5f9a3ecbe5ed12ab4d8e11ba873c2f11161202b945
ingestion/v2/rag_storage/mans-search-for-meaning/progress.json,.json,320,2026-02-13T19:48:22.417090,False,2a16ed1e94b67485b3f15f5cfcccfba5359087747aa21dc265015c0cc79be935
ingestion/v2/rag_storage/Marcus-Aurelius-Meditations/00_canonical_text.txt,.txt,436071,2026-02-13T05:46:15.117887,False,2986b57a96609e484de6dd2acf9ff7c90e994a3321668f5344067c7ed548450b
ingestion/v2/rag_storage/Marcus-Aurelius-Meditations/00_raw.txt,.txt,436071,2026-02-13T05:46:15.115887,False,2986b57a96609e484de6dd2acf9ff7c90e994a3321668f5344067c7ed548450b
ingestion/v2/rag_storage/Marcus-Aurelius-Meditations/01_chapters.json,.json,441192,2026-02-13T05:50:18.904994,False,4ed8d879bf08bb41e2f4d9f95c22a66dc596a52a2204184c95c09da1556f1eb6
ingestion/v2/rag_storage/Marcus-Aurelius-Meditations/02_doctrine.json,.json,28999,2026-02-13T06:01:13.870955,False,cced8a27c16f5d7f861ed21e7db9f758702e5281c1464a9c2da09eb3341b3b10
ingestion/v2/rag_storage/Marcus-Aurelius-Meditations/02_doctrine_chunks.json,.json,28280,2026-02-13T06:01:13.855314,False,7d251b51e62c7a21891363b771e3c062968852eb717d1eaccb91327c1fa48fd2
ingestion/v2/rag_storage/Marcus-Aurelius-Meditations/03_5_minister_conversion.json,.json,390,2026-02-13T06:01:40.094640,False,f65f16f01d637ba149ac0157a2170899c744d2a60766413353301448183a66dc
ingestion/v2/rag_storage/Marcus-Aurelius-Meditations/03_embeddings.json,.json,333,2026-02-13T06:01:19.237372,False,3752cba3f820e6b1efe3d75f0f0bac05c27e3eb347b810dc429b1433c223f0ac
ingestion/v2/rag_storage/Marcus-Aurelius-Meditations/03_nodes_chunks.json,.json,37889,2026-02-13T06:01:13.875492,False,2500e7616de5a4203e9c8efa30366bd04f459f4f9112ff43114c402cc4c481f3
ingestion/v2/rag_storage/Marcus-Aurelius-Meditations/progress.json,.json,321,2026-02-13T06:01:40.114637,False,ad28c420ef3f68653c41ee026ec1241e8d3745fa64394f31c9aba82e591b206c
ingestion/v2/rag_storage/Mastery by Robert Greene/00_canonical_text.txt,.txt,436981,2026-02-13T11:04:24.888284,False,dcce5b093af0b7c4ecda9168206d95e4155f02f253e1be11f5a6af9005bc36a2
ingestion/v2/rag_storage/Mastery by Robert Greene/00_raw.txt,.txt,436981,2026-02-13T11:04:24.887286,False,dcce5b093af0b7c4ecda9168206d95e4155f02f253e1be11f5a6af9005bc36a2
ingestion/v2/rag_storage/Mastery by Robert Greene/00_raw_repaired.txt,.txt,436981,2026-02-13T06:41:57.239562,False,dcce5b093af0b7c4ecda9168206d95e4155f02f253e1be11f5a6af9005bc36a2
ingestion/v2/rag_storage/Mastery by Robert Greene/01_chapters.json,.json,1090322,2026-02-13T06:55:06.935138,False,906fb866b0651600b93e35855ce47b46d3307b99a9b6863f944b2cb05395c089
ingestion/v2/rag_storage/Mastery by Robert Greene/02_doctrine.json,.json,58755,2026-02-13T11:04:24.943037,False,5539e8775e456cc0954df5fbd51aa0f3086e337f9fc92fbdaa95117e408e89be
ingestion/v2/rag_storage/Mastery by Robert Greene/02_doctrine_chunks.json,.json,59780,2026-02-13T07:15:50.690161,False,694ce712a742596a394c3c2e446e377c003549c6f2fdce4b915ca49e3488af41
ingestion/v2/rag_storage/Mastery by Robert Greene/02_doctrine_errors.log,.log,80,2026-02-13T07:08:32.926115,False,6131ecb704d2b792f053ab9bd4d3132976d5ce0ad0e15bff619715eddb0ce019
ingestion/v2/rag_storage/Mastery by Robert Greene/03_5_minister_errors.log,.log,2504,2026-02-13T11:05:30.450839,False,74c028c14e7484ddc10692c0acd20206a50525fe72214a36c39c7a5c990df262
ingestion/v2/rag_storage/Mastery by Robert Greene/03_embeddings.json,.json,363,2026-02-13T11:05:28.876362,False,f84353edcb17460cf9e991ad47d7bee39a955f70f16e27f485e7d73a257504a6
ingestion/v2/rag_storage/Mastery by Robert Greene/03_nodes_chunks.json,.json,72530,2026-02-13T11:04:24.947029,False,715408bbd64fbe8e67579c50bb1b589f5aebe6c2e24689836e97353ed914f90c
ingestion/v2/rag_storage/Mastery by Robert Greene/glyph_repair_1017525848549392771.txt,.txt,3400,2026-02-13T06:26:35.463168,False,2ce368b0d5e8f8a71acffcd44d6b0d4ee9ce1211a4e934d7fa5fa41aad836cc6
ingestion/v2/rag_storage/Mastery by Robert Greene/glyph_repair_1192839722357607745.txt,.txt,3240,2026-02-13T06:12:20.509789,False,cd0e25ab0e673b23a02c22d86d3e014ce90b0d276306b8bd953808eff2161e9d
ingestion/v2/rag_storage/Mastery by Robert Greene/glyph_repair_1216504710364506505.txt,.txt,2030,2026-02-13T06:41:45.540255,False,3a9452216b9470b5c096e569c7f4a5ff6cfe8a34d029763b3acaaf2bcba27ece
ingestion/v2/rag_storage/Mastery by Robert Greene/glyph_repair_1266209080797424602.txt,.txt,4179,2026-02-13T06:11:35.949021,False,46cda593d2b8f6bd637bea65540b06d3aa770f7f4c76a17a4d7bb1780eefe09d
ingestion/v2/rag_storage/Mastery by Robert Greene/glyph_repair_1394373325478965421.txt,.txt,1571,2026-02-13T06:29:49.434456,False,7488e2107e6b7024a9126267a928d001a0924bc4dbb3ac8b159d2eff50feac6a
ingestion/v2/rag_storage/Mastery by Robert Greene/glyph_repair_1428324889086120016.txt,.txt,4159,2026-02-13T06:07:46.819007,False,b762311ce9ad4a708d6e2f8c4a8c2ccb3d2693f2f5811c79885865a79b15929a
ingestion/v2/rag_storage/Mastery by Robert Greene/glyph_repair_1448997882135121210.txt,.txt,1322,2026-02-13T06:03:07.196399,False,95de2141861ac9c27aecdc18d37b72b78303fc33715cd71f4ef2be0dae087e1a
ingestion/v2/rag_storage/Mastery by Robert Greene/glyph_repair_1474460381646858140.txt,.txt,6050,2026-02-13T06:23:26.298552,False,3b0c86ea2b95af48ab742bc48bcfa6e8d5ae01292992d1d8e33964892d085013
ingestion/v2/rag_storage/Mastery by Robert Greene/glyph_repair_1562998538107925380.txt,.txt,3611,2026-02-13T06:25:59.644535,False,9dba1bebe696fa361dd67050a3fa346ddc66d19bcc3671f492ac524943183a74
ingestion/v2/rag_storage/Mastery by Robert Greene/glyph_repair_1580502056766304271.txt,.txt,4706,2026-02-13T06:02:30.906157,False,635e4e42ef8df503f801fdd3663c4781584e3fcc55defd79fe573f30f33eba90
ingestion/v2/rag_storage/Mastery by Robert Greene/glyph_repair_1630341444701952327.txt,.txt,5698,2026-02-13T06:23:54.246198,False,95805aff3ba6afa069a06a0adc9010ff557b20c377b7bcae62ca82bd1d166b11
ingestion/v2/rag_storage/Mastery by Robert Greene/glyph_repair_1748272262284132227.txt,.txt,481,2026-02-13T06:03:24.331164,False,fe920e23bdcb602d75853dc4edf2ef4d2d85714b0a45a3cbf820015d791baf5a
ingestion/v2/rag_storage/Mastery by Robert Greene/glyph_repair_1800939016283247180.txt,.txt,1646,2026-02-13T06:22:36.674289,False,d02d5a950e247d23607be42c1499f65a7ee3ea4d8ee8327c3b1405ba8b15161d
ingestion/v2/rag_storage/Mastery by Robert Greene/glyph_repair_1965018380545878880.txt,.txt,4802,2026-02-13T06:39:42.294664,False,0ceda84dbf7099cdce737ad70ac4303521526f8dee7dd3bbf06f6e2d58c85e85
ingestion/v2/rag_storage/Mastery by Robert Greene/glyph_repair_1990700588804663969.txt,.txt,5785,2026-02-13T06:27:59.563617,False,6d2f78e3869854d87792c98539bfb7488a2f14e90cb6c4b4167442cadab14f52
ingestion/v2/rag_storage/Mastery by Robert Greene/glyph_repair_199817580272029136.txt,.txt,5919,2026-02-13T06:34:02.290118,False,b52e506e8bbd687f91f00b74fa9380cbe75f0e0c42f0fd862a90a504097626cc
ingestion/v2/rag_storage/Mastery by Robert Greene/glyph_repair_2012798557241803708.txt,.txt,5247,2026-02-13T06:12:02.894124,False,74e7858c5498204f720258a93d27f973fd3cc92043f2f63d9e3172be33fd4ddc
ingestion/v2/rag_storage/Mastery by Robert Greene/glyph_repair_2042315714459779132.txt,.txt,3057,2026-02-13T06:21:38.148287,False,c16748415459c9217f5bb01a71488bcc4ef36534f4440f928747d8539cb82348
ingestion/v2/rag_storage/Mastery by Robert Greene/glyph_repair_2088332053886658558.txt,.txt,4050,2026-02-13T06:41:18.094528,False,f780ec7ec0fe8a8b7af5f189dcf5b4f799591c44e32a57b26942ea157a058b3c
ingestion/v2/rag_storage/Mastery by Robert Greene/glyph_repair_212229637389518533.txt,.txt,2631,2026-02-13T06:05:33.299284,False,53e013f74812d190cc20e7d35b81372d10948ee7c823c0f02c878a6f9a3c5251
ingestion/v2/rag_storage/Mastery by Robert Greene/glyph_repair_2180764232717984740.txt,.txt,5252,2026-02-13T06:04:49.106642,False,d884c2d8e3f9c2277d2505989411181edc1150435608628bd87d198e7d5c0b2d
ingestion/v2/rag_storage/Mastery by Robert Greene/glyph_repair_2207268345432450873.txt,.txt,1943,2026-02-13T06:29:22.842497,False,17218bae2022246502e585eba2e1c75387c72c4973f391aa5b4bd04915eac79a
ingestion/v2/rag_storage/Mastery by Robert Greene/glyph_repair_2315738674112038607.txt,.txt,3563,2026-02-13T06:30:44.298465,False,2964906829b0a9d94e5f98cca10186767f4e6b0fbc542c6c75b17bbef2050500
ingestion/v2/rag_storage/Mastery by Robert Greene/glyph_repair_2335486470066686893.txt,.txt,5095,2026-02-13T06:33:32.851304,False,7f36c5de8e74c54efab094176f740481e2b6b662998b27cc52ddbc1662cfa004
ingestion/v2/rag_storage/Mastery by Robert Greene/glyph_repair_2358915026498724890.txt,.txt,3761,2026-02-13T06:15:38.237278,False,9b0fe4bcfa82478f8889d42e81d75a3f70d46e48137412548cc11af4730f0f54
ingestion/v2/rag_storage/Mastery by Robert Greene/glyph_repair_2367518707087367251.txt,.txt,3596,2026-02-13T06:18:08.663871,False,1e84cf0e1856b28ae27b53457b2bc14d5fd74db38ff468974080db3e36e90eed
ingestion/v2/rag_storage/Mastery by Robert Greene/glyph_repair_2389124839388854558.txt,.txt,2131,2026-02-13T06:17:21.428680,False,e57b15159f0c628ea9f34a910a0eeb2593cde91ecb6b7e3fca7550338822d91f
ingestion/v2/rag_storage/Mastery by Robert Greene/glyph_repair_2481012996800211450.txt,.txt,5841,2026-02-13T06:17:09.697396,False,474ea3ef39c8b70fd425849660b733c441a8520c359e8c60e7d9159bfb2054b6
ingestion/v2/rag_storage/Mastery by Robert Greene/glyph_repair_2635977383939891211.txt,.txt,3174,2026-02-13T06:29:39.338574,False,dd8eb56810efabc97a6a11e084a1a105b27755b66ae8fb43d07f9fd8b84205e1
ingestion/v2/rag_storage/Mastery by Robert Greene/glyph_repair_2651093159483615122.txt,.txt,1948,2026-02-13T06:12:31.101042,False,ddbd437f07ab11b61b5025b5291404851142748da7a7c0d88b7c35397f622fbb
ingestion/v2/rag_storage/Mastery by Robert Greene/glyph_repair_2718261941905218331.txt,.txt,4936,2026-02-13T06:27:00.835583,False,8993c7be02dbda81ca67652adb4f8bb486c3365579a97c7a65b5f4dbd159f0cf
ingestion/v2/rag_storage/Mastery by Robert Greene/glyph_repair_2783152153574044914.txt,.txt,5106,2026-02-13T06:33:07.568887,False,8d137349b91c557546720e648b976783d80a7fc6c9bd98708d4d905752643e44
ingestion/v2/rag_storage/Mastery by Robert Greene/glyph_repair_3042883734672425925.txt,.txt,3299,2026-02-13T06:29:11.958267,False,d35afb3b105155799ff05599103ebc97a05f1de1a373acf6ef74b2e794147ba0
ingestion/v2/rag_storage/Mastery by Robert Greene/glyph_repair_3151056861116697771.txt,.txt,4146,2026-02-13T06:22:00.930564,False,584ed05d6c82712ab61d418255ebca1f9d1dba89f54753efcf230ef2a3f6c71b
ingestion/v2/rag_storage/Mastery by Robert Greene/glyph_repair_3193960732529470767.txt,.txt,4817,2026-02-13T06:12:55.137764,False,a5852b627f82d83d56b347a5e6ca29c07d37e5bc0f1b5fc772f9b63046a89136
ingestion/v2/rag_storage/Mastery by Robert Greene/glyph_repair_3234574327791446196.txt,.txt,5802,2026-02-13T06:05:18.586448,False,e26ac76de021e7018a2819970c32d53054af776317f8e666eae15f6a081c95fb
ingestion/v2/rag_storage/Mastery by Robert Greene/glyph_repair_3260338269471377606.txt,.txt,1706,2026-02-13T06:07:24.856016,False,0b580c96719f50197bac3034419f3fb706ca1e0f4d9b86efe6c1bb3468b798db
ingestion/v2/rag_storage/Mastery by Robert Greene/glyph_repair_3327630869990701389.txt,.txt,5564,2026-02-13T06:08:13.998601,False,e607db583cfe5b8bb87bf6b8be1508ecc7553058e8a5f1dd086820bc84f99bbf
ingestion/v2/rag_storage/Mastery by Robert Greene/glyph_repair_33319113127071399.txt,.txt,3441,2026-02-13T06:21:21.865207,False,83b7c2e798858654c380d76edbdf2285f1ac7ee29cd0535533d886ae1677672a
ingestion/v2/rag_storage/Mastery by Robert Greene/glyph_repair_3343427982376533948.txt,.txt,4661,2026-02-13T06:34:26.476973,False,9bd7680f9b756d4b27282dabab65c9ef9197ef7c57907add27ea1b2aac21047b
ingestion/v2/rag_storage/Mastery by Robert Greene/glyph_repair_3344146707717166815.txt,.txt,3412,2026-02-13T06:10:07.777941,False,2bb41556565281432a6606f620b27465a2a81a2aa4839c999bd30e2d81f9181b
ingestion/v2/rag_storage/Mastery by Robert Greene/glyph_repair_336818068572797639.txt,.txt,2949,2026-02-13T06:16:39.682595,False,eee4ab5223ec5d20b291b145c289217a97c5a7adb479a07685c2ebd4a95858f8
ingestion/v2/rag_storage/Mastery by Robert Greene/glyph_repair_3701739550052629309.txt,.txt,843,2026-02-13T06:06:55.263597,False,539e8e0b1a56f776c352e5daa53de2b691b2c41da1b05e5a945e03cd5ddd9145
ingestion/v2/rag_storage/Mastery by Robert Greene/glyph_repair_3730932932062404436.txt,.txt,811,2026-02-13T06:35:30.153224,False,1dec383d7dc31a57c29a7661aa926a79d23c1ca5444dc5614120955ada2c9805
ingestion/v2/rag_storage/Mastery by Robert Greene/glyph_repair_375729204854006483.txt,.txt,3399,2026-02-13T06:31:04.105362,False,1cab31cb33f5b368cd76a059834e34ef36a3bafdc79e8ad18133f204a426fd74
ingestion/v2/rag_storage/Mastery by Robert Greene/glyph_repair_3778400996749234423.txt,.txt,4764,2026-02-13T06:37:37.027253,False,81a8fa65b60afa44086e5b3a17878b0339a9ca1c12a5b24af3cac8b1dd993154
ingestion/v2/rag_storage/Mastery by Robert Greene/glyph_repair_3809813039545033852.txt,.txt,5492,2026-02-13T06:14:39.514205,False,ccd4cf7784fd506da65a67896853a830d66cabab6be3adadb7ba1b843f22fefb
ingestion/v2/rag_storage/Mastery by Robert Greene/glyph_repair_3812162055895137505.txt,.txt,4092,2026-02-13T06:19:54.821995,False,97fe13eb78b83072b36fd39f3d133c9671ca867e33dafe6b4d051b9d38c73e24
ingestion/v2/rag_storage/Mastery by Robert Greene/glyph_repair_3842636475269164721.txt,.txt,3916,2026-02-13T06:28:19.157631,False,c61013860dd1812587010b23de686be3d72a163605c83eae90c38905026184bc
ingestion/v2/rag_storage/Mastery by Robert Greene/glyph_repair_3893428437196294049.txt,.txt,2707,2026-02-13T06:28:34.864435,False,1b8be7fe25ba340b3b7bd411f2a83d66c8d3c57ba23dfc25eb52386adb01cd7a
ingestion/v2/rag_storage/Mastery by Robert Greene/glyph_repair_3936266023903142494.txt,.txt,5111,2026-02-13T06:35:57.201720,False,c2abc7810bf68a94eacfe7b1c42948e281d69ca8d69c6a7eac91aaf01ef3030b
ingestion/v2/rag_storage/Mastery by Robert Greene/glyph_repair_3957261861860191499.txt,.txt,3810,2026-02-13T06:38:18.709132,False,03eaf404990ed56617b5c501759da9a9571915199efa3ea311c0f209b8c2c76a
ingestion/v2/rag_storage/Mastery by Robert Greene/glyph_repair_4113106634907879853.txt,.txt,5399,2026-02-13T06:36:24.862554,False,328807a59c3b7632668e51a3367e4494007ac3a2022747a2d1a2d0031c5785eb
ingestion/v2/rag_storage/Mastery by Robert Greene/glyph_repair_4140972585084939170.txt,.txt,3237,2026-02-13T06:20:33.852523,False,16b0d8e1477713eaede98c43cc78bf34934a0ce1cea59374d3ab7d96ec6ba0b3
ingestion/v2/rag_storage/Mastery by Robert Greene/glyph_repair_4300620448315497501.txt,.txt,6516,2026-02-13T06:09:26.888292,False,85a4fd749a25014ca38662f8cbfeecba6c6f0fc502aa34f365a88da428b2ce10
ingestion/v2/rag_storage/Mastery by Robert Greene/glyph_repair_4399438018390332861.txt,.txt,3311,2026-02-13T06:30:07.099540,False,8adbdd9814e3641cf29469e0d25035117141dfe30bb38f1a571e7dff3a43222b
ingestion/v2/rag_storage/Mastery by Robert Greene/glyph_repair_4413381081504805829.txt,.txt,485,2026-02-13T06:05:37.490757,False,b82f23c7777598484da71671d5a4e73989a711df8d68c4d26de6727543ce4eec
ingestion/v2/rag_storage/Mastery by Robert Greene/glyph_repair_4492216815171930125.txt,.txt,5497,2026-02-13T06:18:56.879361,False,bc41ea17e95f8f3d95b7018088ca474e8d5e15581d2b882700e425379face447
ingestion/v2/rag_storage/Mastery by Robert Greene/glyph_repair_4631909824200267183.txt,.txt,5771,2026-02-13T06:17:50.663790,False,8e990628725eafe29525d9adb4850f673f12a40dc8ee59ca478cfca556283221
ingestion/v2/rag_storage/Mastery by Robert Greene/glyph_repair_4656107777371434221.txt,.txt,5494,2026-02-13T06:10:37.368917,False,8baddb9f562510971b209167e3fb8630744fcd4b8b2004b671ba8ba407f2ebab
ingestion/v2/rag_storage/Mastery by Robert Greene/glyph_repair_4692159492583349511.txt,.txt,2953,2026-02-13T06:19:33.744968,False,ed9f5fbd5431675ae969c3b11c685b5877dfede66711596be933aeb6c85009f4
ingestion/v2/rag_storage/Mastery by Robert Greene/glyph_repair_4693531874660666773.txt,.txt,428,2026-02-13T06:03:10.828875,False,fc09b816b8e54004215bab1ddae6a8cfac274afc8865ec5837cda47165ffba61
ingestion/v2/rag_storage/Mastery by Robert Greene/glyph_repair_4716738545550533990.txt,.txt,2081,2026-02-13T06:19:17.561678,False,193f8edb531ace4dd5d9bf97f6aaefb556e14da0ce998ca961ea4ac18e921713
ingestion/v2/rag_storage/Mastery by Robert Greene/glyph_repair_497512029144874726.txt,.txt,537,2026-02-13T06:32:41.203387,False,e369ecf918afe734bdd39760f2d9eefd231f05f4ef9b89a3228c46c085ffc46c
ingestion/v2/rag_storage/Mastery by Robert Greene/glyph_repair_5041610060268228484.txt,.txt,385,2026-02-13T06:41:52.832996,False,e446c5ef18c4f14ea7b7c6875fa1e89a34caa5afe3cd7183202e9cdb6d6dd586
ingestion/v2/rag_storage/Mastery by Robert Greene/glyph_repair_5202601456689542380.txt,.txt,6327,2026-02-13T06:14:11.569067,False,362a568cb501ba014363af741d2ea8ed3a285169a8e1258dc22170f2293d6501
ingestion/v2/rag_storage/Mastery by Robert Greene/glyph_repair_5359704128487637602.txt,.txt,5367,2026-02-13T06:06:37.054686,False,57eaff3cef3aa74de27317438b790d38d8631dc61fadf98bf4d728b9f8f61728
ingestion/v2/rag_storage/Mastery by Robert Greene/glyph_repair_5394999996967810740.txt,.txt,4545,2026-02-13T06:32:09.894404,False,603b29a17e49db82681303003761f6f33ed6a2ca45b313384347517368bdb5cf
ingestion/v2/rag_storage/Mastery by Robert Greene/glyph_repair_5424773614686302559.txt,.txt,4874,2026-02-13T06:25:21.345165,False,526317d0fcd17a336575ed9b6b9ca04026075e9dc5524aebe75213b41fa2e9b7
ingestion/v2/rag_storage/Mastery by Robert Greene/glyph_repair_5431486934452791902.txt,.txt,3633,2026-02-13T06:22:55.739742,False,817a850f6f6e337ee0bc17dac03f20bd551c455de890d9541bfee76d63f3a769
ingestion/v2/rag_storage/Mastery by Robert Greene/glyph_repair_5458358489966451031.txt,.txt,2705,2026-02-13T06:08:28.170171,False,f45edcafc90728b9294e481ae316d976056095e2936e49f00972a18ebb312935
ingestion/v2/rag_storage/Mastery by Robert Greene/glyph_repair_5518598105175415895.txt,.txt,2994,2026-02-13T06:15:54.793574,False,3517d811c1297cd4ee9bf882016f5220598e59f46f9a1d52535dc6bd87e75c9a
ingestion/v2/rag_storage/Mastery by Robert Greene/glyph_repair_5902789927252812843.txt,.txt,2003,2026-02-13T06:39:14.078055,False,37be3a5299970f4361336bd2729f002265ec24b37eed72c54aff944a59875d4a
ingestion/v2/rag_storage/Mastery by Robert Greene/glyph_repair_5932195381023496180.txt,.txt,7143,2026-02-13T06:38:55.115181,False,94a94819d537128cbf98e86f11347b01082c33ebed7707780193f2908c0d5a36
ingestion/v2/rag_storage/Mastery by Robert Greene/glyph_repair_6012945113057892397.txt,.txt,4633,2026-02-13T06:24:56.666443,False,28ac9242c44ee17dd88a965e97eb917ee2dc617ba36c26ba56bcb0f9ef250fb6
ingestion/v2/rag_storage/Mastery by Robert Greene/glyph_repair_6152722358522405648.txt,.txt,2255,2026-02-13T06:06:49.359614,False,2c0674c1c2789a154480efb72015f80f20513e102102f883892377ee51a952c2
ingestion/v2/rag_storage/Mastery by Robert Greene/glyph_repair_626923540158206848.txt,.txt,5025,2026-02-13T06:31:30.326533,False,f5831100108a046cef2754d1152d11d9eaaf4261d608b9d2c9aa11ee4e32cfa8
ingestion/v2/rag_storage/Mastery by Robert Greene/glyph_repair_6374937063235989214.txt,.txt,2911,2026-02-13T06:13:10.833671,False,465b60a58070ca3da56eb181fc9752f9519caf38a973ca8ff083fd922ba8366c
ingestion/v2/rag_storage/Mastery by Robert Greene/glyph_repair_6413307903139085733.txt,.txt,3795,2026-02-13T06:36:44.705357,False,2a97b05d29d0a23ff8f31601f072e4c585431dc32d24861938603a9037eb2619
ingestion/v2/rag_storage/Mastery by Robert Greene/glyph_repair_6429158048976742337.txt,.txt,1231,2026-02-13T06:24:01.631709,False,2d24034f7c87d178779eb3c8b639df81493ef920cff1e7b2ff07992ec0e841ba
ingestion/v2/rag_storage/Mastery by Robert Greene/glyph_repair_6498269320617037134.txt,.txt,5880,2026-02-13T06:03:52.131297,False,89f42965bfd9c03c998fb27826891ab298f12962ccabcfa8337c67135f402007
ingestion/v2/rag_storage/Mastery by Robert Greene/glyph_repair_6646947400675680964.txt,.txt,3662,2026-02-13T06:07:14.581469,False,a51e3171a28e476615a8cbc54350d536a4df8a45f4338d2053cd77ca8452cf2b
ingestion/v2/rag_storage/Mastery by Robert Greene/glyph_repair_6665104887659314569.txt,.txt,5493,2026-02-13T06:13:39.263481,False,28cda484ab469a314c834803783cc40b97d7672704a7dc95a118884ff2d40e4e
ingestion/v2/rag_storage/Mastery by Robert Greene/glyph_repair_6684714469465984148.txt,.txt,1055,2026-02-13T06:35:24.811651,False,d17e0bf538e5bf65e9a112fa38eca1fa1206477e24c656b946a9b8b503a8e458
ingestion/v2/rag_storage/Mastery by Robert Greene/glyph_repair_6776231883418946579.txt,.txt,5198,2026-02-13T06:08:54.390734,False,1317e9dcbd3ac27b11c0e5cd49f60b645d796d99c21345c98ba59aa8fe5d8d48
ingestion/v2/rag_storage/Mastery by Robert Greene/glyph_repair_6810012951734970755.txt,.txt,6197,2026-02-13T06:24:30.348290,False,d4528cce4fa68b55bb97dbc9f37ddf41ae25bdf2644262bd96f342848573d957
ingestion/v2/rag_storage/Mastery by Robert Greene/glyph_repair_6870430246938539594.txt,.txt,5225,2026-02-13T06:04:20.576449,False,faa9663a64f08d2d15700a9be475840e0cbb26e8155d213489a7614b1c6be084
ingestion/v2/rag_storage/Mastery by Robert Greene/glyph_repair_6979505166351729355.txt,.txt,5858,2026-02-13T06:06:06.636295,False,03f3a948ca41d4af0ec1134d006ac6e6da2ca88c576f045fca04aaa7721ed347
ingestion/v2/rag_storage/Mastery by Robert Greene/glyph_repair_7103600463418470311.txt,.txt,5779,2026-02-13T06:32:36.998696,False,50a5378806f140dd50306544413c74bf317eb2e2db6cad9ddbced817a2f81489
ingestion/v2/rag_storage/Mastery by Robert Greene/glyph_repair_7108627231772959073.txt,.txt,4919,2026-02-13T06:34:51.565932,False,3e97d64939d033a810fe1222958ca0ef5bc03393da3dd1fd0e6f9d19cf50080d
ingestion/v2/rag_storage/Mastery by Robert Greene/glyph_repair_7144209274242766447.txt,.txt,5614,2026-02-13T06:37:13.117873,False,7ae24a393762fe6a361672f45420b4e06bad3475c09394408111fef96aded3e5
ingestion/v2/rag_storage/Mastery by Robert Greene/glyph_repair_724705613237197002.txt,.txt,5558,2026-02-13T06:02:59.543863,False,549c711b87c97919411838509f64d2ee698e5458ee3aa5842b0d4ab16d387a18
ingestion/v2/rag_storage/Mastery by Robert Greene/glyph_repair_7334691626494034999.txt,.txt,3580,2026-02-13T06:30:25.827276,False,b3573e6cd10057fc5ec89e08145726b6ce5fee32769de6cc9c9184b69161fbbb
ingestion/v2/rag_storage/Mastery by Robert Greene/glyph_repair_7351971945171760380.txt,.txt,397,2026-02-13T06:41:57.238539,False,6ba862b2c140c1e1c9f79e725d7b89020caf59c9466802a1fa7fedb4777e24ce
ingestion/v2/rag_storage/Mastery by Robert Greene/glyph_repair_7396214746187160609.txt,.txt,1896,2026-02-13T06:03:20.291269,False,e1efb9e63784e287a8c17949e78de8e34a1b84807e0b9ebc14e0611c73fda3a8
ingestion/v2/rag_storage/Mastery by Robert Greene/glyph_repair_7460437294780892167.txt,.txt,4006,2026-02-13T06:09:49.321069,False,9f04b29fd226b3e4f7d3ac38eb2cbf5b9337f244ac152eda6ce10fac09e67404
ingestion/v2/rag_storage/Mastery by Robert Greene/glyph_repair_750782604277739928.txt,.txt,5244,2026-02-13T06:35:18.263509,False,0caa9e6e03bd958627dadcc16169e49252f338396e0c4bee78e07b5fa40e96ca
ingestion/v2/rag_storage/Mastery by Robert Greene/glyph_repair_7562706452493893930.txt,.txt,6026,2026-02-13T06:27:31.245363,False,af33eb5b2222f5a8aeacf69345e7ca94eb8dcd9e079d883c72edb65192427134
ingestion/v2/rag_storage/Mastery by Robert Greene/glyph_repair_7597701240186466357.txt,.txt,2398,2026-02-13T06:40:23.890059,False,1f87cbb69c1f854a65565c25a9bfa37da78edb9fb1e167f56598987ffbbb34ff
ingestion/v2/rag_storage/Mastery by Robert Greene/glyph_repair_7597730507627367224.txt,.txt,5516,2026-02-13T06:21:02.474608,False,0585413b0d6b5bf5249e765ab12c4146d054c859d0bf16ff334d1c53c1519004
ingestion/v2/rag_storage/Mastery by Robert Greene/glyph_repair_7633907286054261185.txt,.txt,1571,2026-02-13T06:39:52.104788,False,4ca9fe59739707c09963cb331091607fe6447e2844aec50ff6d8b5940264774a
ingestion/v2/rag_storage/Mastery by Robert Greene/glyph_repair_7658897595147762830.txt,.txt,2731,2026-02-13T06:25:39.028843,False,e36bbca9762edeb4d228f73820f5858f17fec65de7c08d6940a344c30f9a9b46
ingestion/v2/rag_storage/Mastery by Robert Greene/glyph_repair_7717033183253480638.txt,.txt,3810,2026-02-13T06:28:54.459873,False,96d8091b0abb942c5cb068fe75f0695c6fd32bf2d6abc1d7782a8da352769bc2
ingestion/v2/rag_storage/Mastery by Robert Greene/glyph_repair_7770990916531107790.txt,.txt,4907,2026-02-13T06:22:27.031458,False,9c36a1897084b8cf901b8c9c8e61f973d797ca5589cea1ef5d1d7c445d115f75
ingestion/v2/rag_storage/Mastery by Robert Greene/glyph_repair_7807856293835234927.txt,.txt,442,2026-02-13T06:24:34.600247,False,e4a773f55d0d1ef8e9db7a81feffbcb38a566aac02cebad9bd827fd593435ea4
ingestion/v2/rag_storage/Mastery by Robert Greene/glyph_repair_7897930520128358102.txt,.txt,2156,2026-02-13T06:11:13.477256,False,f92794bba70c5681462b71276f4678f144a1ed1fee3f5c4b0abe2ebb9cecd8c5
ingestion/v2/rag_storage/Mastery by Robert Greene/glyph_repair_810242293631470670.txt,.txt,3247,2026-02-13T06:26:17.261636,False,3b308942320a9d9bec6d0e6f1f78abe606d1a883cd8e6f2b547a165dbd297121
ingestion/v2/rag_storage/Mastery by Robert Greene/glyph_repair_8281604437056719175.txt,.txt,1100,2026-02-13T06:15:16.665632,False,f495cbf2ce8a317b98e13af60c9870a663680475e571a1557279913c72c13be1
ingestion/v2/rag_storage/Mastery by Robert Greene/glyph_repair_8377017393648008869.txt,.txt,5191,2026-02-13T06:15:08.892443,False,95905f7bdf9cb2d664f57b815fee937e64f62a2d17b8d1136e9fd5a828096863
ingestion/v2/rag_storage/Mastery by Robert Greene/glyph_repair_8704669316032349063.txt,.txt,3332,2026-02-13T06:31:47.883573,False,5ae0ae4fcb66d7fca31968cdd778e987536f439f96969e08e64979d1e9c63f44
ingestion/v2/rag_storage/Mastery by Robert Greene/glyph_repair_8760325718224754524.txt,.txt,163,2026-02-13T06:25:24.224280,False,0d258b90a22d804a5d76c3f9edb2f04e08fa0129542fb4954787194702252944
ingestion/v2/rag_storage/Mastery by Robert Greene/glyph_repair_8813133780824806133.txt,.txt,4144,2026-02-13T06:37:58.613584,False,5ab0e2bc1493a77008305936a7cfd9f8b3edbaf568e92cf7de7fd068976002af
ingestion/v2/rag_storage/Mastery by Robert Greene/glyph_repair_8853863935359231928.txt,.txt,4332,2026-02-13T06:11:01.257258,False,1a468fd0621a3b8bf5d1bdd5c4cd3fd2c778711527c136748ebd975cecd6afb6
ingestion/v2/rag_storage/Mastery by Robert Greene/glyph_repair_9085745965677062854.txt,.txt,4238,2026-02-13T06:20:17.280703,False,3d14810f42f89fc9c5a69ededc013dbcfc7e720b3817420870595d33cae4b9a0
ingestion/v2/rag_storage/Mastery by Robert Greene/glyph_repair_909737123878117557.txt,.txt,5610,2026-02-13T06:16:23.221291,False,fc78386cfc6e50b384b53ab5ee5945f6f905826e1c91e37e86fd11b8991b2dce
ingestion/v2/rag_storage/Mastery by Robert Greene/glyph_repair_944982777092098691.txt,.txt,3724,2026-02-13T06:18:28.162184,False,f918b7b785980e5a84c9292e2544dd3407ba7b54450872fa58b91d338c346336
ingestion/v2/rag_storage/Mastery by Robert Greene/ministers/base/claim.json,.json,239069,2026-02-13T11:05:28.869360,False,0cd2ba5aa67119eab65e69d1a77a5ea50cac9bec7640d33df36e315aff964170
ingestion/v2/rag_storage/Mastery by Robert Greene/ministers/base/principle.json,.json,286577,2026-02-13T11:05:28.853360,False,7b70e62698f8a30ba1aac1a515bbb33088fecef89079c058304859c7870a78dd
ingestion/v2/rag_storage/Mastery by Robert Greene/ministers/base/rule.json,.json,270821,2026-02-13T11:05:28.861359,False,87e3e4c2d00b40919fe36543d2da1d5a51966fd7813d3ba33ca11d187523ac10
ingestion/v2/rag_storage/Mastery by Robert Greene/progress.json,.json,321,2026-02-13T11:05:30.452826,False,d074dfc6a796b8aa34d1465f5ef92560c0ae8c393ba89d98a4ffed6be914938a
ingestion/v2/rag_storage/Men-are-from-mars-women-are-from-venus/00_canonical_text.txt,.txt,697108,2026-02-13T07:15:54.398720,False,86b5003ec94a2bc98e09c0892de7a9b0bd8eee3285c39995fd1686368d02f5ad
ingestion/v2/rag_storage/Men-are-from-mars-women-are-from-venus/00_raw.txt,.txt,697108,2026-02-13T07:15:54.395200,False,86b5003ec94a2bc98e09c0892de7a9b0bd8eee3285c39995fd1686368d02f5ad
ingestion/v2/rag_storage/Men-are-from-mars-women-are-from-venus/01_chapters.json,.json,707423,2026-02-13T07:23:41.364334,False,800123464b24db0ab17eb629e70c5a1732d6fe6a76d66dea6e0b09344043ff5d
ingestion/v2/rag_storage/Men-are-from-mars-women-are-from-venus/02_doctrine.json,.json,63807,2026-02-13T07:46:00.215464,False,80fcf1a436e1601c91401e7ad0a4104b467c0a09071020e1f52b6470bc759364
ingestion/v2/rag_storage/Men-are-from-mars-women-are-from-venus/02_doctrine_chunks.json,.json,62238,2026-02-13T07:46:00.197416,False,372a7867f8206d6eb46565a35fcb4c5b5ede7603da2b399cc9169ba815f0daa6
ingestion/v2/rag_storage/Men-are-from-mars-women-are-from-venus/02_doctrine_errors.log,.log,85,2026-02-13T07:46:00.190876,False,721198f7a6b435da9d1341ad803147d40cab9f642ee453c6e3fe9e4b56e786e2
ingestion/v2/rag_storage/Men-are-from-mars-women-are-from-venus/03_5_minister_conversion.json,.json,538,2026-02-13T07:46:59.618405,False,c763aa7076e574889ba0cb5f3595e379448fd2747fe5f48eb80d3c01e0d23be1
ingestion/v2/rag_storage/Men-are-from-mars-women-are-from-venus/03_embeddings.json,.json,362,2026-02-13T07:46:22.249724,False,931ec85daaef53e947feb3326324d98aa64c8653242f9110216f1734b94f3c7a
ingestion/v2/rag_storage/Men-are-from-mars-women-are-from-venus/03_nodes_chunks.json,.json,81701,2026-02-13T07:46:00.221794,False,f1c3bceceb0371696ff29e7c54a31c9b751ded9225dfd9ffa8b96299a648a16d
ingestion/v2/rag_storage/Men-are-from-mars-women-are-from-venus/ministers/base/claim.json,.json,510194,2026-02-13T07:46:22.105246,False,f99bfc4bfb78bc0c1eae2fa47932f5c474bdfdb28ab29f43d83924069edcdcee
ingestion/v2/rag_storage/Men-are-from-mars-women-are-from-venus/ministers/base/principle.json,.json,525764,2026-02-13T07:46:22.129990,False,6d896c13e1529f45c23d75183dd6fb5f1dc37da95fecc433ac2e85fbc77cc534
ingestion/v2/rag_storage/Men-are-from-mars-women-are-from-venus/ministers/base/rule.json,.json,557885,2026-02-13T07:46:22.076487,False,f9ec2434b7dc1446f74ee5b0dc507e9cdae02ba6f4bafb706c64f88bc24a1c9a
ingestion/v2/rag_storage/Men-are-from-mars-women-are-from-venus/progress.json,.json,321,2026-02-13T07:46:59.626095,False,d96316f78de46eaf263a70c39edbcc01f38dae0f419c9de9c4ad24f58e33ef0c
ingestion/v2/rag_storage/milan_kundera_-_the_unbearable_lightness_of_being/00_canonical_text.txt,.txt,495075,2026-02-13T19:48:23.490666,False,074bd309e9007dd2131d362d3dca773043fe977b95b3896a9c0e55f95aee85e5
ingestion/v2/rag_storage/milan_kundera_-_the_unbearable_lightness_of_being/00_raw.txt,.txt,495075,2026-02-13T19:48:23.489657,False,074bd309e9007dd2131d362d3dca773043fe977b95b3896a9c0e55f95aee85e5
ingestion/v2/rag_storage/milan_kundera_-_the_unbearable_lightness_of_being/01_chapters.json,.json,499666,2026-02-13T20:09:55.759352,False,3638bdb196ddb18d6deedf837782c2fdcde44f212e5fa23b7e8b5b83c3d509ca
ingestion/v2/rag_storage/milan_kundera_-_the_unbearable_lightness_of_being/02_doctrine.json,.json,11405,2026-02-13T20:21:18.998329,False,4a6a469769ad2c267ec057f7dfd0f8895a6b92c451ce24f3ab2cedea814f0a90
ingestion/v2/rag_storage/milan_kundera_-_the_unbearable_lightness_of_being/02_doctrine_chunks.json,.json,8181,2026-02-13T20:21:18.979981,False,c21709eb84ae8f95779cec0e648fc7e27766147c890af2e899ba3bb654b08a4c
ingestion/v2/rag_storage/milan_kundera_-_the_unbearable_lightness_of_being/02_doctrine_errors.log,.log,3932,2026-02-13T20:21:18.973931,False,3a9938cfb79578400289f01eca84c6160e3838c3ef8c5381e8e595fec2777ead
ingestion/v2/rag_storage/milan_kundera_-_the_unbearable_lightness_of_being/03_5_minister_errors.log,.log,2313,2026-02-13T20:22:26.084546,False,e7710b8ceeebb3b185ddcf46e0ba89abfda99ab21b8bbfc6eec6f9213937e389
ingestion/v2/rag_storage/milan_kundera_-_the_unbearable_lightness_of_being/03_embeddings.json,.json,331,2026-02-13T20:22:26.073627,False,672bbeeef5994f562b6dcadd8c287c766a99227d3d21bdeb68434c396e9310cf
ingestion/v2/rag_storage/milan_kundera_-_the_unbearable_lightness_of_being/03_nodes_chunks.json,.json,1621,2026-02-13T20:21:19.002652,False,a35053c95d73ab5baf4a4e960c188a0174fba734098dc9610dc2acc97c587e62
ingestion/v2/rag_storage/milan_kundera_-_the_unbearable_lightness_of_being/progress.json,.json,320,2026-02-13T20:22:26.084546,False,e553b8968d77f7c372dbe3da72ec235fc58609f59001ab97e819a166397cc768
ingestion/v2/rag_storage/modern-man-in-search-of-a-soul-stages-of-life-1/00_canonical_text.txt,.txt,539690,2026-02-13T20:22:31.908119,False,66844bc025aba7d6030abe84ff58dfc16273d4a6dcf9bfddfa23672d919cdfe0
ingestion/v2/rag_storage/modern-man-in-search-of-a-soul-stages-of-life-1/00_raw.txt,.txt,539690,2026-02-13T20:22:31.906221,False,66844bc025aba7d6030abe84ff58dfc16273d4a6dcf9bfddfa23672d919cdfe0
ingestion/v2/rag_storage/modern-man-in-search-of-a-soul-stages-of-life-1/01_chapters.json,.json,547730,2026-02-13T20:58:03.462252,False,b101ce205e373a1f59e5cfcfcc65d686de521eab532dad416ef89a8590914c13
ingestion/v2/rag_storage/modern-man-in-search-of-a-soul-stages-of-life-1/02_doctrine.json,.json,19231,2026-02-13T21:16:33.930525,False,b4a86f6146d3a2073b9b31d1598de121e7c8cf21a5db8efe6a15cc700f333cc3
ingestion/v2/rag_storage/modern-man-in-search-of-a-soul-stages-of-life-1/02_doctrine_chunks.json,.json,5253,2026-02-13T21:16:33.906357,False,829a22ca5beb80cb11dbd67e26747ed640edaa5bad1c933d918717bfabca4c93
ingestion/v2/rag_storage/modern-man-in-search-of-a-soul-stages-of-life-1/02_doctrine_errors.log,.log,8018,2026-02-13T21:16:33.899655,False,3cccdd4cc1b08082388b0e1a2726ce402cc91dd1b0fa0d33950720d5da469784
ingestion/v2/rag_storage/modern-man-in-search-of-a-soul-stages-of-life-1/03_5_minister_errors.log,.log,2311,2026-02-13T21:17:41.049438,False,d62e873ddae24febf275a714a0b7cf2b7527a058e09777186001e3c10368ba4e
ingestion/v2/rag_storage/modern-man-in-search-of-a-soul-stages-of-life-1/03_embeddings.json,.json,333,2026-02-13T21:17:41.033565,False,0ba484639cf3da733ed0a64debb72534389ede1b792c73ab1a4effad69d9f467
ingestion/v2/rag_storage/modern-man-in-search-of-a-soul-stages-of-life-1/03_nodes_chunks.json,.json,3228,2026-02-13T21:16:33.934861,False,89d6eda52a34c5da486e4fe4fdcc9bac978b077af57682664e1abd4943b4349f
ingestion/v2/rag_storage/modern-man-in-search-of-a-soul-stages-of-life-1/progress.json,.json,321,2026-02-13T21:17:41.050091,False,0617ec23629dde21e77296c95930d165f13f3d55d59a9e0df8c3938f4db5a5d2
ingestion/v2/rag_storage/NeilPostman-AmusingOurselvesToDeath/00_canonical_text.txt,.txt,439557,2026-02-13T07:47:02.973260,False,b7dcb15ed1610b2dabdf063ccf5b15e914823ed84682ba23df00fbdb59f227a7
ingestion/v2/rag_storage/NeilPostman-AmusingOurselvesToDeath/00_raw.txt,.txt,439557,2026-02-13T07:47:02.971238,False,b7dcb15ed1610b2dabdf063ccf5b15e914823ed84682ba23df00fbdb59f227a7
ingestion/v2/rag_storage/NeilPostman-AmusingOurselvesToDeath/01_chapters.json,.json,449793,2026-02-13T07:53:19.384994,False,231111153160f2d5bdcfcda01966223f1d71905dd0348847dde43d5836f8b68c
ingestion/v2/rag_storage/NeilPostman-AmusingOurselvesToDeath/02_doctrine.json,.json,56094,2026-02-13T08:11:40.098206,False,6039ffbd7d649671e269b8ce4a25646a8547720b82c3006b8b1c9de5fba98e3f
ingestion/v2/rag_storage/NeilPostman-AmusingOurselvesToDeath/02_doctrine_chunks.json,.json,54350,2026-02-13T08:11:40.081052,False,4fbd611ee329faa9c05245a4d8ffad64f94d09f4f4151f746f0fc4a341c6ae72
ingestion/v2/rag_storage/NeilPostman-AmusingOurselvesToDeath/02_doctrine_errors.log,.log,79,2026-02-13T07:58:41.430732,False,e706bcc52a55a470cd244e62d05988bd6b0eae48d3aa3f3076dac40182bd10a4
ingestion/v2/rag_storage/NeilPostman-AmusingOurselvesToDeath/03_5_minister_conversion.json,.json,477,2026-02-13T08:12:33.605773,False,c24f14ea2834ba1d2e2c815baaab7a49f06acf4da62e71dec761095d6a2b01bd
ingestion/v2/rag_storage/NeilPostman-AmusingOurselvesToDeath/03_embeddings.json,.json,361,2026-02-13T08:12:03.065837,False,244b3e4338884358d6d14ef8c12532f48acd08d3c5e5b112795c4fdc369b343f
ingestion/v2/rag_storage/NeilPostman-AmusingOurselvesToDeath/03_nodes_chunks.json,.json,65697,2026-02-13T08:11:40.103975,False,08aab1694bec6880e83ea114350d5041ade87c3f7ba544fd3877c953f923ec91
ingestion/v2/rag_storage/NeilPostman-AmusingOurselvesToDeath/ministers/base/claim.json,.json,510646,2026-02-13T08:12:03.008085,False,ce92a20ad469733f84e92613e7e309320eb95f98b096a775be0b8f6b85d6d7c1
ingestion/v2/rag_storage/NeilPostman-AmusingOurselvesToDeath/ministers/base/principle.json,.json,526288,2026-02-13T08:12:03.035830,False,1f453f35853dc818ead9ef226f60e9c938d6a69285c4883cc68edf2dabb58992
ingestion/v2/rag_storage/NeilPostman-AmusingOurselvesToDeath/ministers/base/rule.json,.json,558214,2026-02-13T08:12:03.060843,False,975d0eda9a29ce49e8d5ea31f3758a9819b2834111b9a7795e9d38a482a0c4e1
ingestion/v2/rag_storage/NeilPostman-AmusingOurselvesToDeath/progress.json,.json,321,2026-02-13T08:12:33.624787,False,ff9e550bb3d100635c1f5e8015041fb3507a7ae34f88cc9f88d1a85d3a8b7e6c
ingestion/v2/rag_storage/No-Excuses-The-Power-of-Self-Discipline-by-Brian-Tracy/00_canonical_text.txt,.txt,402909,2026-02-13T08:12:36.784168,False,c298a00f4a7c30062475f74525b5571e5b87941720d327c1b4e7f8af6c065d35
ingestion/v2/rag_storage/No-Excuses-The-Power-of-Self-Discipline-by-Brian-Tracy/00_raw.txt,.txt,402909,2026-02-13T08:12:36.781262,False,c298a00f4a7c30062475f74525b5571e5b87941720d327c1b4e7f8af6c065d35
ingestion/v2/rag_storage/No-Excuses-The-Power-of-Self-Discipline-by-Brian-Tracy/01_chapters.json,.json,423193,2026-02-13T08:20:21.721822,False,be8d6b0b4f65af593df4d6e5c93b807a8a40389fce350e58ea840da3ec476a11
ingestion/v2/rag_storage/No-Excuses-The-Power-of-Self-Discipline-by-Brian-Tracy/02_doctrine.json,.json,130035,2026-02-13T09:19:27.181152,False,580735d878611986c29d762e5dc97e0ec2b8eed41fa2b38bf1129c8eb674814a
ingestion/v2/rag_storage/No-Excuses-The-Power-of-Self-Discipline-by-Brian-Tracy/02_doctrine_chunks.json,.json,126675,2026-02-13T09:19:27.152818,False,87e19513605c602cd05c553b199006bc5cbc49dd3e18e3eef0d0cbcb901f6978
ingestion/v2/rag_storage/No-Excuses-The-Power-of-Self-Discipline-by-Brian-Tracy/03_5_minister_conversion.json,.json,509,2026-02-13T09:21:45.502924,False,0e48991836b488997a9a5ae2947d1b96cce3f6d87ee835138fd5dfec6979d83c
ingestion/v2/rag_storage/No-Excuses-The-Power-of-Self-Discipline-by-Brian-Tracy/03_embeddings.json,.json,361,2026-02-13T09:20:29.475454,False,49eb0ad9a75a060adc8b60937903499e6f5a1daba693a80ac3be0a44c18d8eec
ingestion/v2/rag_storage/No-Excuses-The-Power-of-Self-Discipline-by-Brian-Tracy/03_nodes_chunks.json,.json,183335,2026-02-13T09:19:27.192529,False,e7b989f7b55ee42d7eb07b7a5efb0b673f2f31374367cdae7781a06f99e2d629
ingestion/v2/rag_storage/No-Excuses-The-Power-of-Self-Discipline-by-Brian-Tracy/ministers/base/claim.json,.json,446989,2026-02-13T09:20:29.355249,False,062450b9ca20608411e8cff0e11630c2029980dad557f792e87400e14a7f5919
ingestion/v2/rag_storage/No-Excuses-The-Power-of-Self-Discipline-by-Brian-Tracy/ministers/base/principle.json,.json,573997,2026-02-13T09:20:29.310570,False,2fe773fda0898b27fb622b9ed0ea3eab5b010c818453d0afe372a4bc4416fcbf
ingestion/v2/rag_storage/No-Excuses-The-Power-of-Self-Discipline-by-Brian-Tracy/ministers/base/rule.json,.json,574349,2026-02-13T09:20:29.335347,False,dfab922647ba3a0952bd73f99907cd8c757853bf8ea46ec71c63b27e9bea19fe
ingestion/v2/rag_storage/No-Excuses-The-Power-of-Self-Discipline-by-Brian-Tracy/progress.json,.json,321,2026-02-13T09:21:45.524480,False,95db599ad87612c83efc8d4971f0e94c7c27a88e1ddfa92664ca97ff9f63a786
ingestion/v2/rag_storage/Notes-from-Underground-Extract/00_canonical_text.txt,.txt,29658,2026-02-13T09:21:45.795508,False,a0eabaa85f01c90de48c0ad4a4003758e7b1e2b97cfe832ac52a7b6ee0c9d170
ingestion/v2/rag_storage/Notes-from-Underground-Extract/00_raw.txt,.txt,29658,2026-02-13T09:21:45.794243,False,a0eabaa85f01c90de48c0ad4a4003758e7b1e2b97cfe832ac52a7b6ee0c9d170
ingestion/v2/rag_storage/Notes-from-Underground-Extract/01_chapters.json,.json,31413,2026-02-13T09:22:16.605026,False,ae89981e7600380a0ff52911c0f8a6f9225070e0d6b83473e5f4821608084e3c
ingestion/v2/rag_storage/Notes-from-Underground-Extract/02_doctrine.json,.json,10267,2026-02-13T09:27:50.322092,False,87ef16b7a84ffbe165ed9d0695976be6c923a3d8062f95f5fe1e385b7fb39952
ingestion/v2/rag_storage/Notes-from-Underground-Extract/02_doctrine_chunks.json,.json,9945,2026-02-13T09:27:50.311090,False,40211caf759ecabc17c2e150127f5cbdd3b10d9e68cb60080367844698b4bcdc
ingestion/v2/rag_storage/Notes-from-Underground-Extract/03_5_minister_conversion.json,.json,361,2026-02-13T09:28:05.039310,False,bf439c1ac314ca233e0e56189e0aa0b4703ed99879fe3b6dccfb404c4db1dd7a
ingestion/v2/rag_storage/Notes-from-Underground-Extract/03_embeddings.json,.json,332,2026-02-13T09:27:58.601117,False,369651a6c631d32d006860238af039ffff974bc752d89899519a3f61418fbe7a
ingestion/v2/rag_storage/Notes-from-Underground-Extract/03_nodes_chunks.json,.json,11585,2026-02-13T09:27:50.326032,False,2aa72d574f86e629aff9368296f2476c7f2ef5af00f8dafc0ad408e46cf00523
ingestion/v2/rag_storage/Notes-from-Underground-Extract/progress.json,.json,321,2026-02-13T09:28:05.056464,False,f4d7ead0b02cda7eb581beb5d892d10a2b928ca5a1c9edbb12f482e2128bdb30
ingestion/v2/rag_storage/Ortega_y_Gasset_Jose_The_Revolt_of_the_Masses/00_canonical_text.txt,.txt,0,2026-02-13T09:28:05.166229,False,e3b0c44298fc1c149afbf4c8996fb92427ae41e4649b934ca495991b7852b855
ingestion/v2/rag_storage/Ortega_y_Gasset_Jose_The_Revolt_of_the_Masses/00_raw.txt,.txt,0,2026-02-13T09:28:05.165228,False,e3b0c44298fc1c149afbf4c8996fb92427ae41e4649b934ca495991b7852b855
ingestion/v2/rag_storage/Ortega_y_Gasset_Jose_The_Revolt_of_the_Masses/00_raw_repaired.txt,.txt,0,2026-02-13T09:28:05.164222,False,e3b0c44298fc1c149afbf4c8996fb92427ae41e4649b934ca495991b7852b855
ingestion/v2/rag_storage/Ortega_y_Gasset_Jose_The_Revolt_of_the_Masses/01_chapters.json,.json,1375,2026-02-13T09:28:05.168729,False,400503a836efd87383e237ca781821aa7702d3f8eb9f3269864d45c57edb64a3
ingestion/v2/rag_storage/Ortega_y_Gasset_Jose_The_Revolt_of_the_Masses/02_doctrine.json,.json,903,2026-02-13T09:28:15.631339,False,a60ef48b49a6372301ecb62f00e0be3f450bc11a70099cdf5485d660c8977e5f
ingestion/v2/rag_storage/Ortega_y_Gasset_Jose_The_Revolt_of_the_Masses/02_doctrine_chunks.json,.json,821,2026-02-13T09:28:15.621993,False,cfeb380ed890b5ad2a42c1f487b5b607e11e65001975dcf4d5343d41b25287d7
ingestion/v2/rag_storage/Ortega_y_Gasset_Jose_The_Revolt_of_the_Masses/03_5_minister_conversion.json,.json,213,2026-02-13T09:28:23.476019,False,8a76ed96ce8881331fa433be3c1f24359170387580d844eafdc515ee31330d36
ingestion/v2/rag_storage/Ortega_y_Gasset_Jose_The_Revolt_of_the_Masses/03_embeddings.json,.json,332,2026-02-13T09:28:22.949210,False,e3bf22c15a58e580633c13969f0712411ad068db2787759a7297e673c6c98e98
ingestion/v2/rag_storage/Ortega_y_Gasset_Jose_The_Revolt_of_the_Masses/03_nodes_chunks.json,.json,824,2026-02-13T09:28:15.634340,False,440dc322898f97bd08930708dfd95556039bdb174349ed6413e5c4cc055db5ba
ingestion/v2/rag_storage/Ortega_y_Gasset_Jose_The_Revolt_of_the_Masses/progress.json,.json,321,2026-02-13T09:28:23.495329,False,e799bc3a52a3aceefbc15d9bdcf63bd520101f069309fb556e0f09a6f9e4de59
ingestion/v2/rag_storage/pathtowealthorli00hall/00_canonical_text.txt,.txt,345132,2026-02-13T21:17:45.270737,False,0c66f687a857f2e2ef1fc05adce29d2219eaafe01574f6251e9d94abec7975e3
ingestion/v2/rag_storage/pathtowealthorli00hall/00_raw.txt,.txt,345132,2026-02-13T21:17:45.270737,False,0c66f687a857f2e2ef1fc05adce29d2219eaafe01574f6251e9d94abec7975e3
ingestion/v2/rag_storage/pathtowealthorli00hall/01_chapters.json,.json,357038,2026-02-13T21:38:34.769901,False,e6830ca3c1a61a3eb04d3239e4aec3f8f0877712b6f4ba8ed8dbeaede841e156
ingestion/v2/rag_storage/pathtowealthorli00hall/02_doctrine.json,.json,39219,2026-02-13T22:04:48.193077,False,82700b1a143f3eea8a67aab6e75222cda77fe7df3093589878535409ee6ef95b
ingestion/v2/rag_storage/pathtowealthorli00hall/02_doctrine_chunks.json,.json,27827,2026-02-13T22:04:48.174232,False,824cfbd59a3942fdb33937cf8d1fed511ed276068f4f330795d35dab78bf7794
ingestion/v2/rag_storage/pathtowealthorli00hall/02_doctrine_errors.log,.log,11553,2026-02-13T22:04:48.172528,False,56ee0feba086bae766395ed98e1c2d5e648fd2065383d0b42808f0e8965ab89a
ingestion/v2/rag_storage/pathtowealthorli00hall/03_5_minister_errors.log,.log,2313,2026-02-13T22:04:57.725049,False,e7710b8ceeebb3b185ddcf46e0ba89abfda99ab21b8bbfc6eec6f9213937e389
ingestion/v2/rag_storage/pathtowealthorli00hall/03_embeddings.json,.json,348,2026-02-13T22:04:56.864717,False,8f19d3dbaea350d79f57e6c1e532f4c613e07db2cd669fc04fcebaf3ab82d1ee
ingestion/v2/rag_storage/pathtowealthorli00hall/03_nodes_chunks.json,.json,23954,2026-02-13T22:04:48.198609,False,a1ddafa4f4e3aee0f7b9c93d471c23d17439f4bfe71be18e2ac823564f955282
ingestion/v2/rag_storage/pathtowealthorli00hall/progress.json,.json,320,2026-02-13T22:04:57.726309,False,aace53c89b0d11d82bf224a2d7af17692937098285a5eff9b7f691e1f94f5687
ingestion/v2/rag_storage/Poor Charlie’s Almanack_ The Wit and Wisdom of Charles T. Munger ( PDFDrive )/00_canonical_text.txt,.txt,872175,2026-02-13T11:25:36.270857,False,d6e8e304f0561b1190e8bd0977a301dea6c714bbb13e2717d4b5dfb7baeefa2d
ingestion/v2/rag_storage/Poor Charlie’s Almanack_ The Wit and Wisdom of Charles T. Munger ( PDFDrive )/00_raw.txt,.txt,872175,2026-02-13T11:25:36.268470,False,d6e8e304f0561b1190e8bd0977a301dea6c714bbb13e2717d4b5dfb7baeefa2d
ingestion/v2/rag_storage/Poor Charlie’s Almanack_ The Wit and Wisdom of Charles T. Munger ( PDFDrive )/01_chapters.json,.json,899078,2026-02-13T09:42:46.074591,False,98bd2240db735a60e734031425cc8e20d649a7451c493d58e2e18cdb50749240
ingestion/v2/rag_storage/Poor Charlie’s Almanack_ The Wit and Wisdom of Charles T. Munger ( PDFDrive )/02_doctrine.json,.json,149980,2026-02-13T11:33:19.374818,False,bc278f676e63c0d08d424282727fc72fc978e1f45fdbf45bf269f250626954bd
ingestion/v2/rag_storage/Poor Charlie’s Almanack_ The Wit and Wisdom of Charles T. Munger ( PDFDrive )/02_doctrine_chunks.json,.json,140560,2026-02-13T11:33:19.349727,False,d410596220996a3dc56cbe675218615f185a39c3995594668580142269e3975c
ingestion/v2/rag_storage/Poor Charlie’s Almanack_ The Wit and Wisdom of Charles T. Munger ( PDFDrive )/02_doctrine_errors.log,.log,2531,2026-02-13T11:32:50.321407,False,4baca48635c15f9f9252d90fe0ee99da02e5806f1833d86da90a9f3e3a41ed39
ingestion/v2/rag_storage/Poor Charlie’s Almanack_ The Wit and Wisdom of Charles T. Munger ( PDFDrive )/03_5_minister_errors.log,.log,2303,2026-02-13T11:33:33.370158,False,cd5a9fb638befaafda6df8cc206b2e9c5dd379847d47c4795adb2799e67adfbe
ingestion/v2/rag_storage/Poor Charlie’s Almanack_ The Wit and Wisdom of Charles T. Munger ( PDFDrive )/03_embeddings.json,.json,361,2026-02-13T11:33:32.070909,False,c46e2ca8c2ec8adb0cae63ddaa450445da25877c2812696bc09921dcf06dc65e
ingestion/v2/rag_storage/Poor Charlie’s Almanack_ The Wit and Wisdom of Charles T. Munger ( PDFDrive )/03_nodes_chunks.json,.json,209374,2026-02-13T11:33:19.385818,False,00ea008f4a508bc13cb67d37c99a440ef3ae58e3306e7dbf0f6993ad6c9c5990
ingestion/v2/rag_storage/Poor Charlie’s Almanack_ The Wit and Wisdom of Charles T. Munger ( PDFDrive )/ministers/base/claim.json,.json,271964,2026-02-13T11:33:31.871706,False,6c2168424db793b459313dfda1cee409e6468d68e88bee5ccd58195f7e95f4b1
ingestion/v2/rag_storage/Poor Charlie’s Almanack_ The Wit and Wisdom of Charles T. Munger ( PDFDrive )/ministers/base/principle.json,.json,223704,2026-02-13T11:33:31.881728,False,c7475c55be3c0f9e7e057ae80b15864012320cdc3e34c9adcb76cf1c7494a2c2
ingestion/v2/rag_storage/Poor Charlie’s Almanack_ The Wit and Wisdom of Charles T. Munger ( PDFDrive )/ministers/base/rule.json,.json,303834,2026-02-13T11:33:31.858318,False,c79c448388cdebd38f4a5b6a49848c31b3ac099e31237020ea50d2ca193c9b5a
ingestion/v2/rag_storage/Poor Charlie’s Almanack_ The Wit and Wisdom of Charles T. Munger ( PDFDrive )/progress.json,.json,321,2026-02-13T11:33:33.371399,False,d939783fd139d5fe4c2d3604334f54671eda63ba5609dfdc353c598161a927d9
ingestion/v2/rag_storage/roadto/00_canonical_text.txt,.txt,500678,2026-02-13T22:05:02.281631,False,de25220ce7bf4ec2dbfaa91048efc4c598eb0185c9b6f30ec4452d80fe1ee107
ingestion/v2/rag_storage/roadto/00_raw.txt,.txt,500678,2026-02-13T22:05:02.280022,False,de25220ce7bf4ec2dbfaa91048efc4c598eb0185c9b6f30ec4452d80fe1ee107
ingestion/v2/rag_storage/roadto/01_chapters.json,.json,514332,2026-02-13T23:00:10.607099,False,366922220255c3be226588753e4dd84cfeceebccff88ff9a5726dce4a843bb96
ingestion/v2/rag_storage/roadto/02_doctrine.json,.json,33964,2026-02-13T23:35:22.402077,False,783374b0f5aa14db068dc1da89e0a213a113ac862f84588932536fbc51332cf9
ingestion/v2/rag_storage/roadto/02_doctrine_chunks.json,.json,27015,2026-02-13T23:35:22.372892,False,9f6af69c6074822049b0fb6361dc82c642f5216c8cb4bdc57b99dd975839e3b6
ingestion/v2/rag_storage/roadto/02_doctrine_errors.log,.log,18010,2026-02-13T23:35:22.364198,False,5e1b064fe4fbc12ce9cad765de712c395f35287882cb0839c82fc573ed889fef
ingestion/v2/rag_storage/roadto/03_5_minister_errors.log,.log,1043,2026-02-13T23:35:22.453558,False,36034aae6187636e208a77f1ea6bbf23396879c656ebad89e38e3813b560b6f9
ingestion/v2/rag_storage/roadto/03_embeddings.json,.json,320,2026-02-13T23:35:22.414081,False,a4ad6b0390c689243022f61cb59e4b424c5cd9f5b0623482e71ea94d3bad62bc
ingestion/v2/rag_storage/roadto/03_nodes_chunks.json,.json,2,2026-02-13T23:35:22.407078,False,4f53cda18c2baa0c0354bb5f9a3ecbe5ed12ab4d8e11ba873c2f11161202b945
ingestion/v2/rag_storage/roadto/progress.json,.json,321,2026-02-13T23:35:22.453558,False,af1bd705b81c1fae2835cef5e598005334902c2c88765e4f03335fcd0942e626
ingestion/v2/rag_storage/Seamos_personas_de_Infliuencia/00_canonical_text.txt,.txt,368637,2026-02-13T11:33:34.046432,False,cd8a367a2ab9795fa73afdf5698ea1fe5d4920f507a65341b87d23779e179c04
ingestion/v2/rag_storage/Seamos_personas_de_Infliuencia/00_raw.txt,.txt,368637,2026-02-13T11:33:34.045194,False,cd8a367a2ab9795fa73afdf5698ea1fe5d4920f507a65341b87d23779e179c04
ingestion/v2/rag_storage/Seamos_personas_de_Infliuencia/01_chapters.json,.json,374151,2026-02-13T11:37:45.908887,False,b0f7cdae784cd06f6c459a6dae9b9d7fa1186d877b554d9b547a8e1f2245ab88
ingestion/v2/rag_storage/Seamos_personas_de_Infliuencia/02_doctrine.json,.json,21895,2026-02-13T11:51:26.074656,False,15277bf32e731aa0c845c0f85586d84df4a06690adc3c16b3fdb2e08e3b1d489
ingestion/v2/rag_storage/Seamos_personas_de_Infliuencia/02_doctrine_chunks.json,.json,10156,2026-02-13T11:51:26.053538,False,6e613ebaea469637475e705440cb066e9318810283a6c38c5fde44a96106272e
ingestion/v2/rag_storage/Seamos_personas_de_Infliuencia/02_doctrine_errors.log,.log,1445,2026-02-13T11:51:26.051986,False,c7969a1332da7ea880f72b551af8119107490465ac7574ba7a70e03bb4ef187c
ingestion/v2/rag_storage/Seamos_personas_de_Infliuencia/03_5_minister_errors.log,.log,2494,2026-02-13T11:51:32.125909,False,850ec765964672e34697964f138e60c8e174d4b33a838e45e48bf0ffbd2ebfbe
ingestion/v2/rag_storage/Seamos_personas_de_Infliuencia/03_embeddings.json,.json,330,2026-02-13T11:51:31.233424,False,5db78029149e31f31b0e8dc00e3bb8ceb113330945a57bb33bc4c09ad39ab728
ingestion/v2/rag_storage/Seamos_personas_de_Infliuencia/03_nodes_chunks.json,.json,16646,2026-02-13T11:51:26.079891,False,0f87e5a0bec327d302b86d2ac63756f8e8f6c8917a9b6d1d7789c4412df8f0ee
ingestion/v2/rag_storage/Seamos_personas_de_Infliuencia/progress.json,.json,321,2026-02-13T11:51:32.127904,False,e755b786e121a49c3a04776f781fcb3fb2fb6edd7f0d47e8af926f00469d6a61
ingestion/v2/rag_storage/Summary-of-SGTCIY-pdf/00_canonical_text.txt,.txt,20024,2026-02-13T11:51:32.372334,False,a9399f69156745409da236f0efca012d6b275dd23816a5bc096f95dcc5021518
ingestion/v2/rag_storage/Summary-of-SGTCIY-pdf/00_raw.txt,.txt,20024,2026-02-13T11:51:32.371381,False,a9399f69156745409da236f0efca012d6b275dd23816a5bc096f95dcc5021518
ingestion/v2/rag_storage/Summary-of-SGTCIY-pdf/01_chapters.json,.json,20676,2026-02-13T11:51:54.604962,False,5e982d3f87db67aeb51c158acc7b35383875bd0f05d7268630102825eb6bfc12
ingestion/v2/rag_storage/Summary-of-SGTCIY-pdf/02_doctrine.json,.json,4636,2026-02-13T11:53:29.593889,False,b7b36784ed287040a7f0ec2582c26af7a70022e462c3b2fa1c77e232564e7b77
ingestion/v2/rag_storage/Summary-of-SGTCIY-pdf/02_doctrine_chunks.json,.json,3535,2026-02-13T11:53:29.579346,False,cd88c910603fd186929dd23c21cd73cfe0d0e711d2fa2c1b89dbfbe095419b92
ingestion/v2/rag_storage/Summary-of-SGTCIY-pdf/03_5_minister_errors.log,.log,2311,2026-02-13T11:53:38.427417,False,d62e873ddae24febf275a714a0b7cf2b7527a058e09777186001e3c10368ba4e
ingestion/v2/rag_storage/Summary-of-SGTCIY-pdf/03_embeddings.json,.json,331,2026-02-13T11:53:37.137440,False,5d4e8e3ca07da985608d42635f0a6ac3f44b2aaf94503033577c314963bbe5c2
ingestion/v2/rag_storage/Summary-of-SGTCIY-pdf/03_nodes_chunks.json,.json,6050,2026-02-13T11:53:29.602967,False,031678b39dabc84f2a6695ad3c89d85560b226c0b1ca5f49768b6f81fdfe10bf
ingestion/v2/rag_storage/Summary-of-SGTCIY-pdf/progress.json,.json,321,2026-02-13T11:53:38.429400,False,659eaecfb7c1c2d27098ff9ca210613aa367a8e25714e5863c228313888f0ecd
ingestion/v2/rag_storage/SuperThinking/00_canonical_text.txt,.txt,0,2026-02-13T11:53:38.470517,False,e3b0c44298fc1c149afbf4c8996fb92427ae41e4649b934ca495991b7852b855
ingestion/v2/rag_storage/SuperThinking/00_raw.txt,.txt,0,2026-02-13T11:53:38.469519,False,e3b0c44298fc1c149afbf4c8996fb92427ae41e4649b934ca495991b7852b855
ingestion/v2/rag_storage/SuperThinking/00_raw_repaired.txt,.txt,0,2026-02-13T11:53:38.468581,False,e3b0c44298fc1c149afbf4c8996fb92427ae41e4649b934ca495991b7852b855
ingestion/v2/rag_storage/SuperThinking/01_chapters.json,.json,425,2026-02-13T11:53:38.473032,False,ddec8f03ea520cf802c7d67a070f4457c007626b67288e049f4473ef2ab7a7a2
ingestion/v2/rag_storage/SuperThinking/02_doctrine.json,.json,1222,2026-02-13T11:54:01.689441,False,6f0e07e495c7e8e3631c2d6981849638456e762a3f86ba64657cc2ebeb9114a0
ingestion/v2/rag_storage/SuperThinking/02_doctrine_chunks.json,.json,1187,2026-02-13T11:54:01.672421,False,e2f1ff13932c2a5a44798752cfb23255bf9b5ba29c0635f36a112f85c914294b
ingestion/v2/rag_storage/SuperThinking/03_5_minister_errors.log,.log,1043,2026-02-13T11:54:09.457741,False,40ccfb9fcba42b31432ba4e7309fbff511c501eeb5d2dbc941b66be2c8d8ae29
ingestion/v2/rag_storage/SuperThinking/03_embeddings.json,.json,331,2026-02-13T11:54:09.008714,False,07cea05205207497714802b631c29ee3edbadbe31141514a868c16e9eda72a2a
ingestion/v2/rag_storage/SuperThinking/03_nodes_chunks.json,.json,1528,2026-02-13T11:54:01.697628,False,0e8e71c91f8a22d586ffac86aee130d6144a1d2163adab495d82e6c036b1c6e3
ingestion/v2/rag_storage/SuperThinking/progress.json,.json,321,2026-02-13T11:54:09.459740,False,22885b44e92ea01673f15c3c17cbf52a9cebdedaac23e084ed7d7d09a1c72a66
ingestion/v2/rag_storage/The Courage To Be Disliked/00_canonical_text.txt,.txt,364794,2026-02-13T11:54:20.952913,False,4e119a2110bb8c975af7a613af0bfaaa6de023b362f4f7635c0fae30d807d21f
ingestion/v2/rag_storage/The Courage To Be Disliked/00_raw.txt,.txt,364794,2026-02-13T11:54:20.950824,False,4e119a2110bb8c975af7a613af0bfaaa6de023b362f4f7635c0fae30d807d21f
ingestion/v2/rag_storage/The Courage To Be Disliked/01_chapters.json,.json,378049,2026-02-13T11:59:47.697213,False,6d780016e266a65644629dbc56f856debc789d15694f66fb4815728fb35eea02
ingestion/v2/rag_storage/The Courage To Be Disliked/02_doctrine.json,.json,28466,2026-02-13T12:15:46.631972,False,cb0c3ecc9685f2ed26f19df7bb570d92e39f4d4038735b1a674c2e22b84f1bc4
ingestion/v2/rag_storage/The Courage To Be Disliked/02_doctrine_chunks.json,.json,9741,2026-02-13T12:15:46.599177,False,66d5785ff5b27e307f13cf9c9adc5756c89ec4732633925ad7d5a1605bb3be66
ingestion/v2/rag_storage/The Courage To Be Disliked/02_doctrine_errors.log,.log,4164,2026-02-13T12:15:46.593654,False,bd7729236e2b9471017869cec60928ad625c4f6236e54a334b9d1dd5ae402666
ingestion/v2/rag_storage/The Courage To Be Disliked/03_5_minister_errors.log,.log,2303,2026-02-13T12:15:55.462065,False,e250777a203801d028654861740c1ff6f116c49673184914dec40db197d2c744
ingestion/v2/rag_storage/The Courage To Be Disliked/03_embeddings.json,.json,331,2026-02-13T12:15:55.420889,False,1aa6234690cd7989477d549413f0c1ea6ab058d2c131b6d4b0c77b238d456826
ingestion/v2/rag_storage/The Courage To Be Disliked/03_nodes_chunks.json,.json,2750,2026-02-13T12:15:46.640008,False,ab4f4868b0fdb4dc9c7c7274d413a63ed8ec93371e75a69b2083ba9460e773a2
ingestion/v2/rag_storage/The Courage To Be Disliked/progress.json,.json,321,2026-02-13T12:15:55.463992,False,ab2f9df3de8dcb0e3da9d451263bf46942ced49726f8cb09d9d013a1da052020
ingestion/v2/rag_storage/The Diary of a CEO_ 33 Laws of Business and Life (2023)/00_canonical_text.txt,.txt,470305,2026-02-13T12:28:39.326839,False,403af03486e75ce488b45ed7c182a917c646aee88e4ebd57e5e51f6f82a3c23b
ingestion/v2/rag_storage/The Diary of a CEO_ 33 Laws of Business and Life (2023)/00_raw.txt,.txt,470305,2026-02-13T12:28:39.325662,False,403af03486e75ce488b45ed7c182a917c646aee88e4ebd57e5e51f6f82a3c23b
ingestion/v2/rag_storage/The Diary of a CEO_ 33 Laws of Business and Life (2023)/01_chapters.json,.json,486840,2026-02-13T12:45:53.029448,False,d73ec59ae1c1bb5137baafafc0089c30379bf3578e45336ab0c474952a2f67eb
ingestion/v2/rag_storage/The Diary of a CEO_ 33 Laws of Business and Life (2023)/02_doctrine.json,.json,44395,2026-02-13T13:25:45.926155,False,55b3e69ad4da8f5cc7665cd4f8a00ef30775c5d87fbe8ec171b18064a2fbef39
ingestion/v2/rag_storage/The Diary of a CEO_ 33 Laws of Business and Life (2023)/02_doctrine_chunks.json,.json,15923,2026-02-13T13:25:45.890602,False,4e6fb59c6af37f7f5b4201546e179f4af8c654c215661968ea060ffc8884e1fa
ingestion/v2/rag_storage/The Diary of a CEO_ 33 Laws of Business and Life (2023)/02_doctrine_errors.log,.log,19663,2026-02-13T13:25:45.882601,False,78bcaae2b7c58b4ade196a9c4d8f81598568137f1718fd4cbd81979aa70685b6
ingestion/v2/rag_storage/The Diary of a CEO_ 33 Laws of Business and Life (2023)/03_5_minister_errors.log,.log,2311,2026-02-13T13:25:56.721351,False,d62e873ddae24febf275a714a0b7cf2b7527a058e09777186001e3c10368ba4e
ingestion/v2/rag_storage/The Diary of a CEO_ 33 Laws of Business and Life (2023)/03_embeddings.json,.json,332,2026-02-13T13:25:56.508399,False,199211a17d6eef0cc78e9922c449c40875f92998790011307aebedf5da13e433
ingestion/v2/rag_storage/The Diary of a CEO_ 33 Laws of Business and Life (2023)/03_nodes_chunks.json,.json,1398,2026-02-13T13:25:45.933903,False,fb67b9535ebe4c0f5da11fbea0fb474c2b6abfc09efa683d972d0125115df687
ingestion/v2/rag_storage/The Diary of a CEO_ 33 Laws of Business and Life (2023)/progress.json,.json,321,2026-02-13T13:25:56.723349,False,bb3ea7025dc913bb9c5fbb5b07b9e6f69a6e254f3c2113bf5ad90f3d43700daf
ingestion/v2/rag_storage/The Myth of Sisyphus - Albert Camus/00_canonical_text.txt,.txt,335641,2026-02-13T13:26:09.192142,False,a3af9465602218c63f121610bb68358009a629fdfcd2890c8005a9e86ef14ecc
ingestion/v2/rag_storage/The Myth of Sisyphus - Albert Camus/00_raw.txt,.txt,335641,2026-02-13T13:26:09.191138,False,a3af9465602218c63f121610bb68358009a629fdfcd2890c8005a9e86ef14ecc
ingestion/v2/rag_storage/The Myth of Sisyphus - Albert Camus/01_chapters.json,.json,346096,2026-02-13T13:44:50.083081,False,2b2acb7591aba6aad374725cc01752c99c24d44f821fcdcd3aaa5cf78b47e1d0
ingestion/v2/rag_storage/The Myth of Sisyphus - Albert Camus/02_doctrine.json,.json,16568,2026-02-13T13:55:28.014422,False,569402bf96fdbdfd38b56fc3d4971c451e413815cced0dc1304e9c4c03710513
ingestion/v2/rag_storage/The Myth of Sisyphus - Albert Camus/02_doctrine_chunks.json,.json,11220,2026-02-13T13:55:27.989665,False,ba045fed6c3789dfc379be80c39068c40472c099a63a225734e54809d3887ff9
ingestion/v2/rag_storage/The Myth of Sisyphus - Albert Camus/02_doctrine_errors.log,.log,6558,2026-02-13T13:55:27.988107,False,dc9b75d552308747db3b579b2555dd6fd5cf9ea4a27dba1d75ba470d31fd69c7
ingestion/v2/rag_storage/The Myth of Sisyphus - Albert Camus/03_5_minister_errors.log,.log,1043,2026-02-13T13:55:28.097463,False,40ccfb9fcba42b31432ba4e7309fbff511c501eeb5d2dbc941b66be2c8d8ae29
ingestion/v2/rag_storage/The Myth of Sisyphus - Albert Camus/03_embeddings.json,.json,319,2026-02-13T13:55:28.029435,False,35ab262a24e59fe4e1dcd9fa3531f67737674f0efafef56eb0f17380c4d7b9da
ingestion/v2/rag_storage/The Myth of Sisyphus - Albert Camus/03_nodes_chunks.json,.json,2,2026-02-13T13:55:28.021929,False,4f53cda18c2baa0c0354bb5f9a3ecbe5ed12ab4d8e11ba873c2f11161202b945
ingestion/v2/rag_storage/The Myth of Sisyphus - Albert Camus/progress.json,.json,320,2026-02-13T13:55:28.098463,False,b26fb92515f8be06e1a37e49faec55c4ff65e820a34fa8837372efcdacea6c6a
ingestion/v2/rag_storage/The Psychology of Persuasion/00_canonical_text.txt,.txt,681207,2026-02-13T13:55:30.369515,False,5291ec814a5d1b4558b365b64c2b3a8e73cb3b58b4ad63fa5762ec5545ecdb16
ingestion/v2/rag_storage/The Psychology of Persuasion/00_raw.txt,.txt,681207,2026-02-13T13:55:30.366515,False,5291ec814a5d1b4558b365b64c2b3a8e73cb3b58b4ad63fa5762ec5545ecdb16
ingestion/v2/rag_storage/The Psychology of Persuasion/01_chapters.json,.json,690052,2026-02-13T15:03:18.603709,False,b622ef2d32a667b2a4936866948158cd34152f456f0fa2978294daa55b8c49b4
ingestion/v2/rag_storage/The Psychology of Persuasion/02_doctrine.json,.json,22216,2026-02-13T15:26:05.528045,False,ee182748be642cbc4fbd5866da3019f84f121f699bca50cd0ab46aa5205649b4
ingestion/v2/rag_storage/The Psychology of Persuasion/02_doctrine_chunks.json,.json,4980,2026-02-13T15:26:05.485758,False,38723c75b0fc88ecf7e3f23e90e3db6667df81aa5e7ac0b7dbbbfdd9c16eb86f
ingestion/v2/rag_storage/The Psychology of Persuasion/02_doctrine_errors.log,.log,11004,2026-02-13T15:26:05.472573,False,4861c45186c4c21942cfb10fa9a5359f1fb277776742b5dc66b2938f4920f920
ingestion/v2/rag_storage/The Psychology of Persuasion/03_5_minister_errors.log,.log,1043,2026-02-13T15:26:05.606650,False,40ccfb9fcba42b31432ba4e7309fbff511c501eeb5d2dbc941b66be2c8d8ae29
ingestion/v2/rag_storage/The Psychology of Persuasion/03_embeddings.json,.json,317,2026-02-13T15:26:05.553745,False,2c20ec61e31cd01392f13be7308237fe4af2ed307a54ea2fe1c612f6241a05ce
ingestion/v2/rag_storage/The Psychology of Persuasion/03_nodes_chunks.json,.json,2,2026-02-13T15:26:05.537060,False,4f53cda18c2baa0c0354bb5f9a3ecbe5ed12ab4d8e11ba873c2f11161202b945
ingestion/v2/rag_storage/The Psychology of Persuasion/progress.json,.json,321,2026-02-13T15:26:05.607651,False,b8a4b1211870cc98c504691aafd75b534f06017392ddac11010cbc77412a33fe
ingestion/v2/rag_storage/the-communication-book-44-ideas-for-better-conversations-every-day-9781324001997-1324001992_compress/00_canonical_text.txt,.txt,109824,2026-02-13T23:01:16.134901,False,cbd706de93dcbbbfd2ee9c8c55a07e9c63b84f3894669cb4ee8bd72f612885fb
ingestion/v2/rag_storage/the-communication-book-44-ideas-for-better-conversations-every-day-9781324001997-1324001992_compress/00_raw.txt,.txt,109824,2026-02-13T23:01:16.133853,False,cbd706de93dcbbbfd2ee9c8c55a07e9c63b84f3894669cb4ee8bd72f612885fb
ingestion/v2/rag_storage/the-communication-book-44-ideas-for-better-conversations-every-day-9781324001997-1324001992_compress/01_chapters.json,.json,115866,2026-02-13T23:04:39.042010,False,60b4bbb5d5bba221ec367676bd646d4e68674c679b575efccbd8395e9d341f69
ingestion/v2/rag_storage/the-communication-book-44-ideas-for-better-conversations-every-day-9781324001997-1324001992_compress/02_doctrine.json,.json,16012,2026-02-13T23:22:14.834542,False,156bee569b91105f2ef17625c870990e333b294e943bb3915ec3fe4328c8e959
ingestion/v2/rag_storage/the-communication-book-44-ideas-for-better-conversations-every-day-9781324001997-1324001992_compress/02_doctrine_chunks.json,.json,4782,2026-02-13T23:22:14.819094,False,3a893364064d70e7c72899241bcd13e9bee31befad414cfb00104cd245d4d98b
ingestion/v2/rag_storage/the-communication-book-44-ideas-for-better-conversations-every-day-9781324001997-1324001992_compress/02_doctrine_errors.log,.log,4620,2026-02-13T23:22:14.816876,False,ebeaf7193ec4bad58b7c4bdf96fa962e70e267c2ffa75e55ea15e6fc3a989490
ingestion/v2/rag_storage/the-communication-book-44-ideas-for-better-conversations-every-day-9781324001997-1324001992_compress/03_5_minister_errors.log,.log,1043,2026-02-13T23:22:14.882208,False,36034aae6187636e208a77f1ea6bbf23396879c656ebad89e38e3813b560b6f9
ingestion/v2/rag_storage/the-communication-book-44-ideas-for-better-conversations-every-day-9781324001997-1324001992_compress/03_embeddings.json,.json,319,2026-02-13T23:22:14.846506,False,2d578806da5dcb617630e59f247abfe1e77e57f004580e948e49ff3efd8a5ef3
ingestion/v2/rag_storage/the-communication-book-44-ideas-for-better-conversations-every-day-9781324001997-1324001992_compress/03_nodes_chunks.json,.json,2,2026-02-13T23:22:14.840997,False,4f53cda18c2baa0c0354bb5f9a3ecbe5ed12ab4d8e11ba873c2f11161202b945
ingestion/v2/rag_storage/the-communication-book-44-ideas-for-better-conversations-every-day-9781324001997-1324001992_compress/progress.json,.json,321,2026-02-13T23:22:14.883346,False,7157d0aab12dc7faaaa8cb490dacf8b7659fe654ff1bb98badf375a06319a482
ingestion/v2/rag_storage/the-millionaire-fastlane/00_canonical_text.txt,.txt,735529,2026-02-13T23:35:29.589793,False,5d675a7da6dd6171a2ccc5a4ff5ca5962128eee54265eb8c1146e0b5e5746d14
ingestion/v2/rag_storage/the-millionaire-fastlane/00_raw.txt,.txt,735529,2026-02-13T23:35:29.587413,False,5d675a7da6dd6171a2ccc5a4ff5ca5962128eee54265eb8c1146e0b5e5746d14
ingestion/v2/rag_storage/the-millionaire-fastlane/01_chapters.json,.json,758029,2026-02-13T23:34:43.518563,False,eba4e08e89d7002fe1e6d4ed51e24d760b1f884d798226ab5e0f4e0e25aede44
ingestion/v2/rag_storage/the-millionaire-fastlane/02_doctrine.json,.json,62405,2026-02-14T00:40:43.723273,False,9a9a7df36bde084dd818565bb2ebdb091d13fd157e93cf42af0211f7f9eb2832
ingestion/v2/rag_storage/the-millionaire-fastlane/02_doctrine_chunks.json,.json,16093,2026-02-14T00:40:43.669512,False,7e134c0ab0d3c7a31aca51f7d8cc911eb9ca936a0cfef38df3683a3b2ec48a09
ingestion/v2/rag_storage/the-millionaire-fastlane/02_doctrine_errors.log,.log,28697,2026-02-14T00:40:43.655924,False,dd838a1879317e7a97637f83621c429fa1b21cee40454a5883c4c3471f63f466
ingestion/v2/rag_storage/the-millionaire-fastlane/03_5_minister_errors.log,.log,2311,2026-02-14T00:40:51.987465,False,d62e873ddae24febf275a714a0b7cf2b7527a058e09777186001e3c10368ba4e
ingestion/v2/rag_storage/the-millionaire-fastlane/03_embeddings.json,.json,332,2026-02-14T00:40:51.970683,False,fd6a12e0ab91e6442c9e6738625adc16368d9142ebeeab74fc5fb64ad377f740
ingestion/v2/rag_storage/the-millionaire-fastlane/03_nodes_chunks.json,.json,667,2026-02-14T00:40:43.731277,False,0256c1a0e63334ef00df652e8b05f5f027caea86a817a1e097d307e1bd087fa1
ingestion/v2/rag_storage/the-millionaire-fastlane/progress.json,.json,321,2026-02-14T00:40:51.988473,False,a67a47db1e2e8b803197e3bd1b2e2b735355bf9da2660946b08112cb45b091b6
ingestion/v2/rag_storage/the_magic_of_thinking_big/00_canonical_text.txt,.txt,493390,2026-02-14T00:41:09.128131,False,2da7362276544d091055ffe24981b31408581bcc1f82f5b8117fcbe5ca091e65
ingestion/v2/rag_storage/the_magic_of_thinking_big/00_raw.txt,.txt,493390,2026-02-14T00:41:09.126168,False,2da7362276544d091055ffe24981b31408581bcc1f82f5b8117fcbe5ca091e65
ingestion/v2/rag_storage/the_magic_of_thinking_big/01_chapters.json,.json,501991,2026-02-14T01:05:59.128706,False,e460e3241894cdd04ee277aa6133a365cc1fc5cbf01970ac661a3761774f45d4
ingestion/v2/rag_storage/the_magic_of_thinking_big/02_doctrine.json,.json,22587,2026-02-14T01:29:48.055218,False,27c1db073b335af0fafa561f30f9be0c5c543ddcdf61eece7bfdb68f321dd1fd
ingestion/v2/rag_storage/the_magic_of_thinking_big/02_doctrine_chunks.json,.json,7020,2026-02-14T01:29:48.034629,False,e46eca7f32a75c9400eb24f314939d132a7b0bbba75d089b7e623c31f0005727
ingestion/v2/rag_storage/the_magic_of_thinking_big/02_doctrine_errors.log,.log,11547,2026-02-14T01:29:48.026563,False,f2b42ba31b289bfca8b5024d1a35b00c9d7d0fd257cafa7a2f236ae5c2466c24
ingestion/v2/rag_storage/the_magic_of_thinking_big/03_5_minister_errors.log,.log,1043,2026-02-14T01:29:48.093985,False,36034aae6187636e208a77f1ea6bbf23396879c656ebad89e38e3813b560b6f9
ingestion/v2/rag_storage/the_magic_of_thinking_big/03_embeddings.json,.json,320,2026-02-14T01:29:48.063766,False,6fce1d3dc639d312e9fdb0276e12d7a16a71cd3f532a89c20b63d862dfe023b4
ingestion/v2/rag_storage/the_magic_of_thinking_big/03_nodes_chunks.json,.json,2,2026-02-14T01:29:48.059289,False,4f53cda18c2baa0c0354bb5f9a3ecbe5ed12ab4d8e11ba873c2f11161202b945
ingestion/v2/rag_storage/the_magic_of_thinking_big/progress.json,.json,320,2026-02-14T01:29:48.094994,False,fdd1949226a45e03e39f1fb420f5a1f0e3bc3b5f5e34c8506ec198ffb2734f81
ingestion/v2/rag_storage/The_Psychology_of_Money/00_canonical_text.txt,.txt,314772,2026-02-13T14:25:13.159080,False,708c6a65ebd3152c04817a5bde2ee496af9e97f34e04d1dd7de0db57b9eab90d
ingestion/v2/rag_storage/The_Psychology_of_Money/00_raw.txt,.txt,314772,2026-02-13T14:25:13.158526,False,708c6a65ebd3152c04817a5bde2ee496af9e97f34e04d1dd7de0db57b9eab90d
ingestion/v2/rag_storage/The_Psychology_of_Money/01_chapters.json,.json,324418,2026-02-13T14:37:00.281307,False,d9cc3870d90e2faa90ce0d1187ff599e59b96065a2d9019b05cf9929338e681d
ingestion/v2/rag_storage/The_Psychology_of_Money/02_doctrine.json,.json,32076,2026-02-13T15:03:07.760590,False,8fc53a4c1b7796e0ccdfeca65acbe80749a5916853aa839a05440c41cb340913
ingestion/v2/rag_storage/The_Psychology_of_Money/02_doctrine_chunks.json,.json,14511,2026-02-13T15:03:07.735646,False,d5635d8683f4c7091e76aac40e7f845ab4dfb332cd752adce6a8249e773e3391
ingestion/v2/rag_storage/The_Psychology_of_Money/02_doctrine_errors.log,.log,7325,2026-02-13T15:02:54.625576,False,eb50ee62ecab5635a5acc648fbc1cc1aa19b0529f7156a8e5047132d29be3740
ingestion/v2/rag_storage/The_Psychology_of_Money/03_5_minister_errors.log,.log,2311,2026-02-13T15:03:17.090820,False,9d787abb4a84ec8e5be94616064670674b2722b85890c1f14b2c50a09dd73fe9
ingestion/v2/rag_storage/The_Psychology_of_Money/03_embeddings.json,.json,331,2026-02-13T15:03:15.377968,False,4eac185efaf0b03c96f99b76c832c5a4398bc2f885295c02ea037d8631548dd7
ingestion/v2/rag_storage/The_Psychology_of_Money/03_nodes_chunks.json,.json,13423,2026-02-13T15:03:07.769156,False,c8bca0f88a603dc9356725c75a80f478cc5854bb2ea4aee9cd17164aa2bee247
ingestion/v2/rag_storage/The_Psychology_of_Money/progress.json,.json,320,2026-02-13T15:03:17.094146,False,3a4438b677561923ac7d48fc51796beeb77a09a67617ff26b641f4008d602aa2
ingestion/v2/rag_storage/ThePersonalMBA10thAnniversaryEdition/00_canonical_text.txt,.txt,0,2026-02-13T14:23:17.630244,False,e3b0c44298fc1c149afbf4c8996fb92427ae41e4649b934ca495991b7852b855
ingestion/v2/rag_storage/ThePersonalMBA10thAnniversaryEdition/00_raw.txt,.txt,0,2026-02-13T14:23:17.629244,False,e3b0c44298fc1c149afbf4c8996fb92427ae41e4649b934ca495991b7852b855
ingestion/v2/rag_storage/ThePersonalMBA10thAnniversaryEdition/00_raw_repaired.txt,.txt,0,2026-02-13T14:23:17.628244,False,e3b0c44298fc1c149afbf4c8996fb92427ae41e4649b934ca495991b7852b855
ingestion/v2/rag_storage/ThePersonalMBA10thAnniversaryEdition/01_chapters.json,.json,586,2026-02-13T14:23:17.633246,False,25b1724d48b4490e09efdf902539359b390ac94e60ea1368fddef9c5b57c0873
ingestion/v2/rag_storage/ThePersonalMBA10thAnniversaryEdition/02_doctrine.json,.json,559,2026-02-13T14:23:38.102105,False,cde62c2ae91a96b0f2e9128dd9c23a3643b4b1787620e40af773907092c0ba54
ingestion/v2/rag_storage/ThePersonalMBA10thAnniversaryEdition/02_doctrine_chunks.json,.json,462,2026-02-13T14:23:38.090476,False,19872fc0eef10e4e2277780384a0c7ec201c4201438323197a4b8b51960e09ef
ingestion/v2/rag_storage/ThePersonalMBA10thAnniversaryEdition/03_5_minister_errors.log,.log,2303,2026-02-13T14:24:07.516124,False,cd5a9fb638befaafda6df8cc206b2e9c5dd379847d47c4795adb2799e67adfbe
ingestion/v2/rag_storage/ThePersonalMBA10thAnniversaryEdition/03_embeddings.json,.json,333,2026-02-13T14:24:07.473274,False,5246cf9efa655299e8afe5de638b2759cc95eb16b9e8d45c5686d6422fdbf37e
ingestion/v2/rag_storage/ThePersonalMBA10thAnniversaryEdition/03_nodes_chunks.json,.json,443,2026-02-13T14:23:38.107832,False,03d5c7b2983dca8206836e2130edd6d99881428ab2bb2ab1db19f1c43e02d376
ingestion/v2/rag_storage/ThePersonalMBA10thAnniversaryEdition/progress.json,.json,320,2026-02-13T14:24:07.518925,False,26006c9c48b822a8e69161913ef047fa143671f27aca849bd536feb57587492c
ingestion/v2/rag_storage/TheRighteousMind/00_canonical_text.txt,.txt,0,2026-02-13T14:24:09.476867,False,e3b0c44298fc1c149afbf4c8996fb92427ae41e4649b934ca495991b7852b855
ingestion/v2/rag_storage/TheRighteousMind/00_raw.txt,.txt,0,2026-02-13T14:24:09.475867,False,e3b0c44298fc1c149afbf4c8996fb92427ae41e4649b934ca495991b7852b855
ingestion/v2/rag_storage/TheRighteousMind/00_raw_repaired.txt,.txt,0,2026-02-13T14:24:07.607792,False,e3b0c44298fc1c149afbf4c8996fb92427ae41e4649b934ca495991b7852b855
ingestion/v2/rag_storage/TheRighteousMind/01_chapters.json,.json,482,2026-02-13T14:24:07.613699,False,ab34afa6e43b0d4a2963e851fb5977c337affc266261b4273ee985bdbe38544e
ingestion/v2/rag_storage/TheRighteousMind/02_doctrine.json,.json,478,2026-02-13T14:25:11.610481,False,f7fef39dec93ee8ce8881f2ba571806ceff3a463f5f0e561d74e81415f4267b3
ingestion/v2/rag_storage/TheRighteousMind/02_doctrine_chunks.json,.json,316,2026-02-13T14:25:11.599500,False,243b8aca7c192a550ec060911e21d8811708cd0a1860814799f3ff51f0399714
ingestion/v2/rag_storage/TheRighteousMind/02_doctrine_errors.log,.log,60,2026-02-13T14:25:11.599500,False,054ab040470e2e3b563a825e40d2a3994e55bb9486ba00c96f9c7b03c0476527
ingestion/v2/rag_storage/TheRighteousMind/03_5_minister_errors.log,.log,1043,2026-02-13T14:25:11.636018,False,40ccfb9fcba42b31432ba4e7309fbff511c501eeb5d2dbc941b66be2c8d8ae29
ingestion/v2/rag_storage/TheRighteousMind/03_embeddings.json,.json,320,2026-02-13T14:25:11.620631,False,ac0a7eeecddcc3fd3431d0a6ce72b87731a052d45032920a667b27573800de18
ingestion/v2/rag_storage/TheRighteousMind/03_nodes_chunks.json,.json,2,2026-02-13T14:25:11.616525,False,4f53cda18c2baa0c0354bb5f9a3ecbe5ed12ab4d8e11ba873c2f11161202b945
ingestion/v2/rag_storage/TheRighteousMind/progress.json,.json,321,2026-02-13T14:25:11.636990,False,2e62391e85ac06c0d8a092fb2950b035c638ef0e082accf292da7cf2cbb1ab58
ingestion/v2/rag_storage/think-again-the-power-of-knowing-what-you-dont-know-random-house-large-print-grant-adam-z-lib.org_/00_canonical_text.txt,.txt,583563,2026-02-14T01:29:52.228087,False,99c11e2ab5b70ef9bd26cf5eda5d42e73b0efc26429eadc88d503d9baaca6785
ingestion/v2/rag_storage/think-again-the-power-of-knowing-what-you-dont-know-random-house-large-print-grant-adam-z-lib.org_/00_raw.txt,.txt,583563,2026-02-14T01:29:52.226087,False,99c11e2ab5b70ef9bd26cf5eda5d42e73b0efc26429eadc88d503d9baaca6785
ingestion/v2/rag_storage/think-again-the-power-of-knowing-what-you-dont-know-random-house-large-print-grant-adam-z-lib.org_/01_chapters.json,.json,600861,2026-02-14T02:24:04.601358,False,b6b993985ea77180417d3a4ee89803a2648fe2f7d9dc85b14eb3d08233ec0443
ingestion/v2/rag_storage/think-again-the-power-of-knowing-what-you-dont-know-random-house-large-print-grant-adam-z-lib.org_/02_doctrine.json,.json,51662,2026-02-14T02:59:35.767860,False,d7d63085861d7cdf8a84f9d816c6f22b06fee45768f7843b43484496adb0c8ae
ingestion/v2/rag_storage/think-again-the-power-of-knowing-what-you-dont-know-random-house-large-print-grant-adam-z-lib.org_/02_doctrine_chunks.json,.json,34117,2026-02-14T02:59:35.722723,False,d744acd4c99d0fc0148bf396f27062f009c4f02e0a2e38dcbec831d08a7557c5
ingestion/v2/rag_storage/think-again-the-power-of-knowing-what-you-dont-know-random-house-large-print-grant-adam-z-lib.org_/02_doctrine_errors.log,.log,16911,2026-02-14T02:59:01.137745,False,78dc6722fd71da5dd0cad743e7f6615f117247b5d89a63f8f4ca8cb1f113e5cf
ingestion/v2/rag_storage/think-again-the-power-of-knowing-what-you-dont-know-random-house-large-print-grant-adam-z-lib.org_/03_5_minister_errors.log,.log,2311,2026-02-14T02:59:41.092296,False,d62e873ddae24febf275a714a0b7cf2b7527a058e09777186001e3c10368ba4e
ingestion/v2/rag_storage/think-again-the-power-of-knowing-what-you-dont-know-random-house-large-print-grant-adam-z-lib.org_/03_embeddings.json,.json,332,2026-02-14T02:59:40.908569,False,5a367e6b47791b15650bcae5f4c5524ddf6edeec2ca0da5128830e940f5c569f
ingestion/v2/rag_storage/think-again-the-power-of-knowing-what-you-dont-know-random-house-large-print-grant-adam-z-lib.org_/03_nodes_chunks.json,.json,30120,2026-02-14T02:59:35.779724,False,67ca53901e4342d4b6d6bc938f36cbd5e545638755ad675899b2b38e59958f5f
ingestion/v2/rag_storage/think-again-the-power-of-knowing-what-you-dont-know-random-house-large-print-grant-adam-z-lib.org_/progress.json,.json,321,2026-02-14T02:59:41.094031,False,8b20bbe6efcc69dfc95f9cd338ea91a35037b71bcd335e3630cae12eccddec0d
ingestion/v2/rag_storage/Thus spoke Zarathustra/00_canonical_text.txt,.txt,470084,2026-02-13T15:26:11.542622,False,0f40e56d10055b7ecbb5a19e9533674b0b0af8806d0feaeb3951f34b8fa725d9
ingestion/v2/rag_storage/Thus spoke Zarathustra/00_raw.txt,.txt,470084,2026-02-13T15:26:11.540623,False,0f40e56d10055b7ecbb5a19e9533674b0b0af8806d0feaeb3951f34b8fa725d9
ingestion/v2/rag_storage/Thus spoke Zarathustra/01_chapters.json,.json,484922,2026-02-13T15:42:11.218686,False,5a793ef76ebf270c337160e2e9c13c8aa2c426ff81435c3d70d29b6ac3a829bd
ingestion/v2/rag_storage/Thus spoke Zarathustra/02_doctrine.json,.json,44509,2026-02-13T16:22:30.730077,False,961fd28ad0ce2ae737e6b572c536b68385044de5b5e47bcf9cabb7702ae938ab
ingestion/v2/rag_storage/Thus spoke Zarathustra/02_doctrine_chunks.json,.json,11748,2026-02-13T16:22:30.713552,False,c6f79dc3e0bf7918db2fd7e690828b4d39892b4000dc01ed535bf13af1e17b0f
ingestion/v2/rag_storage/Thus spoke Zarathustra/02_doctrine_errors.log,.log,15239,2026-02-13T16:21:42.016124,False,92c80cbd59c97232d7f042dd07f2c0c1f003c44d1ac322deb268afd1788090eb
ingestion/v2/rag_storage/Thus spoke Zarathustra/03_5_minister_errors.log,.log,2313,2026-02-13T16:22:40.292342,False,10b4762c104d72565bbeab392351455d3d3d0b63441dc08fabe43befe824c666
ingestion/v2/rag_storage/Thus spoke Zarathustra/03_embeddings.json,.json,331,2026-02-13T16:22:38.256403,False,1ef0fb278156658a7cc23b4d851f2c737a6e28f51e370ac11b42a35ad0e5562d
ingestion/v2/rag_storage/Thus spoke Zarathustra/03_nodes_chunks.json,.json,12059,2026-02-13T16:22:30.735839,False,77a00dd91f96ac676df97b248b7c97204fa9545888a251254b960f8f9773aae5
ingestion/v2/rag_storage/Thus spoke Zarathustra/progress.json,.json,320,2026-02-13T16:22:40.294857,False,7eb6d3125c00baaa2f6975a48b48a0d3b5d132eae1286668cad4260f2aa7273d
ingestion/v2/rag_storage/Win-Your-Inner-Battles/00_canonical_text.txt,.txt,153013,2026-02-13T16:22:41.177474,False,be1900511904efc9b5b3c135a1fa0ed1dc444907b72aef95064205b4ad2b0164
ingestion/v2/rag_storage/Win-Your-Inner-Battles/00_raw.txt,.txt,153013,2026-02-13T16:22:41.177474,False,be1900511904efc9b5b3c135a1fa0ed1dc444907b72aef95064205b4ad2b0164
ingestion/v2/rag_storage/Win-Your-Inner-Battles/01_chapters.json,.json,157955,2026-02-13T16:46:03.716017,False,75d19c5763e184e1143909b034fab1903c63490b9ebc130202d93625d741c3fd
ingestion/v2/rag_storage/Win-Your-Inner-Battles/02_doctrine.json,.json,13775,2026-02-13T17:00:32.140387,False,118b27ed27399c41ee69c9d8dc2f869eaee388a18d688a6373a4107d79f9e09f
ingestion/v2/rag_storage/Win-Your-Inner-Battles/02_doctrine_chunks.json,.json,10900,2026-02-13T17:00:32.124364,False,5c43abc1f40210eba2481298eccf886554d7d22468d8f5bb47de175c7e427dc1
ingestion/v2/rag_storage/Win-Your-Inner-Battles/02_doctrine_errors.log,.log,6903,2026-02-13T17:00:32.119621,False,90cc7b5aae5c7d98d5cc1c06e71f711766f75841e54f1f12f2bd694190b701f4
ingestion/v2/rag_storage/Win-Your-Inner-Battles/03_5_minister_errors.log,.log,1043,2026-02-13T17:01:39.594497,False,36034aae6187636e208a77f1ea6bbf23396879c656ebad89e38e3813b560b6f9
ingestion/v2/rag_storage/Win-Your-Inner-Battles/03_embeddings.json,.json,331,2026-02-13T17:01:39.258201,False,1b1d1927913efb47d4ed1581c626675f57efe517c5e37870843e7a3093ae775d
ingestion/v2/rag_storage/Win-Your-Inner-Battles/03_nodes_chunks.json,.json,1098,2026-02-13T17:00:32.144386,False,9644fd6daec4e4125f825d4870cccb1795182d5471dc6e8cf51441961930a632
ingestion/v2/rag_storage/Win-Your-Inner-Battles/progress.json,.json,320,2026-02-13T17:01:39.594497,False,a4204eaf4f353613e453cbffc157e0e58f0f860c628623bc976d439d29518483
ingestion/v2/rag_storage/Your Next Five Moves Patrick Bet David/00_canonical_text.txt,.txt,490619,2026-02-13T17:01:50.803435,False,4e0f316439f1a322de56ba3f9675928da35c8a96527b56ead9a33bd51880cb11
ingestion/v2/rag_storage/Your Next Five Moves Patrick Bet David/00_raw.txt,.txt,490619,2026-02-13T17:01:50.802429,False,4e0f316439f1a322de56ba3f9675928da35c8a96527b56ead9a33bd51880cb11
ingestion/v2/rag_storage/Your Next Five Moves Patrick Bet David/01_chapters.json,.json,512066,2026-02-13T17:08:08.284402,False,57f1d5b4306bd1ad4873501a34fc8a51c4b007dc85f809dffeacb4a55704a016
ingestion/v2/rag_storage/Your Next Five Moves Patrick Bet David/02_doctrine.json,.json,45572,2026-02-13T17:30:21.040729,False,9ff86cb271aece4441fd975e29a8fcad904f5ab73dd5e56c7272355fa87d7b76
ingestion/v2/rag_storage/Your Next Five Moves Patrick Bet David/02_doctrine_chunks.json,.json,18991,2026-02-13T17:30:21.019439,False,d625802f5c8f0556af8ccd85f2d6e44655752afe5db7f60059d11691b2dfe55d
ingestion/v2/rag_storage/Your Next Five Moves Patrick Bet David/02_doctrine_errors.log,.log,16847,2026-02-13T17:30:07.227270,False,9ce6cb3a16875e0c107e4bbf9dc508b90ece967712132cceb1bc4a7f3dbb2071
ingestion/v2/rag_storage/Your Next Five Moves Patrick Bet David/03_5_minister_errors.log,.log,2313,2026-02-13T17:30:28.325637,False,10b4762c104d72565bbeab392351455d3d3d0b63441dc08fabe43befe824c666
ingestion/v2/rag_storage/Your Next Five Moves Patrick Bet David/03_embeddings.json,.json,331,2026-02-13T17:30:28.314617,False,d95993efd7e9ad6334a3c7faa6e748ce7b0b7741c1d6e814ce740ed801e2cddd
ingestion/v2/rag_storage/Your Next Five Moves Patrick Bet David/03_nodes_chunks.json,.json,10558,2026-02-13T17:30:21.044738,False,795715af9b22187504cf21e5b1629ad328e150895498bed2c6a2ad680c2ef2c0
ingestion/v2/rag_storage/Your Next Five Moves Patrick Bet David/progress.json,.json,321,2026-02-13T17:30:28.326637,False,26f188fbbda26417bf33b7e9449b4c8c7bec8e8bb7fa2fc973193729925f06e1
ingestion/v2/run_all_v2_ingest.py,.py,1612,2026-02-19T19:52:44.390464,False,f8ccfbbaf93c8fa5b2dab68069ca30a735947602a82ab8d70e03334ad7287eb9
ingestion/v2/scripts/generate_chapters_fallback.py,.py,968,2026-02-14T15:08:53.483999,False,6689f214e5bb9c7655699a093cbc166db698755d8a8fb0fe87d0b362c4ac9fe5
ingestion/v2/src/__init__.py,.py,2164,2026-02-14T15:08:53.483999,False,5f7b3d6440a4c1a8332cd5c41433e448d048344cb1e32764997b989f18a89761
ingestion/v2/src/adaptive_controller.py,.py,10217,2026-02-14T23:45:45.294418,False,120f77a35a1cacb8389064c8f242b653cb530b0016633449f90e8e9bb60adfbb
ingestion/v2/src/async_doctrine_workers.py,.py,8710,2026-02-14T15:08:53.483999,False,034a9431f035bcf53ba1b34cdebdbe080b707cf3014c6865c6470ce05b8fe6e0
ingestion/v2/src/async_ingest_config.py,.py,2126,2026-02-14T15:08:53.482999,False,25a1543fb8cb70064130bf768e3ad23cb206055601db12378121862d3ffab0da
ingestion/v2/src/async_ingest_orchestrator.py,.py,8219,2026-02-14T15:08:53.483999,False,ce630f59f499a20db4bac79577177bdf90e84788b4415effe858fc3a09a93832
ingestion/v2/src/async_ingestion_orchestrator.py,.py,13200,2026-02-14T23:46:50.743582,False,623dc2f9d9d45ea4bf969a9de6116733a6f2e6611d7ac6cb65e05fa2efaf5821
ingestion/v2/src/ASYNC_PIPELINE_GUIDE.py,.py,17753,2026-02-14T15:08:53.483999,False,aabe6a59d904e675a9881d993ff31420187a90af66798e92a776a527b030fde4
ingestion/v2/src/async_workers.py,.py,20345,2026-02-14T15:08:53.483999,False,eff937cd089abf6224414124543a21f45e21df390bdd3c7a3e79e9ff6bb5b0f4
ingestion/v2/src/benchmark_harness.py,.py,14850,2026-02-14T23:47:39.552145,False,604bb112c6f693ac2459332e3226552fab2192cd331c89bb84453c584dd00d23
ingestion/v2/src/capital_allocation.py,.py,10545,2026-02-14T15:08:53.482999,False,20fe35edf6eeebf768a1de0f802de78d9efaa8d666cf46f759fbe6c2b7ab5892
ingestion/v2/src/chapter_splitter.py,.py,6169,2026-02-14T15:08:53.483999,False,2219f686573c842bd1729c3656092d18dc5c54301bcdc1373091bd577116f544
ingestion/v2/src/config.py,.py,6875,2026-02-14T15:08:53.484999,False,ba9a7dfe009a22891a2b01309bb2baf518201ef5e806d1f1cd2625e9478a1e8d
ingestion/v2/src/DELIVERABLES.md,.md,10392,2026-02-14T15:08:53.519999,False,3a9af5f0d51c556a1ab1915f9e15468a7b4ab020cc88c9ea4804ff4510cede56
ingestion/v2/src/demo_async_pipeline.py,.py,2430,2026-02-14T15:08:53.483999,False,bfb7f459f4f5d251b425146064f0402dbc0b8ab71d1264b1bad820d31814595f
ingestion/v2/src/distributed_queue.py,.py,11406,2026-02-14T23:46:06.611070,False,682d204a4fdb399c030b995fa0faeca125248ea2f29af750901092c7ec233203
ingestion/v2/src/doctrine_extractor.py,.py,17721,2026-02-14T15:08:53.484999,False,cb000e1c9e8439c116e3cf5995dcb7437e47cd2cad25b233186d81b219f3dd58
ingestion/v2/src/embeddings.py,.py,6789,2026-02-10T17:12:19.923698,False,4dff7b98c435f9c34426169e80a0103d240f8f01206e0375f35fd74f84aebc7d
ingestion/v2/src/IMPLEMENTATION_REPORT.md,.md,13973,2026-02-14T23:50:59.046967,False,aa1bdfb9d53f6e9f93efac90e558ca970e065b0a45f4958cb59610f14c1c890b
ingestion/v2/src/IMPLEMENTATION_SUMMARY.txt,.txt,15599,2026-02-14T15:08:53.483999,False,482290f9c651c3e4076083e49d061e9e4107ec3d7c9664d64ec89c3e171ca6e9
ingestion/v2/src/ingest_metrics.py,.py,3871,2026-02-14T15:08:53.482999,False,c3be6d821dcef7a912ad140998a1799f39c4081ea6a74dffc488595d2b5037d5
ingestion/v2/src/ingest_pipeline.py,.py,33923,2026-02-15T04:05:58.021116,False,c13e4218b30ffb6531ec5f665a217c986a3def515ba357f303b6595a9de936cc
ingestion/v2/src/ingest_workers.py,.py,11531,2026-02-14T23:46:27.269191,False,87d57ab7952626d90e108ee4b9a6735a18ae8fb8196e9e7fbe768136e45ee118
ingestion/v2/src/ingestion_config.py,.py,10638,2026-02-14T23:54:24.087054,False,4d8cdfe2fd1c37dbfed43c1237e997d680f5fe03e4ff7a3294279df16fba7b48
ingestion/v2/src/ingestion_kis_enhancer.py,.py,15157,2026-02-15T00:36:13.203857,False,48762f55dcb086db6a089baa0908f79ad65e1987dd6c861dff274c2061573e02
ingestion/v2/src/integration_examples.py,.py,10594,2026-02-14T15:08:53.483999,False,c4b4dcc2e58d0b510549a8bbd2986f0b5fb436764fd05b1bf38550e6bdefab63
ingestion/v2/src/INTEGRATION_GUIDE.md,.md,13858,2026-02-14T23:49:51.453451,False,6eee63589fe5525db378be5118356e3796831ae255bdef95866393f29e9faccd
ingestion/v2/src/memory_db.py,.py,7609,2026-02-14T15:08:53.482999,False,4cb22a03e4820a6e3d9ccdafcd3983befa6cd613b7035d0283b937ce0393cce4
ingestion/v2/src/minister_converter.py,.py,13119,2026-02-14T15:08:53.481001,False,41717d3540414609d83d71e356d0ba529b37d20529f69ec0a0b6941fad7acb9b
ingestion/v2/src/minister_vector_db.py,.py,6909,2026-02-14T15:08:53.481999,False,23f5b113db8215dcee99d082ac0372b790c9f6eed24e5fcae9a603a18fb051a9
ingestion/v2/src/ollama_client.py,.py,7265,2026-02-14T15:08:53.484999,False,618c52695462c1d8991a12e7456458e2fee6763d60cbc79447ff5484c0e617b2
ingestion/v2/src/pdf_extraction.py,.py,2522,2026-02-14T15:08:53.485999,False,2ceb3ec4111d186d6ce5fb5d26074651bf978a3f04993c2d91d88b07fda851f4
ingestion/v2/src/progress_tracker.py,.py,2896,2026-02-10T17:12:38.617216,False,d8be5bf1ca05f72c8523a462b96bfcba7caa5c677eb4c18f295bd2da95bbf5b0
ingestion/v2/src/quickstart.py,.py,10693,2026-02-14T23:54:47.868979,False,ad7cde0b0815f46978ed06ececb0f0affd8532f81fcc1df1dea1874fa9aa8f32
ingestion/v2/src/rate_controller.py,.py,4603,2026-02-14T15:08:53.482999,False,303086534c5ebfcc6fb482fd5c77b9ff93be59ac6bdf839990a0f85e7dc098b1
ingestion/v2/src/README_ASYNC_PIPELINE.md,.md,10296,2026-02-14T15:08:53.519999,False,7d3be08c31d752cb5db32408e712db4c3375f56ac297c40466bd7a5749fbf44a
ingestion/v2/src/README_PRODUCTION_PIPELINE.md,.md,14320,2026-02-14T23:48:37.842153,False,758fa79e7c28ae14d45737ac31f46d21712498d7d260d3e4fa3ad9f33968043d
ingestion/v2/src/utils.py,.py,3935,2026-02-10T17:10:24.506276,False,604ac14f9e23c5c75c1d07d48f57f31f798be13828501ea97b6148fc5d8ab471
ingestion/v2/src/vector_db.py,.py,6957,2026-02-14T15:08:53.482999,False,4b8a6dc97cfb17a6a4666a4dca3dde1df26e58d38b6fa1fe2178eaabe106a219
ingestion/v2/src/VERIFICATION_CHECKLIST.md,.md,6027,2026-02-14T23:51:23.170743,False,47a788518adabae5893b0b3d0982547da7d76cdbd0bd8703c99dbbaaee92eaed
ingestion/v2/src/verify_installation.py,.py,5468,2026-02-14T15:08:53.483999,False,85831a7a28008a0470dabb46a0b90bb3ba1c9bbedfe8a9aef12e1d493ed11da9
ingestion/v2/STEP_2_COMPLETION_SUMMARY.md,.md,11377,2026-02-15T00:22:53.746114,False,11387ce76c3ccbe6e46ca24e77ea7dcb54350c5711bb1d109033e5a8127b25d3
ingestion/v2/STEP_2_VERIFICATION_COMPLETE.md,.md,5855,2026-02-15T00:47:48.359746,False,33e149f1aac5b2a21dfe9297c7ef3b567f1bb20c0c9701dd0dc079284d40e024
ingestion_kis_full_test.log,.log,23430,2026-02-15T00:56:09.023254,False,689d646bbe7c1b36ce170ae5144a8f52845dc1b00af2a93432610680c5f18f92
knowledge/embeddings.npy,.npy,21632,2026-03-02T17:21:12.030675,True,61e50ec87c1791db26ca2260df46865784c472213efd15d60b9df16fd88fafde
knowledge/principles.json,.json,1429,2026-03-02T17:16:40.302527,False,065154b382f99624f6464376e1a3e71b1ac8e1efb841462e84a27f6ab1d42517
live_metrics.json,.json,3614,2026-02-15T11:54:04.794731,False,12ba4c5ca12c08992c6c25ec48a9b254cfe46300d605aa0e5dcdaf5b3f1b0303
llm/__init__.py,.py,318,2026-02-15T16:10:18.541909,False,dd5540d0ee01e0be55e20e4a35b918e9456ac1d34165c31910d1165295f7eafe
llm/interactive_llm_conversation.py,.py,7468,2026-02-14T15:08:53.485999,False,705ea124ac3d7357fc975aa57f8d302d5f5c2b4e709253c6601a6df744b962d0
llm/interactive_persona_chat.py,.py,1720,2026-02-14T15:08:53.485999,False,f1004809424e3ef4a68174e5299016c9832944049a1eabdfd757b5de9c2b6cd3
llm/ollama.py,.py,1489,2026-02-15T05:12:47.715445,False,558a3afa3e62db440ad461b078ebc612645283a87a068e2dd2297370ac3f4075
llm/ollama_model_selector.py,.py,2375,2026-02-15T04:34:21.809351,False,80cff09b1b4d106d57c3f4b3644642a0d38dce1fdd3540b2b7fe01ebb306af47
llm_conversation.py,.py,9367,2026-02-19T17:08:29.434966,False,3872457deea2ea976e898ebe169283df3868414ad8426b2935cc078d2c740810
logs/463e069d.log,.log,726016,2026-02-15T11:54:04.793602,False,2deff63bbeb4f267b0d73500592535681adca423beb041e454dfdc39e8c37575
logs/7bf8e511.log,.log,2434,2026-02-15T04:56:44.254271,False,4cb62528a460ade6db4f3f32a699de710cb91c7d377d284b68e0adfaa95c6834
logs/7dcd692d.log,.log,2438,2026-02-15T04:56:44.255271,False,d920064ee929346f3f7517db180216a6c66b51ab4a0748be86d0f11bc2db4db5
logs/a5522752.log,.log,828744,2026-02-15T11:54:04.793602,False,ef4326c4c7a31ec6337e4934b147feea7265eca88efb46046285db2894ad720a
logs/f7672858.log,.log,701388,2026-02-15T11:54:04.793602,False,0ec846fb092fd8df7b4936b1e299cfac9d33bcccd02eaa1e5f30233a4bbe4c7a
logs/live_exchange.json,.json,50274,2026-02-15T05:35:42.294013,False,d61a070ad54c9020795d090212b4d9f685569d0b4af288ae43d67484e98f888d
logs/live_exchange_persona.json,.json,7360,2026-02-15T05:14:29.478227,False,eca6d4302bb3ed73f1bbfececee7934a153ad2c97efb54a84fb38e99cc7706ee
memo.txt,.txt,6916,2026-02-19T21:28:12.373654,False,e00944c0e1c8d360f9f742ef070af75acfb56775cfd8d3e87f03d9fb1f41a169
Memory/2026-02-19.md,.md,3073,2026-02-19T20:09:49.005721,False,a05350b1eb12eff3b1013febe6b47622732feb73797c8c5ed30ed5698dadbd78
Memory/pwm.py,.py,5244,2026-02-11T00:45:02.999008,False,9070cb48193af5782bc82a5cf094d25d3f4c14f49b796c04173b7ed081c79c7c
Memory/schema.sql,.sql,4612,2026-02-11T00:41:01.296651,False,7d636dce42c280cb412173b4ca229854ea55a5188919ef075e821b55baa3df94
Memory/templates/commit_decision.txt,.txt,827,2026-02-11T00:41:37.910018,False,46b0c088586b08cc3b3c7fb56cbddf4e511bb4469a82b78b2fbf6a7a6e3d19ba
Memory/templates/confidence_scoring.txt,.txt,634,2026-02-11T00:41:30.578298,False,98e6cbce1b3d8ca33a73e2cf94c6f9462b964f7fa0c66e1ccbc7fac194b6bdf4
Memory/templates/hypothesis_generation.txt,.txt,877,2026-02-11T00:41:22.601961,False,76f20c64f39c2860565bbaffdb32707b0497346114203e05283b01337570a7a3
Memory/templates/memory_write.txt,.txt,563,2026-02-11T00:41:42.605304,False,622ee773491f9f3bd0700c86a78fa1ce7a06c6280936b6236b82f81f54e57ea1
Memory/templates/session_summary.txt,.txt,619,2026-02-11T00:41:05.753897,False,cda3d3d01b6be6a5855607090a17dc0980f1115bde0af9ba881d7e294108c3b8
Memory/templates/signal_extraction.txt,.txt,699,2026-02-11T00:41:13.161344,False,ce94f6e3980d3727c28cc646badac78cdbb4c8f47d6715807ebdb39d18384035
milestone3_gate_report_control_semantic_full.json,.json,2683,2026-03-02T13:10:14.714527,False,a800fc9dfcdf7e43ce471770f366d93e6f571135850b730890145de388768590
ml/__init__.py,.py,1763,2026-02-15T00:36:42.453442,False,f5116a9c26c53c504991711564d0831474608f75464e7fafbae22c8b1de3599b
ml/cache/ingestion_kis_logs.json,.json,78936,2026-02-15T01:25:36.858054,False,0c0242063f18c1fa20d03da9a717ebb482d7de6bcd479406830309a0700dd3e0
ml/cache/outcomes/outcome_index.json,.json,56491,2026-02-19T19:50:35.584128,False,5559611a5f516fa6f370f9c4a7d0aeca3d2c5df0a7e427d541e81c05490b43d7
ml/cache/outcomes/outcome_records.jsonl,.jsonl,1046922,2026-02-19T19:50:35.581199,False,62a32ac80438a0ffa4cef384d24449cb99f2183813017a163e76ef73498ab5f4
ml/cache/training_datasets/training_dataset_20260215_041612.json,.json,2333,2026-02-15T04:16:12.965748,False,e0d7a3e098198a4aae126b99f5e25a5da78e3a3fde7913f5fb050fe1a2f417db
ml/darbar.py,.py,1609,2026-02-15T04:42:31.367046,False,8239d75cc44ae9852f455c73ed2b95457dcf8759e3a06968841aa01f9c751120
ml/doctrine_update.py,.py,0,2026-02-15T16:34:05.601792,False,e3b0c44298fc1c149afbf4c8996fb92427ae41e4649b934ca495991b7852b855
ml/features/__init__.py,.py,666,2026-02-15T00:13:11.864966,False,49a14a1ece6cab65eea9f1acfb46bc571071601224701a6d87e35d86707d6687
ml/features/feature_extractor.py,.py,10626,2026-02-15T00:09:40.375649,False,76ec09714c3e56a164023004501d34325b7e3a71b7845ae60bb5e38c561e7e9e
ml/IMPLEMENTATION_COMPLETE.md,.md,14761,2026-02-15T00:14:43.439759,False,3c5cdb4dcb5160b149d512df67271419ca4e70faafd7208cd831fd51fbd26486
ml/judgment/__init__.py,.py,175,2026-02-15T00:13:17.865035,False,b9d8e55dc60045450378d25e254d59f691a9d14d03b5047ac3e5786d7b4a9481
ml/judgment/ml_judgment_prior.py,.py,8799,2026-02-19T21:41:28.350600,False,5a5aa9a68e45081afad0801fcbab0a29aa0e42e3226445111dd3e2df8f7963ea
ml/kis/__init__.py,.py,299,2026-02-15T00:13:08.266834,False,2746f5fad26670d9eb58b613c5787ac49b6d0873f96296628ad8a2b8b762b080
ml/kis/knowledge_integration_system.py,.py,15895,2026-02-19T21:41:45.468291,False,43e847d9c8a0de31b035d41e72aa12de1dc654d6fdc548853678c1a51bbf1d4a
ml/labels/__init__.py,.py,330,2026-02-15T00:13:14.667119,False,1939816d1e1419f9b4b4420ce33767e8e591d403e71f219bc223dab99fdbe183
ml/labels/label_generator.py,.py,9449,2026-02-15T00:10:01.412140,False,e3f3e5905a8281d6b2b8b93a62574e91a48113595679430049e22efd0893b563
ml/llm_handshakes/__init__.py,.py,484,2026-02-15T00:13:21.963350,False,7d0b0c97f3d0a554e458c781e78da00a8853eb13f2bcbeb850a6b6382dd16733
ml/llm_handshakes/llm_interface.py,.py,16353,2026-02-15T04:09:41.283940,False,465a58d6d71b80cfec433c2267c5ddc2c0e9403a9a9ddf36b7e795ab8c83daab
ml/minister_retraining.py,.py,0,2026-02-15T16:34:05.580993,False,e3b0c44298fc1c149afbf4c8996fb92427ae41e4649b934ca495991b7852b855
ml/ml_orchestrator.py,.py,14653,2026-02-15T04:43:11.673407,False,aafc5d5b1d0d4ec9f8666e796ad283608306a3a4b5c58d8f7d2adab0883951e3
ml/outcomes/__init__.py,.py,268,2026-02-15T04:14:04.467306,False,5a69d4af29ffe0cac9fe835829635155ab2111ba160004827c24200196252ce0
ml/outcomes/outcome_recorder.py,.py,14743,2026-02-15T04:15:37.622571,False,042ac0acf5d2fdcc6c304c116aff360efbc4bb95b10a04b956555a401bf872da
ml/pattern_extraction.py,.py,11024,2026-02-16T06:36:42.755088,False,ff9da6499c883836a1b2ec6ebc4b8e72cd970a25d9eb77263284208de704f448
ml/quick_test_ml.py,.py,3514,2026-02-19T14:40:28.532592,False,b66bdcf51ac10c24fb42e7ef89aa99e1def9b0064db8d2a60bffe78da4653e2f
ml/QUICKSTART.py,.py,11232,2026-02-15T00:13:53.197819,False,80e2276aa43d771c730b25eb6044d3bb61f2cad40ee216ea8af024e806af62ef
ml/README.md,.md,15814,2026-02-15T00:12:59.307769,False,7dfdf429ec606ef031703a81e2572a59f1f9a2c2789ffe19c4711346405eb6c5
ml/reward_shaping.py,.py,819,2026-02-15T04:42:25.144381,False,9b9c2621931aa0382d65e841078e82451c5124caa6be707fc92893991321ec8d
ml/sovereign_orchestrator.py,.py,25136,2026-02-21T12:30:01.234931,False,007d2cbebc5dc72078025b08da0903caab251cfc85914044347a7d4d096c2011
ml/system_retraining.py,.py,2981,2026-02-15T20:46:09.002313,False,79e61bc3e5d5a2fdfaf6a8db4c4927766f440af47375be7de49846999b85d8b1
ml/test_ml_learning_loop.py,.py,6215,2026-02-19T14:24:07.068779,False,933a6267ed0dae45e0ff5d9e9abac0921a3a8714aba6a4309867da20d25680c3
ml/tests/__init__.py,.py,137,2026-02-15T00:13:24.469313,False,6ca2e96baeccccf3c51c8eed5b37541f2152208b364a8f53b98373f9d75184ac
ml/tests/test_ml_wisdom.py,.py,14091,2026-02-15T00:12:14.311195,False,9a5c771bc40bb3e71f6d6bef5fdbc821d1ab7f8cb9f0f38f2e9f7721cf6833b2
ml/vector_memory.py,.py,2398,2026-02-15T04:42:20.536990,False,11e3ed456f764da98eae810b19957ca84c9747560cdee4ecd7e9c136cafd3835
multi_agent_sim/__init__.py,.py,731,2026-02-15T16:05:14.830176,False,16079918ee14169023326889d85835d2265c85b5fa7372d772db97cae2757df4
multi_agent_sim/__main__.py,.py,890,2026-02-15T16:05:55.933081,False,6e9da800dde2a8154b41c1c1de3a812e83d70b2ddea66a752abac986a9f61b37
multi_agent_sim/agents.py,.py,1769,2026-02-11T01:07:03.872853,False,e117e5e2fce889dc6e6f9664e125b5a588c884e247aa3f32e8ad69d376d7047a
multi_agent_sim/archetypes.py,.py,648,2026-02-11T01:07:09.848439,False,6eb4d957b6e64a6b050a3eedd75f2f6ac6ea4c0308a3e36a943dbdc095810d96
multi_agent_sim/demo.py,.py,953,2026-02-11T01:07:40.204035,False,610834f9ce83342508d5298537e19ab76d487b20fc606548c250f05965904b1d
multi_agent_sim/logger.py,.py,1061,2026-02-11T01:07:19.694278,False,9e0169d7c2a9cd6b4a60bc1f31a3d6bd96fc101bc9bda95b1d1d62bc46886596
multi_agent_sim/orchestrator.py,.py,2713,2026-02-11T01:07:33.678960,False,68ffb776ec3cd80c3e925c37810029f57060f2692237b6bd53e0921c66498a66
multi_agent_sim/run_terminal.py,.py,2327,2026-02-15T16:09:59.883337,False,6188982930fdaef95bf3b531a48b1d110e1ad8ef00c4664caf16d57fae203212
multi_agent_sim/simulation_runner.py,.py,6951,2026-02-17T01:42:34.668009,False,0439219605b892539c43d972dad3a508143511d40fa98b602d2a28f97096d412
multi_agent_sim/terminal.py,.py,8181,2026-02-17T01:34:09.179604,False,edb886ca088f1ad03a51aa02f706ddfc3f9c869758514c147a4a773017b335d9
persona/__init__.py,.py,240,2026-02-17T01:23:13.303496,False,53f6d3de3bfad3622efd1017c4becbf2244b8ce686f325cbf3c63679dd881b54
persona/analysis.py,.py,17303,2026-02-14T23:18:56.750201,False,da3b5f77cd74c7baeba5415710df18335b2c6d8657b4896c64f85d49902e37ec
persona/brain.py,.py,2062,2026-02-10T21:42:37.761266,False,2d375c038c2551e7c411716173faa19ff056afbc31b2613945cd4db59bbc1595
persona/cache_manager.py,.py,9712,2026-02-19T19:53:05.273755,False,469c17df12f7f1c5ad01b1bca3be166f8b0f4fb1837a2573570fe219c1db97f9
persona/clarify.py,.py,3406,2026-02-14T15:08:53.485999,False,7ec76dfa6877d6b366bff22d39a2da4e9b56db05177c3943facd02cfb89354cc
persona/context.py,.py,4847,2026-02-10T21:41:43.877742,False,a166840689aaa3a5279779cc4c62cf337455f1777db131e20374b065d0323a1a
persona/council/__init__.py,.py,1061,2026-02-17T01:24:27.382332,False,a32f2dedf696ad738e4f07006bac579d7053f41134a1ea2907292b6580ae34d5
persona/council/dynamic_council.py,.py,8958,2026-02-19T21:39:05.237696,False,038b84e7ee9d6ecbfa74f44f972b0e7bf4bbb0a2a1c163d5bbdfbc5adc5f685e
persona/council.py,.py,8472,2026-02-14T16:32:42.143898,False,a7474190f5a22b38b0bd075556ade96746239b619e470364541b4c41d8d53e48
persona/DOCTRINE_ENHANCEMENT_REFERENCE.md,.md,11618,2026-02-14T16:32:42.151918,False,bb8a0eec0bd57b6855911f28559f2fd7e473ebd43b43789272d69b6b8069ae82
persona/doctrine_loader.py,.py,6191,2026-02-14T16:32:42.143898,False,093aa9c3bd36b4f90ec44ef34a6024cde8dd6718419637574b08d62c62af898e
persona/domain_detector.py,.py,9152,2026-02-18T03:27:17.855531,False,63a84bbd3e7ab47949cd461166ffb1157271ebe1b0d3af4c234a3ef85a51bf71
persona/knowledge_engine.py,.py,21279,2026-02-18T03:16:50.423960,False,e9c404b1b46d5c9020c93ffc6c217c0be39c255b743ddea2e12d2c2ba6cc81e1
persona/learning/__init__.py,.py,0,2026-02-15T16:33:15.071972,False,e3b0c44298fc1c149afbf4c8996fb92427ae41e4649b934ca495991b7852b855
persona/learning/confidence_model.py,.py,1058,2026-02-15T16:37:22.895040,False,24febfffc0075ad4ffc523dc2fb84752fe2c6f546365310a470587938be4f561
persona/learning/consequence_engine.py,.py,2278,2026-02-15T16:37:19.616971,False,201cbd80d4ecbc829cbc8b0e7f443eadb210f8be6f5585e6cf64d83a1dbac0d9
persona/learning/episodic_memory.py,.py,5459,2026-02-19T21:38:39.462312,False,c2608a0f905b19418172a83823dc4df26962e5c87b4e0b3b682b453ba49bbe6b
persona/learning/failure_analysis.py,.py,3857,2026-02-15T20:45:59.820085,False,40506955dddd6919cd5b96faba8c0f77a8a1c9157a2e8245528d15179a538aac
persona/learning/outcome_feedback.py,.py,3261,2026-02-16T06:26:45.628534,False,044b698a7d307798407cd890abf2b06473313225f4ee5f3ae475459f21cf4f2d
persona/learning/outcome_feedback_loop.py,.py,4449,2026-02-15T20:06:17.891056,False,f68e2bbda39587246ed3252dd69ab8b055e4279814ee57437bda2a9af2b3838b
persona/learning/performance_metrics.py,.py,5422,2026-02-19T21:38:21.937714,False,11ec450a24155a1d6d5f088f79bda4e6593f470ab97635ab2bb84cc7e833af50
persona/main.py,.py,42911,2026-02-18T00:12:24.000141,False,d859735f8b563747ff54b3809d5bf86c3302a726cbc0c6ad171171492a14a2b4
persona/ministers.py,.py,36851,2026-02-14T16:32:42.143898,False,12c16d798b4bda2a1c0b2ea446f465fd7694b916b3f8d97c7e0479184b4bf971
persona/modes/__init__.py,.py,755,2026-02-16T06:57:58.993201,False,ea0d43e5de051c237d812685259870d7bacf6f80c95894ac3ff3ebd9f3dca374
persona/modes/mode_metrics.py,.py,6290,2026-02-16T06:57:53.306521,False,8859138918973ca46d25c8af8a9312b5607edbc2452d1aadcf0486a37d88af2e
persona/modes/mode_orchestrator.py,.py,23092,2026-03-01T13:09:54.690426,False,0e69dbf122504b72ad19434cc923c3cbd5e87fec9c8c228928fcb696984e8bd7
persona/ollama_runtime.py,.py,7394,2026-02-26T18:03:20.439864,False,460a3e7d07eae02a1725ba11df37f76674bd4fcd7e419578d906a805bbb9fa22
persona/persistence/__init__.py,.py,0,2026-02-15T16:33:15.365525,False,e3b0c44298fc1c149afbf4c8996fb92427ae41e4649b934ca495991b7852b855
persona/persistence/conversation_arc.py,.py,4942,2026-02-15T20:08:24.900058,False,ab31599011da2d2892193f1c4cedf8bc5dd7ea0b05c6e6456fd4d8e1c289d5fa
persona/persistence/memory_store.py,.py,0,2026-02-15T16:33:15.418289,False,e3b0c44298fc1c149afbf4c8996fb92427ae41e4649b934ca495991b7852b855
persona/persona_learning_processor.py,.py,20938,2026-02-19T14:23:16.773796,False,64385dd79c3178e052dff262ee5728e298a952d776e2b5a1235f2c0e7eb74653
persona/persona_minister_kis_bridge.py,.py,13505,2026-02-15T00:18:22.925960,False,50d0234c0709fbf65f06156cbf2c7bfac7a4cefd0a68211d67f597f91a7f555e
persona/pwm_integration/__init__.py,.py,0,2026-02-15T16:33:15.495548,False,e3b0c44298fc1c149afbf4c8996fb92427ae41e4649b934ca495991b7852b855
persona/pwm_integration/pwm_bridge.py,.py,16611,2026-02-19T21:42:33.674692,False,26f26bdf76444ffe5931ce0e3adc7b52d864b48bdd043d08c9f5453983ad20dd
persona/run_persona.py,.py,1285,2026-02-17T01:50:37.974588,False,d08d71928e4eccd0705b7bf393aaf81188afb4044f7151602cbb56bcea019a6b
persona/run_persona_conversation.py,.py,1620,2026-02-17T02:21:24.650806,False,793d977b418ec477752d75c40dd4d75cd1b7ff76aff90d339a80c30bfabef25d
persona/session_manager.py,.py,15512,2026-02-18T03:27:03.219572,False,d12a9f3bd0e803c41cf5db1dbb960d8645340b19e2d27c120ed78a413611c12a
persona/state.py,.py,2879,2026-02-14T15:08:53.487000,False,1f615283f9e321e12aa26a6521ff7fb84616ecd511d8c0bbed5dd0e00f8d2f88
persona/test_session_workflow.py,.py,7478,2026-02-18T03:26:55.459549,False,0dca5122e9b5cf351ccf8925bb6165f6184faa2619b0dc1394c7b994b4a78cf6
persona/trace.py,.py,1716,2026-02-10T21:38:20.132458,False,c7c9beabb4f9cc688299dffafc3552887240edbabc273c39ae1e0a74edf090e5
persona/validation/__init__.py,.py,0,2026-02-15T16:33:15.234526,False,e3b0c44298fc1c149afbf4c8996fb92427ae41e4649b934ca495991b7852b855
persona/validation/contradiction_detector.py,.py,0,2026-02-15T16:33:15.299294,False,e3b0c44298fc1c149afbf4c8996fb92427ae41e4649b934ca495991b7852b855
persona/validation/identity_validator.py,.py,3455,2026-02-16T06:27:03.546650,False,0e7af87e9eb48ed2b2958544b2b3e8f31cdb1faf47cbf41230a2212210049789
persona/validation/mode_validator.py,.py,4670,2026-02-15T20:13:25.830995,False,ceefac457c1ca09897484c47bcab3957374bdc935ece0b6bf6a0fd77b10e3f91
persona_output.log,.log,5528,2026-02-17T02:22:17.869014,False,82986cd94d2325922ab5001c616219a5bf247365e69e5cf0a1325565f210ad63
phase2_robustness_results_test_semantic_control.json,.json,1029971,2026-03-01T23:48:32.419870,False,68d6924e3150df8747478128ca95c4e098104a98f7d1f002b52ffd9ee9f5717c
phase2_robustness_results_train_semantic_control.json,.json,4203664,2026-03-02T12:49:47.816863,False,989736ac4c26066343c5781e935f0da75df4bc3260b05e36a3de85d9159fde62
phase2_robustness_results_val_semantic_control.json,.json,1051854,2026-03-02T13:09:37.866724,False,71bbee22d45d8f63bdf44d7299dc9f6c2bb5e1591cdc8a058cc19204c3037f73
R&R.txt,.txt,6220,2026-02-19T21:28:29.581357,False,9722087be365175bf09b6257e2a13b366bb656cec93c3045ac6f92e0440177b3
rag_cache/llm/01603ef62b26ddaf530c0d97c1c1d00ad255b53f4a11ffa0a9257a15fce68f2f.json,.json,127,2026-02-15T02:25:54.094417,False,b43953bc959798ce11e192f55edec365e9e733b871ae9ae47b4b4c8bd8460b70
rag_cache/llm/02383b499a680aa0d79664a9e7b343715a7becdcb26f8a33342692f9a3581f2e.json,.json,123,2026-02-15T02:24:55.900746,False,22d7fb3b8a70e07484a4ed9074534568dcbb28918b71bf621359bd1ef89d0fd3
rag_cache/llm/0317bd929172bfdfd37da3f1ccce27bcbcc10dcfffd078ac7ebe3fc2bbc002a3.json,.json,51,2026-02-15T02:26:00.035389,False,152fdeb64675443c775273c7e95052858c8dfaf97b546bf96e65e1905b75083c
rag_cache/llm/0334ebe9aaac7de9fcc75b023a8e1844f918e92af37fa5b200f7acdf05024259.json,.json,127,2026-02-19T19:50:55.705431,False,b43953bc959798ce11e192f55edec365e9e733b871ae9ae47b4b4c8bd8460b70
rag_cache/llm/0462f28a26ef5b694d510c65eb35114c4f004bdcfc0d6ceea8ef29ba88b17530.json,.json,127,2026-02-15T02:27:21.390423,False,b43953bc959798ce11e192f55edec365e9e733b871ae9ae47b4b4c8bd8460b70
rag_cache/llm/0582b53d13ae9db081c6b3c1c3d5880ad279d10b31180afd4a0b570265ae76ff.json,.json,127,2026-02-15T04:04:44.935422,False,80b0de0b6284d216c5563649f99e81c7f6f82f320ae47df0d913c1e86a7d228e
rag_cache/llm/059507cbdb75e2ae73a5452e0d745b17ce7324d7d0fdbac27c64acca9c2a47cd.json,.json,127,2026-02-15T02:27:06.242008,False,b43953bc959798ce11e192f55edec365e9e733b871ae9ae47b4b4c8bd8460b70
rag_cache/llm/05d2fca7fbc00627c11cc214877b52838c998ffd0759d1cfe4b4e0c99e19a783.json,.json,51,2026-02-15T02:26:42.923758,False,152fdeb64675443c775273c7e95052858c8dfaf97b546bf96e65e1905b75083c
rag_cache/llm/08939e6372e47da3647dd816544e595b9faecb46903cb24405875e62a5cce1b6.json,.json,127,2026-02-15T02:26:33.501288,False,b43953bc959798ce11e192f55edec365e9e733b871ae9ae47b4b4c8bd8460b70
rag_cache/llm/0992445227192b2cddbb8470b446f652615a9e1208bcc113525b015186817840.json,.json,127,2026-02-15T02:26:13.089343,False,b43953bc959798ce11e192f55edec365e9e733b871ae9ae47b4b4c8bd8460b70
rag_cache/llm/0b5629ab1eec81a7862848c80e671e807162a4aa4f11a15374c5548a7a248506.json,.json,127,2026-02-15T04:04:46.262906,False,c7b055ea12c0aeb3b366ece24c4c9ca9b26c7271a33211cc82f7ef584156825f
rag_cache/llm/0c7cdd0169e0f5239b221d082d01a3c94d0f9bace7116488e5699433280ad21a.json,.json,51,2026-02-15T02:25:45.289891,False,152fdeb64675443c775273c7e95052858c8dfaf97b546bf96e65e1905b75083c
rag_cache/llm/0dd835d97a146272d48d6a753c15e5d80ae24a930d9a0ec9c7ee2846111651bc.json,.json,51,2026-02-15T02:27:19.809601,False,fc39371a7f2568cca53a64a36c3b4e077549b7bea39b6bae568ac1090278854c
rag_cache/llm/0e04200ae53dc84280fd7b7dcb814d6b5a1b2a2d947553b7045b2fb4418000fb.json,.json,127,2026-02-15T02:25:20.702554,False,cb07dd9e96aa48cce71c1747a77b9bc0ef7a04af5826d09a6b14772b8ff952c6
rag_cache/llm/0ebb707394fdec34dd3df6d9e1c157c34f83d4b3e09d80cc9d99ad1c567fea32.json,.json,51,2026-02-15T02:24:55.003242,False,152fdeb64675443c775273c7e95052858c8dfaf97b546bf96e65e1905b75083c
rag_cache/llm/0f731cd1ae70780ff701791dedfbc9fd937dfdcc8885fbfccd12cf5b41ae2b74.json,.json,128,2026-02-15T04:04:09.157276,False,7559e34fd09aae7303c5566bf1971f5c2e232bc9a760f3941576c08bcb182207
rag_cache/llm/0f77c1bbcb1935ab75fac7c9bf981a9fc6046dc48390ea1fd2cf4b1df123f61a.json,.json,127,2026-02-15T04:04:49.646530,False,80b0de0b6284d216c5563649f99e81c7f6f82f320ae47df0d913c1e86a7d228e
rag_cache/llm/101a9eb7a89058dcfdea3e094e36a86eede5f0be27d35cc9d47e8c2bdc1c5706.json,.json,52,2026-02-15T02:25:02.740978,False,b33b79f7ccff821c732d3a7dc0973791bd793ba19d087bc262d57d8aeeaf8d94
rag_cache/llm/1026c1b85c770ea3710201284597d9d2681562fd4f9d70d3c511275e73c4f9a4.json,.json,127,2026-02-19T19:51:18.939465,False,b43953bc959798ce11e192f55edec365e9e733b871ae9ae47b4b4c8bd8460b70
rag_cache/llm/104265756961270b945a38664499dccfb124dff066631b3cfc06b34b41521054.json,.json,127,2026-02-19T19:50:57.729299,False,b43953bc959798ce11e192f55edec365e9e733b871ae9ae47b4b4c8bd8460b70
rag_cache/llm/11c4bd79584e0cab7ad986ccb3d7747993fc585ac5fec3a84785aea2b8eb6ecd.json,.json,52,2026-02-15T02:26:21.405460,False,b33b79f7ccff821c732d3a7dc0973791bd793ba19d087bc262d57d8aeeaf8d94
rag_cache/llm/11d7897edce14e209a6b8a3553ed05216d1161c031760668e9386eaa0e4d2209.json,.json,52,2026-02-15T02:27:14.469991,False,b33b79f7ccff821c732d3a7dc0973791bd793ba19d087bc262d57d8aeeaf8d94
rag_cache/llm/158ede8a9e1b8267fe796b33f5ee412e116397cac271174ae5e1fbf0270587c5.json,.json,52,2026-02-15T04:04:33.042597,False,ec4986dcc98103f6d41c30b5e2a086a14dfc987929ffbc08055e5d5019ed7f59
rag_cache/llm/177f83e5fbcd6ea0cfee249db463a702541616548b86338390ca72ee12dcb0dd.json,.json,51,2026-02-15T02:25:15.963570,False,152fdeb64675443c775273c7e95052858c8dfaf97b546bf96e65e1905b75083c
rag_cache/llm/1868104e85098b84c40cc80140d9d9cd9d674e4123037ab1e78f3b626a319f09.json,.json,128,2026-02-15T02:26:27.765114,False,7559e34fd09aae7303c5566bf1971f5c2e232bc9a760f3941576c08bcb182207
rag_cache/llm/18d1bb990207f3dc526c1d0b277c5aae336d711c4ed48c1ba2cac63e38480576.json,.json,51,2026-02-15T04:04:10.489953,False,152fdeb64675443c775273c7e95052858c8dfaf97b546bf96e65e1905b75083c
rag_cache/llm/19eb7b95ce09fc0e63fc0c6dec2745861fe35acc099f679c70c699bd69960cd4.json,.json,51,2026-02-15T04:04:04.261836,False,152fdeb64675443c775273c7e95052858c8dfaf97b546bf96e65e1905b75083c
rag_cache/llm/1b7e2c8109a80008ae818255f8ae9970232028b177c937eb6cd76171f8d90957.json,.json,127,2026-02-19T19:51:01.976899,False,b43953bc959798ce11e192f55edec365e9e733b871ae9ae47b4b4c8bd8460b70
rag_cache/llm/1d48f75b7add02f96d61e296b2dbc0246709ea81bdcb95f18309eb5766924646.json,.json,127,2026-02-15T04:04:52.987676,False,b43953bc959798ce11e192f55edec365e9e733b871ae9ae47b4b4c8bd8460b70
rag_cache/llm/20eab3b0142fd643547ec6f32d73e887ef0433f0907b0d48bf27df1b40891994.json,.json,51,2026-02-15T02:27:07.828356,False,152fdeb64675443c775273c7e95052858c8dfaf97b546bf96e65e1905b75083c
rag_cache/llm/214fb1a5070d426fa832b657df0da41b96b1d2b9702d6de50a2ab73a4f122abb.json,.json,127,2026-02-15T04:03:54.086907,False,b43953bc959798ce11e192f55edec365e9e733b871ae9ae47b4b4c8bd8460b70
rag_cache/llm/24441dd5c7f5d7827c121744eac0c476de627cb35d7c50cc872cd697fc958491.json,.json,128,2026-02-15T02:25:51.653791,False,7559e34fd09aae7303c5566bf1971f5c2e232bc9a760f3941576c08bcb182207
rag_cache/llm/275aacc99a57c2e6425ea05d3356a37622486649e20bd011ed51a198de7893ef.json,.json,127,2026-02-15T04:04:26.050527,False,b43953bc959798ce11e192f55edec365e9e733b871ae9ae47b4b4c8bd8460b70
rag_cache/llm/28e2f012f6ca556e540216546568d94138195f60bffcd6859162579706f28b45.json,.json,51,2026-02-15T02:25:58.611197,False,fc39371a7f2568cca53a64a36c3b4e077549b7bea39b6bae568ac1090278854c
rag_cache/llm/2c31b3f1e6ba65ffa73197385d205c675c89043dfa2cb97703eac1298276824b.json,.json,128,2026-02-15T02:25:57.297348,False,7559e34fd09aae7303c5566bf1971f5c2e232bc9a760f3941576c08bcb182207
rag_cache/llm/31d13ad064df4654054fb2bed6de5135cd22e609d20e314207a88f2f0ff3b33e.json,.json,122,2026-02-15T04:04:41.229138,False,3d68682b5eeb329d95d568397b711e09b58a62d5f6d88600d15c40849b9cd345
rag_cache/llm/34b5134dec7b93095c3e8c538eefcd82b4b166d20c6b57648cc6820d375537ce.json,.json,51,2026-02-15T02:26:11.372004,False,fc39371a7f2568cca53a64a36c3b4e077549b7bea39b6bae568ac1090278854c
rag_cache/llm/34c23cddbc92a6974f19c81c0a9fe463620556ae48e5dc39f8039d88b8ce4b5b.json,.json,51,2026-02-15T04:04:29.547664,False,152fdeb64675443c775273c7e95052858c8dfaf97b546bf96e65e1905b75083c
rag_cache/llm/354e3058df66516b326b0ea0b4e5750cdf62907308ad021618cc1019722be56a.json,.json,127,2026-02-15T02:26:47.831510,False,b43953bc959798ce11e192f55edec365e9e733b871ae9ae47b4b4c8bd8460b70
rag_cache/llm/376cdc92d73c4ae6c56b225bc4195be6e71ef4f8eb1e0c204ee6b9f613bf663e.json,.json,51,2026-02-15T02:27:12.939125,False,152fdeb64675443c775273c7e95052858c8dfaf97b546bf96e65e1905b75083c
rag_cache/llm/37e748d83f2621c31d34c02dec762c5780adcaecc339ad4c4efb184a7e4c64ec.json,.json,51,2026-02-15T04:03:56.459391,False,152fdeb64675443c775273c7e95052858c8dfaf97b546bf96e65e1905b75083c
rag_cache/llm/380fe96e5b78e7735ecbd2722116a5e49e67b9f38f3d4e58b090b45a9699d08e.json,.json,127,2026-02-15T02:25:19.394849,False,80b0de0b6284d216c5563649f99e81c7f6f82f320ae47df0d913c1e86a7d228e
rag_cache/llm/38d5243847e2191403c01cfa86af8b0df1835b3f840ca129aa71bd4d363ad794.json,.json,127,2026-02-15T02:25:29.372658,False,b43953bc959798ce11e192f55edec365e9e733b871ae9ae47b4b4c8bd8460b70
rag_cache/llm/395d7f96bd527e63eca0acbefdc53685c089438aea65c10c245157cb2f83f211.json,.json,128,2026-02-15T02:26:24.255298,False,7559e34fd09aae7303c5566bf1971f5c2e232bc9a760f3941576c08bcb182207
rag_cache/llm/3af07eb44830cde2408d7212d76cfdaf47721fc6ac9573d5d55e44340e84a722.json,.json,127,2026-02-15T04:03:41.605197,False,b43953bc959798ce11e192f55edec365e9e733b871ae9ae47b4b4c8bd8460b70
rag_cache/llm/3cd4bdc2a81aba3b811e703deeab7a66a709f8b0ac8f7147aaa9b9283ad4b511.json,.json,127,2026-02-15T04:03:48.247182,False,b43953bc959798ce11e192f55edec365e9e733b871ae9ae47b4b4c8bd8460b70
rag_cache/llm/3d61f0cda1f3bfcc5d7d22e9ecf48f798626e52c0022483b20c8496fcd85de53.json,.json,51,2026-02-15T04:04:39.604642,False,fc39371a7f2568cca53a64a36c3b4e077549b7bea39b6bae568ac1090278854c
rag_cache/llm/4366cf33d911c685b824853067725e282ad38e1b7561b171d538be04d1e0e5a9.json,.json,51,2026-02-15T02:27:11.272127,False,fc39371a7f2568cca53a64a36c3b4e077549b7bea39b6bae568ac1090278854c
rag_cache/llm/44f3c6374d6fb9aa466bd9c51ff446f7e11fb19627b4c1f318181a5647e408e6.json,.json,51,2026-02-15T02:26:26.601585,False,56eea00462e1b477c7b939b31348e01201ed74be3f173e153724f34979defc9e
rag_cache/llm/4ac2e02478765b073aa0a947132a85a781608ac1d43a73e49f43807ed31895b0.json,.json,127,2026-02-15T02:26:44.516260,False,b43953bc959798ce11e192f55edec365e9e733b871ae9ae47b4b4c8bd8460b70
rag_cache/llm/4b2170a972699797fd0e186445cb6402bfa057978459ee48b68d05e6498cdb45.json,.json,51,2026-02-15T04:04:15.347992,False,152fdeb64675443c775273c7e95052858c8dfaf97b546bf96e65e1905b75083c
rag_cache/llm/4b955acc4305a56bae3b1a151be1a832f3ac4678a5c5198e3f4a6930bbdb1394.json,.json,128,2026-02-15T02:25:39.870372,False,7559e34fd09aae7303c5566bf1971f5c2e232bc9a760f3941576c08bcb182207
rag_cache/llm/4bccf511278d8d6d99b8333ab05084706f99e5e539b275b9865fe94e56fa4b4d.json,.json,51,2026-02-15T04:04:03.056047,False,152fdeb64675443c775273c7e95052858c8dfaf97b546bf96e65e1905b75083c
rag_cache/llm/4c441f9b7aa1494cdaa850e91abef5048caac3ee4d3a8949d51c25a0935612e7.json,.json,51,2026-02-15T04:04:07.829208,False,152fdeb64675443c775273c7e95052858c8dfaf97b546bf96e65e1905b75083c
rag_cache/llm/556b851274e66d381e1a0e22d64545d5a6efaba460505165c203c18e964c149b.json,.json,122,2026-02-15T02:24:58.988408,False,3d68682b5eeb329d95d568397b711e09b58a62d5f6d88600d15c40849b9cd345
rag_cache/llm/56a4efd1af81a34d99cd40f4f7334a2f1d8c543392561beca7e3dac6c2581052.json,.json,51,2026-02-15T02:27:09.600159,False,152fdeb64675443c775273c7e95052858c8dfaf97b546bf96e65e1905b75083c
rag_cache/llm/586efc32f42024e6b5f25ba11f98f3ca1d2a8983f355804b96a25ddfbe13e549.json,.json,128,2026-02-15T04:04:43.601449,False,575359763dd3246ccf5a2bb5f0268fdcc072df9abe5d2ea16c37dd543c22ed16
rag_cache/llm/5cce07e55aec7535e1f0a808df29b0c8a4b2f9eb35750990bfc26ce926f7d299.json,.json,127,2026-02-15T04:04:54.149896,False,b43953bc959798ce11e192f55edec365e9e733b871ae9ae47b4b4c8bd8460b70
rag_cache/llm/609c201665c1fe63b4cc38d83bd6f9f5c76a4cb7f62fc5c5470ac563ab7ff6db.json,.json,127,2026-02-15T02:26:30.313155,False,b43953bc959798ce11e192f55edec365e9e733b871ae9ae47b4b4c8bd8460b70
rag_cache/llm/61105da769a7ac50863dbcee6fa8a540f1b8405ff3ea61d5738047f3101c1e90.json,.json,51,2026-02-15T02:25:50.051426,False,56eea00462e1b477c7b939b31348e01201ed74be3f173e153724f34979defc9e
rag_cache/llm/61fd62e47c1628183f64471db2294762e1d14932674d53d8e17a83645b0ae023.json,.json,51,2026-02-15T04:03:59.486123,False,152fdeb64675443c775273c7e95052858c8dfaf97b546bf96e65e1905b75083c
rag_cache/llm/622ae5e1b190cfef3d096e2fffb392169684a08e05e79ec4a8ce892e65f70026.json,.json,127,2026-02-15T02:26:14.695626,False,b43953bc959798ce11e192f55edec365e9e733b871ae9ae47b4b4c8bd8460b70
rag_cache/llm/63262315e34df3943641196cd66aa77b3d1309c0d894b12be0bbcaa8bbf0571d.json,.json,127,2026-02-15T02:25:22.325520,False,b43953bc959798ce11e192f55edec365e9e733b871ae9ae47b4b4c8bd8460b70
rag_cache/llm/639d3e4a87c373fad24ed65ce5a684a6fdbf55cc59694dd764c71d77a658f947.json,.json,128,2026-02-15T02:25:28.031116,False,aea99d0773d1b3999bef7da3d2b2cd9db44e068447361b3697bb384381b71437
rag_cache/llm/6539647cff09e398c06143978ab6256da42acb055a291e0f03cf20cd9e6f6e2a.json,.json,127,2026-02-15T02:26:57.401403,False,b43953bc959798ce11e192f55edec365e9e733b871ae9ae47b4b4c8bd8460b70
rag_cache/llm/677a991fe38f09cd2164310906cb20c4f0058462a5206c2281d2501bff2ce408.json,.json,51,2026-02-15T02:25:07.463545,False,152fdeb64675443c775273c7e95052858c8dfaf97b546bf96e65e1905b75083c
rag_cache/llm/692292a6179c5626971ec22aebf6962a66f90765952e916d63a83b6858cc4e16.json,.json,51,2026-02-15T02:25:42.428887,False,152fdeb64675443c775273c7e95052858c8dfaf97b546bf96e65e1905b75083c
rag_cache/llm/6c3b94ed91d665158e1afe737a548fc7e47945ffa3d02f54543e63a2fcc8ebd7.json,.json,52,2026-02-15T02:25:18.183279,False,b33b79f7ccff821c732d3a7dc0973791bd793ba19d087bc262d57d8aeeaf8d94
rag_cache/llm/6ce02333d02ad5b183ad3bfa49817d7301a4de49605f70eded21094f7b6eb632.json,.json,128,2026-02-19T19:51:08.568462,False,aea99d0773d1b3999bef7da3d2b2cd9db44e068447361b3697bb384381b71437
rag_cache/llm/6f5378d972c8e86502d889da5de7316795f04eb03a33ae504f95feee64af6876.json,.json,127,2026-02-15T02:25:09.104052,False,b43953bc959798ce11e192f55edec365e9e733b871ae9ae47b4b4c8bd8460b70
rag_cache/llm/6f8d629396f76cfced69c31b49afb78c3458a815df578b56137169ef456e8bb5.json,.json,128,2026-02-15T02:25:26.602423,False,7559e34fd09aae7303c5566bf1971f5c2e232bc9a760f3941576c08bcb182207
rag_cache/llm/7587954f4912a6bfc1bfe9d46526566eea4155c7c7578f5cc71043a97ce68b48.json,.json,127,2026-02-15T02:27:18.249991,False,b43953bc959798ce11e192f55edec365e9e733b871ae9ae47b4b4c8bd8460b70
rag_cache/llm/765dca72cecf4298479ae9a06ba4e3c9695f689f53d918804a9227cdd8b6ef39.json,.json,122,2026-02-15T02:25:15.002208,False,3d68682b5eeb329d95d568397b711e09b58a62d5f6d88600d15c40849b9cd345
rag_cache/llm/7733d60e68f8cb8324593f6a97074ace848a8ede3bf968f4063a9318c8fb066a.json,.json,127,2026-02-15T02:24:56.886028,False,b43953bc959798ce11e192f55edec365e9e733b871ae9ae47b4b4c8bd8460b70
rag_cache/llm/77367fa1bb1de6069c759b33818b8f7773dc40054568d1325ac8a0beb6397253.json,.json,51,2026-02-15T04:04:31.263407,False,152fdeb64675443c775273c7e95052858c8dfaf97b546bf96e65e1905b75083c
rag_cache/llm/79ea2fe63ac963c24c5326e4049ada39554ea982965ae3afb80f563b9659d8dd.json,.json,127,2026-02-19T19:51:16.731251,False,b43953bc959798ce11e192f55edec365e9e733b871ae9ae47b4b4c8bd8460b70
rag_cache/llm/7ae9dc860b9c3c34b7c3d19f3d2c9cc88daad23d6564415ec1f771628e58ba78.json,.json,128,2026-02-15T02:24:59.877696,False,7559e34fd09aae7303c5566bf1971f5c2e232bc9a760f3941576c08bcb182207
rag_cache/llm/7b748e4fad72ae9300e0f1614e5a708bce7f25a754797bb5a57573dfec78d346.json,.json,122,2026-02-15T04:04:50.987865,False,3d68682b5eeb329d95d568397b711e09b58a62d5f6d88600d15c40849b9cd345
rag_cache/llm/7bb2a3da0b74e6d04ab875493ca63f18a6897cebc48861060e504423ec024542.json,.json,127,2026-02-15T02:25:48.462116,False,b43953bc959798ce11e192f55edec365e9e733b871ae9ae47b4b4c8bd8460b70
rag_cache/llm/7f9866e8712a671d78d791e0b1b288d0772fee4705c8b12660e01e834f0dc8dc.json,.json,127,2026-02-15T02:26:41.353281,False,c7b055ea12c0aeb3b366ece24c4c9ca9b26c7271a33211cc82f7ef584156825f
rag_cache/llm/819ce8c005670dadd253012fe53fe6656270467ef59fb1c74d91eb5975e7bbaf.json,.json,128,2026-02-15T02:25:13.518495,False,aea99d0773d1b3999bef7da3d2b2cd9db44e068447361b3697bb384381b71437
rag_cache/llm/84d4f21f8d8070f1902fb35b22c3777db9cf237fbb3f28e7b32fd60cf536450b.json,.json,127,2026-02-15T02:26:38.220604,False,b43953bc959798ce11e192f55edec365e9e733b871ae9ae47b4b4c8bd8460b70
rag_cache/llm/855b46806136cb6981f490e2defe1cb9421f8dfb31f41d3f04ebdc3e9609c7a2.json,.json,51,2026-02-15T02:26:35.238241,False,152fdeb64675443c775273c7e95052858c8dfaf97b546bf96e65e1905b75083c
rag_cache/llm/85bf7fe3f9651cb47ecdca8739cbc62ea9174b289e0fe124ec66c0d9df573480.json,.json,51,2026-02-15T04:04:55.179275,False,152fdeb64675443c775273c7e95052858c8dfaf97b546bf96e65e1905b75083c
rag_cache/llm/86a40eb2cb17d90c24774f3f47dadc3bf617e51cf897ceae3ae979906b3f5763.json,.json,51,2026-02-15T04:03:36.816772,False,fc39371a7f2568cca53a64a36c3b4e077549b7bea39b6bae568ac1090278854c
rag_cache/llm/8ac6ebd0339c871b81880aa5c83646dd6ba0d021e168f25dee294ce42b63a42a.json,.json,51,2026-02-15T02:26:31.710104,False,fc39371a7f2568cca53a64a36c3b4e077549b7bea39b6bae568ac1090278854c
rag_cache/llm/8dcfcbcdae2c091634ab19fb8d9736fbf5f69e58373d4ab0904919a0f75078a7.json,.json,51,2026-02-15T04:04:38.079119,False,152fdeb64675443c775273c7e95052858c8dfaf97b546bf96e65e1905b75083c
rag_cache/llm/8f342f4b598bd192927cd9d90930f5a553e2c3b9b6042e7584a4556693a2a620.json,.json,51,2026-02-15T02:26:49.349820,False,152fdeb64675443c775273c7e95052858c8dfaf97b546bf96e65e1905b75083c
rag_cache/llm/8f6dbdf63ff5edcd7d50460cfa3f94e4aaaa47ac81e80c01d91286c1f62f0ca3.json,.json,51,2026-02-15T02:25:35.522408,False,fc39371a7f2568cca53a64a36c3b4e077549b7bea39b6bae568ac1090278854c
rag_cache/llm/8fe1bcbbd1d39e29632db6787525f1b2df5a5fd504fd0d6771c373edb40af7bb.json,.json,51,2026-02-15T04:04:27.819146,False,152fdeb64675443c775273c7e95052858c8dfaf97b546bf96e65e1905b75083c
rag_cache/llm/92b2728bdc9fa743cb4b9db2116ab493d6294325cfa432c2e4ea2e95e039a015.json,.json,129,2026-02-19T19:51:21.108948,False,641cfee290c2912da0db9760c5b86e6e886ae524b73a122bec64ba0a02f68855
rag_cache/llm/92ed8a9a2889cc5a6336164135d21d8bd102998c83e5601f2dd68ad6b00fa1bf.json,.json,127,2026-02-15T04:03:51.492981,False,b43953bc959798ce11e192f55edec365e9e733b871ae9ae47b4b4c8bd8460b70
rag_cache/llm/93e36ac27d96a6b810969ae752c5809e51117adaae553f4138fc20c289586a7d.json,.json,122,2026-02-15T04:04:01.040518,False,3d68682b5eeb329d95d568397b711e09b58a62d5f6d88600d15c40849b9cd345
rag_cache/llm/93f57aad7064168de0449a844aed4180f8205cfb73b478f96b172e128b8aca34.json,.json,127,2026-02-15T04:03:46.566939,False,b43953bc959798ce11e192f55edec365e9e733b871ae9ae47b4b4c8bd8460b70
rag_cache/llm/941b5422a9933765ffb790f435acecbfd2a0c4f28639935bf23f01be8289dd5c.json,.json,128,2026-02-15T04:04:05.815964,False,7559e34fd09aae7303c5566bf1971f5c2e232bc9a760f3941576c08bcb182207
rag_cache/llm/94d7358f20da8138418f0350b0e0edaccddb5cb4614f77a1c08d6757d5936d00.json,.json,128,2026-02-19T19:51:14.625935,False,7559e34fd09aae7303c5566bf1971f5c2e232bc9a760f3941576c08bcb182207
rag_cache/llm/98184e049c7a99572b016d292dc7b4977e7109ac4d1826445c04d68965bd2725.json,.json,51,2026-02-15T02:26:07.972542,False,152fdeb64675443c775273c7e95052858c8dfaf97b546bf96e65e1905b75083c
rag_cache/llm/98ed6d9308662f4208583bfe057b8648872b1762a0599bb1d1a380ad249c7216.json,.json,127,2026-02-19T19:51:10.794671,False,b43953bc959798ce11e192f55edec365e9e733b871ae9ae47b4b4c8bd8460b70
rag_cache/llm/9ac44539f162a11274b50703c95ac64a56b9153d1d8475dc4b93e0a02d1e25a2.json,.json,127,2026-02-15T04:04:42.318870,False,b43953bc959798ce11e192f55edec365e9e733b871ae9ae47b4b4c8bd8460b70
rag_cache/llm/9ae5d6fdd6c7083e42cf22c6dd667903270f6e1c806dab78f101bc766cf4f49b.json,.json,127,2026-02-15T02:27:04.447175,False,b43953bc959798ce11e192f55edec365e9e733b871ae9ae47b4b4c8bd8460b70
rag_cache/llm/9c486236a9542a66da7dfa4cd40a916b2d009cf3a069a6d3b411879f9ef35916.json,.json,52,2026-02-15T04:04:06.873219,False,b33b79f7ccff821c732d3a7dc0973791bd793ba19d087bc262d57d8aeeaf8d94
rag_cache/llm/a32cb1c1a557dcdebcc83aacbac0dbe8fec46d4102b3a0550c526efc50a9b697.json,.json,127,2026-02-15T02:26:25.533674,False,b43953bc959798ce11e192f55edec365e9e733b871ae9ae47b4b4c8bd8460b70
rag_cache/llm/a3ee9a619934e4931bafefa91419347301bf895d073b8a717142b4af5b004545.json,.json,127,2026-02-15T02:25:38.465665,False,b43953bc959798ce11e192f55edec365e9e733b871ae9ae47b4b4c8bd8460b70
rag_cache/llm/a4cea847345d7507d7f81c5d410d9258a67cd55e9a038e46789b554aaf9c0374.json,.json,51,2026-02-15T02:26:46.106095,False,152fdeb64675443c775273c7e95052858c8dfaf97b546bf96e65e1905b75083c
rag_cache/llm/a5820870c3b6dc91668f3562abcfd60bc4dc45e0c9c7246764ed641c4c50d69c.json,.json,51,2026-02-15T02:26:39.551039,False,fc39371a7f2568cca53a64a36c3b4e077549b7bea39b6bae568ac1090278854c
rag_cache/llm/a5fd1c9b184b6b39d994fd79af8e5bea638cb5ba7e4d83bc81bddfe4ea30ff87.json,.json,51,2026-02-15T02:26:01.556911,False,fc39371a7f2568cca53a64a36c3b4e077549b7bea39b6bae568ac1090278854c
rag_cache/llm/a6a0b22517c57755e37b4f11eabec28956ba5d8c6d19684959829466fa9c536d.json,.json,127,2026-02-15T02:26:03.195230,False,b43953bc959798ce11e192f55edec365e9e733b871ae9ae47b4b4c8bd8460b70
rag_cache/llm/a7ece65771536d3f25085a585636f74bb9511cf0c857b8d59b3a63d9dd86dde8.json,.json,51,2026-02-15T02:26:06.327373,False,152fdeb64675443c775273c7e95052858c8dfaf97b546bf96e65e1905b75083c
rag_cache/llm/aabc816e8888d499f4376f8b4f3d7ee57e7330c96277159eb6f7b138694c67f2.json,.json,127,2026-02-15T04:03:58.007926,False,c7b055ea12c0aeb3b366ece24c4c9ca9b26c7271a33211cc82f7ef584156825f
rag_cache/llm/ab43d4247c9b1d2ddd9fab762c62cd2217779fe426a8884d4fb5b46b24d0450b.json,.json,128,2026-02-15T02:26:36.968222,False,7559e34fd09aae7303c5566bf1971f5c2e232bc9a760f3941576c08bcb182207
rag_cache/llm/ac13a6afc3d3d6f1fdcf26afea66c52632ffae09202bd5bdd45044d93c4fa700.json,.json,51,2026-02-15T02:25:52.825999,False,2b6db477963d1f9d8963cd7c6e591574ea5ec2923f7231b8ba2b50bbaf138d15
rag_cache/llm/ad40089813a3fbaedcf5736037cfbd9d1bfe1e86b54f49b79b5579e250d015de.json,.json,51,2026-02-15T02:25:12.115939,False,152fdeb64675443c775273c7e95052858c8dfaf97b546bf96e65e1905b75083c
rag_cache/llm/ad5ad0ea7301cbcc98671686c7f413503ad526ddc4715e89507309a684a410b1.json,.json,127,2026-02-15T02:27:02.614801,False,cb07dd9e96aa48cce71c1747a77b9bc0ef7a04af5826d09a6b14772b8ff952c6
rag_cache/llm/adc7ddc91c0eaac7751539472b1009f5b1b6cd1b834452e30f887083349a9288.json,.json,51,2026-02-15T02:25:00.826400,False,152fdeb64675443c775273c7e95052858c8dfaf97b546bf96e65e1905b75083c
rag_cache/llm/af8ce138e918f030751766f36a5906446bdf204a057bc20cbc696e7ba1726dba.json,.json,127,2026-02-15T02:24:57.900937,False,80b0de0b6284d216c5563649f99e81c7f6f82f320ae47df0d913c1e86a7d228e
rag_cache/llm/b5c0dec8b6af4bec90cba2664a4ba8ed355e8e4ddd857e4319deac5a5b25b0cb.json,.json,128,2026-02-15T02:26:28.963755,False,7559e34fd09aae7303c5566bf1971f5c2e232bc9a760f3941576c08bcb182207
rag_cache/llm/b78dc610681d1a037692e102a10300ab585ef176c0404e82a583004e6eeaa534.json,.json,51,2026-02-15T02:25:06.104194,False,152fdeb64675443c775273c7e95052858c8dfaf97b546bf96e65e1905b75083c
rag_cache/llm/b81f53493a997d46d442b4dd5e34b8bec924e5d5359924b50d7a9270ad4be181.json,.json,127,2026-02-15T04:03:39.935728,False,c7b055ea12c0aeb3b366ece24c4c9ca9b26c7271a33211cc82f7ef584156825f
rag_cache/llm/b87c5411c7287748ac175fba23ad62e6e241e2f940c42d20791704285279c51b.json,.json,51,2026-02-15T02:26:55.509796,False,152fdeb64675443c775273c7e95052858c8dfaf97b546bf96e65e1905b75083c
rag_cache/llm/b90b724d51ab323089fe11c39a107a039492b68030a68847464c5e098e2a9daa.json,.json,127,2026-02-15T02:25:43.749485,False,b43953bc959798ce11e192f55edec365e9e733b871ae9ae47b4b4c8bd8460b70
rag_cache/llm/bb1761adfb2f672011de20ef721fd77bb888c53265b36386be41fe1825024dad.json,.json,52,2026-02-19T19:51:04.103014,False,ec4986dcc98103f6d41c30b5e2a086a14dfc987929ffbc08055e5d5019ed7f59
rag_cache/llm/bb1b04dc0a2b74cc8ddfb6ec9cf76b48fe2d1b8920b5a3b4b76a43316a3aba3f.json,.json,51,2026-02-15T04:04:18.946453,False,152fdeb64675443c775273c7e95052858c8dfaf97b546bf96e65e1905b75083c
rag_cache/llm/bc3ba7ee762841658d38c39ed0460298c2975e97701991aef523f553d02c00a1.json,.json,127,2026-02-19T19:50:52.153137,False,b43953bc959798ce11e192f55edec365e9e733b871ae9ae47b4b4c8bd8460b70
rag_cache/llm/c064f506b6118e019078808b0d8e59d0630078832ed65621c18eced8c2da7242.json,.json,51,2026-02-15T02:25:10.570860,False,152fdeb64675443c775273c7e95052858c8dfaf97b546bf96e65e1905b75083c
rag_cache/llm/c0a81ad7f3a4f5c3e8f055288657291512666f7ffa99a3cbeef065de49d611ed.json,.json,128,2026-02-15T04:03:55.273786,False,aea99d0773d1b3999bef7da3d2b2cd9db44e068447361b3697bb384381b71437
rag_cache/llm/c303c1643acd9eaf82923ea17c342af810895fa7a7ff53f79f3e066310ad0d1f.json,.json,127,2026-02-19T19:51:23.342071,False,b43953bc959798ce11e192f55edec365e9e733b871ae9ae47b4b4c8bd8460b70
rag_cache/llm/c36ef960042290202a3c6fcbaacdd60a33109472d50319c61d23a419218bbe71.json,.json,128,2026-02-19T19:51:25.684729,False,7559e34fd09aae7303c5566bf1971f5c2e232bc9a760f3941576c08bcb182207
rag_cache/llm/c487a5087c8adc1787f3b4099d085d5cc96643d18411f191cc74aad9e9625baf.json,.json,127,2026-02-15T02:25:30.944230,False,b43953bc959798ce11e192f55edec365e9e733b871ae9ae47b4b4c8bd8460b70
rag_cache/llm/c76bbf40a8e4c58b371adbbbbf2d67733bfe0dc4a0a18279706b71d64cfb60cd.json,.json,127,2026-02-15T04:04:47.908659,False,b43953bc959798ce11e192f55edec365e9e733b871ae9ae47b4b4c8bd8460b70
rag_cache/llm/c80c8e38375e74171e4ccf9aa4f18cf2c00a14f67fbada521b98a5c63c4b1812.json,.json,127,2026-02-15T02:25:32.426371,False,b43953bc959798ce11e192f55edec365e9e733b871ae9ae47b4b4c8bd8460b70
rag_cache/llm/c89bdfea149211bfe9eb113411aaa5beafe554a168f2fe034966fea8f3efb3fc.json,.json,127,2026-02-15T04:03:38.363230,False,b43953bc959798ce11e192f55edec365e9e733b871ae9ae47b4b4c8bd8460b70
rag_cache/llm/c96dcf863687c72a6b74670ccbe7453bc49faebdcf5ae478a6041b4abc31166a.json,.json,122,2026-02-15T04:03:53.033270,False,3d68682b5eeb329d95d568397b711e09b58a62d5f6d88600d15c40849b9cd345
rag_cache/llm/c9e7e93818d611a38db7f19dd00227bf25282ae4f2e449d0bf8e84f19eacdd19.json,.json,127,2026-02-15T04:03:35.561632,False,b43953bc959798ce11e192f55edec365e9e733b871ae9ae47b4b4c8bd8460b70
rag_cache/llm/cc1392fc78dc60b08427978142baaa85a54b01f8dae19b3dd85197335a90919f.json,.json,51,2026-02-15T04:04:36.385410,False,152fdeb64675443c775273c7e95052858c8dfaf97b546bf96e65e1905b75083c
rag_cache/llm/cc9cf706175389b11cd7f3d58badcd6e977aee192cfe62d0e908855031cce204.json,.json,128,2026-02-15T02:25:41.233354,False,7559e34fd09aae7303c5566bf1971f5c2e232bc9a760f3941576c08bcb182207
rag_cache/llm/ccc910dad9e5c5024baccaf2d2aecf0189b8665f724a245bed5fa2bcce0c76bd.json,.json,51,2026-02-15T04:03:43.196951,False,152fdeb64675443c775273c7e95052858c8dfaf97b546bf96e65e1905b75083c
rag_cache/llm/ce30cd59412cb04d5c835290cccc60c6e68351682354ded103ef32c06332f444.json,.json,128,2026-02-15T04:04:11.946878,False,9700069f5175fb8be6a9af46b76df422579172ede1ad06fb0396f997550dae5d
rag_cache/llm/cfc1873af8e9f401f12b811ec81ebb49f9be585d2748fe578f59481682256ec5.json,.json,127,2026-02-19T19:51:06.320233,False,c7b055ea12c0aeb3b366ece24c4c9ca9b26c7271a33211cc82f7ef584156825f
rag_cache/llm/d488571350dffbb3829aa49d8750f26ff1243468b488d6d3857cc1a69862980b.json,.json,52,2026-02-15T04:04:17.173027,False,ec4986dcc98103f6d41c30b5e2a086a14dfc987929ffbc08055e5d5019ed7f59
rag_cache/llm/d4ccf33c2df1789d0ee1bcd9a3f0131d8d0423ffdbec0dbb0127febcdd0970e5.json,.json,51,2026-02-15T02:26:52.332016,False,fc39371a7f2568cca53a64a36c3b4e077549b7bea39b6bae568ac1090278854c
rag_cache/llm/d5246ab3bef20dd339ef89eac3694257efd6f256a5e197eb9ca90f4e68602a5c.json,.json,128,2026-02-15T02:27:15.528773,False,7559e34fd09aae7303c5566bf1971f5c2e232bc9a760f3941576c08bcb182207
rag_cache/llm/d569ee0d0550d934aff205b27e7ba455a44c3c4ab573509ce88094dddd1b256e.json,.json,51,2026-02-15T04:03:44.939436,False,152fdeb64675443c775273c7e95052858c8dfaf97b546bf96e65e1905b75083c
rag_cache/llm/d92b41dd4e709b0d060776d31cc9b29ec613b27976b76ce3fa4a0844cf23a9b1.json,.json,127,2026-02-15T02:25:03.726521,False,b43953bc959798ce11e192f55edec365e9e733b871ae9ae47b4b4c8bd8460b70
rag_cache/llm/d9e454acab08ca5c10474b0f67f08802bf247c50d66f672fc45d72cdd15b261c.json,.json,51,2026-02-15T02:25:04.854673,False,2b6db477963d1f9d8963cd7c6e591574ea5ec2923f7231b8ba2b50bbaf138d15
rag_cache/llm/daed9be52c4a1c2895b3b25a58a87811f60c8298dfc2344d98ff76391680393a.json,.json,127,2026-02-19T19:50:53.872601,False,b43953bc959798ce11e192f55edec365e9e733b871ae9ae47b4b4c8bd8460b70
rag_cache/llm/db862b3506f54519065389bceb361df8fa20b5cffa435e9af05c5bce9bb96edb.json,.json,127,2026-02-15T04:04:24.205258,False,80b0de0b6284d216c5563649f99e81c7f6f82f320ae47df0d913c1e86a7d228e
rag_cache/llm/dbd94964de1f8f703f31fcff95ae47ab64fcca3266d5a4f04a871d6af5506140.json,.json,127,2026-02-15T02:26:04.705188,False,80b0de0b6284d216c5563649f99e81c7f6f82f320ae47df0d913c1e86a7d228e
rag_cache/llm/de0ab018371f5034b97d709215d03d8387d331362dcbbf4f94f85eee28f1a2a4.json,.json,127,2026-02-15T02:25:33.972187,False,b43953bc959798ce11e192f55edec365e9e733b871ae9ae47b4b4c8bd8460b70
rag_cache/llm/debe409549a1ef90df3f2b5abcce147628845123d5500f8e045e54bdc26c6345.json,.json,128,2026-02-15T02:26:22.839352,False,7559e34fd09aae7303c5566bf1971f5c2e232bc9a760f3941576c08bcb182207
rag_cache/llm/dffff24bb447db2e1ce7f6721b9b4ddce07d24d1d1a25b56105c76b75e2721b2.json,.json,127,2026-02-15T04:04:22.344917,False,b43953bc959798ce11e192f55edec365e9e733b871ae9ae47b4b4c8bd8460b70
rag_cache/llm/e1f82c4d1cb965f3815f3b480c46615653c0df915d98760bbc5a88130830ef65.json,.json,127,2026-02-15T02:25:17.022386,False,80b0de0b6284d216c5563649f99e81c7f6f82f320ae47df0d913c1e86a7d228e
rag_cache/llm/e4bf0919f675b4377937bd7804186cdb337b0b1c7f34c152e67168432d30422e.json,.json,51,2026-02-15T04:04:20.658854,False,152fdeb64675443c775273c7e95052858c8dfaf97b546bf96e65e1905b75083c
rag_cache/llm/e4f4af5f4d1456bc737326c8f61dd71cd2057a39e41a8f3f1883fda7dd26d9d9.json,.json,127,2026-02-15T02:26:16.444267,False,b43953bc959798ce11e192f55edec365e9e733b871ae9ae47b4b4c8bd8460b70
rag_cache/llm/e5295361945e69631f47f9c1bc9d530dea6caf582daefe8b0b5434c571a17c56.json,.json,122,2026-02-15T04:04:51.932022,False,3d68682b5eeb329d95d568397b711e09b58a62d5f6d88600d15c40849b9cd345
rag_cache/llm/e5d3bbd31af02a8b5a6eb77719493b0e79bbdb261f1e2e4034517f6acb16cf5c.json,.json,46,2026-02-15T02:25:25.502690,False,2a9836225ce07e2ae2f7f4ef08b063c9db546034d5099034fba0c8758cac8fa7
rag_cache/llm/e635f3a45959f780e346b82b79345f682c1cfbfe95764df4512139afca6ca921.json,.json,51,2026-02-15T02:26:53.719307,False,152fdeb64675443c775273c7e95052858c8dfaf97b546bf96e65e1905b75083c
rag_cache/llm/e857e51bda5a22765c7e792e37b15c24615ab85c58c595c6497f050e9e352667.json,.json,51,2026-02-15T02:25:01.834795,False,152fdeb64675443c775273c7e95052858c8dfaf97b546bf96e65e1905b75083c
rag_cache/llm/e9bc73377f9227a845a28082e8259ad2405cfb0ff88068951fe4cb177aa94b8e.json,.json,51,2026-02-15T02:25:46.907020,False,152fdeb64675443c775273c7e95052858c8dfaf97b546bf96e65e1905b75083c
rag_cache/llm/e9e1198d6de79a1edb6bf0f2c0d80692a880e86163fba0864d55f74eece03545.json,.json,127,2026-02-15T04:04:01.993937,False,b43953bc959798ce11e192f55edec365e9e733b871ae9ae47b4b4c8bd8460b70
rag_cache/llm/ea3382383c4cc2fab8322e373f71b226d4c0aa7dda2bc2f3a50e42bb5db6a6e3.json,.json,51,2026-02-15T04:03:49.884297,False,152fdeb64675443c775273c7e95052858c8dfaf97b546bf96e65e1905b75083c
rag_cache/llm/ec463d4d8b27c98cea682dca1daa3248f4f9a53cd7b3d917ea3fb490b7237ba9.json,.json,52,2026-02-15T02:26:09.647699,False,ec4986dcc98103f6d41c30b5e2a086a14dfc987929ffbc08055e5d5019ed7f59
rag_cache/llm/eca6ab1123f84a19725a50d525732ecd2673fdd4ca20935d567e58a907d8590f.json,.json,51,2026-02-15T02:26:18.079747,False,152fdeb64675443c775273c7e95052858c8dfaf97b546bf96e65e1905b75083c
rag_cache/llm/ee9e65f719bbe7c40b6ef990bc3e04848f300484239b997c6bccc4e03cc6de23.json,.json,51,2026-02-19T19:51:12.461593,False,152fdeb64675443c775273c7e95052858c8dfaf97b546bf96e65e1905b75083c
rag_cache/llm/ef8c30a031520c6cc86625104a28825e0752a61fbc1ef8f424b417c0f09ad9fb.json,.json,51,2026-02-19T19:50:59.777771,False,152fdeb64675443c775273c7e95052858c8dfaf97b546bf96e65e1905b75083c
rag_cache/llm/f2153757b5df5ea548f71b0357434968c5436f5eb51cac8783af96fccbc715bf.json,.json,127,2026-02-15T02:26:59.195931,False,80b0de0b6284d216c5563649f99e81c7f6f82f320ae47df0d913c1e86a7d228e
rag_cache/llm/f26ccece9f99a37e04cd3fc0b71b607391f9a0fd06917ac7bb02b22bb7994bdc.json,.json,127,2026-02-15T02:26:19.724971,False,c7b055ea12c0aeb3b366ece24c4c9ca9b26c7271a33211cc82f7ef584156825f
rag_cache/llm/f33f40807a8fb5222505ada1c5483f588046e67fb26433174832ff1ced410bde.json,.json,127,2026-02-15T04:04:13.618524,False,b43953bc959798ce11e192f55edec365e9e733b871ae9ae47b4b4c8bd8460b70
rag_cache/llm/f3a161ca74827af7952f370c9eddb63c19bed210703e4fea4849440fac7048e3.json,.json,127,2026-02-15T02:25:55.624878,False,b43953bc959798ce11e192f55edec365e9e733b871ae9ae47b4b4c8bd8460b70
rag_cache/llm/f43745299a703b1e09baba08ee6cab83f7a8c3927fbffc206de355363c490e5e.json,.json,129,2026-02-15T04:03:34.374040,False,641cfee290c2912da0db9760c5b86e6e886ae524b73a122bec64ba0a02f68855
rag_cache/llm/f4e2be2de453ebd743d0bd5f72dbd821a95812d5479b3b86d5094d14269e31c5.json,.json,51,2026-02-15T02:27:16.782430,False,fc39371a7f2568cca53a64a36c3b4e077549b7bea39b6bae568ac1090278854c
rag_cache/llm/f4e9c56c22420bd57b556dd89a556d218e086fe092cb6e3e76207a147780e083.json,.json,128,2026-02-15T02:26:51.074147,False,7559e34fd09aae7303c5566bf1971f5c2e232bc9a760f3941576c08bcb182207
rag_cache/llm/f77fe9ba4c2cfad586ea3bdd6e01450595d93c372771ef01c8fe1454c3e02816.json,.json,127,2026-02-15T04:04:34.756971,False,b43953bc959798ce11e192f55edec365e9e733b871ae9ae47b4b4c8bd8460b70
rag_cache/llm/f7b15923fd459a75dc2f669a2b61e773d7e241a0493089c9820954f657af58a9.json,.json,127,2026-02-15T02:27:00.943858,False,b43953bc959798ce11e192f55edec365e9e733b871ae9ae47b4b4c8bd8460b70
rag_cache/llm/fd2ff3053ce2157b4840b28c2566e66fb5ac7f7358a0544637de308b8d2e4048.json,.json,128,2026-02-15T02:25:37.240509,False,7559e34fd09aae7303c5566bf1971f5c2e232bc9a760f3941576c08bcb182207
rag_cache/llm/fe10a8faa130860e98f7ef07a1389b947a433f0e62ed7430179bbc44a8c47526.json,.json,51,2026-02-15T02:25:23.903138,False,fc39371a7f2568cca53a64a36c3b4e077549b7bea39b6bae568ac1090278854c
rag_storage/16-05-2021-070111The-Richest-Man-in-Babylon/00_canonical_text.txt,.txt,246818,2026-02-15T04:03:25.625687,False,9f9fc9a4896f1b8b5a80efba13f8358586114464f602c5fbfc529bdbc5e1a1d4
rag_storage/16-05-2021-070111The-Richest-Man-in-Babylon/00_raw.txt,.txt,246818,2026-02-15T04:03:25.624730,False,9f9fc9a4896f1b8b5a80efba13f8358586114464f602c5fbfc529bdbc5e1a1d4
rag_storage/16-05-2021-070111The-Richest-Man-in-Babylon/01_chapters.json,.json,253876,2026-02-15T04:04:55.181288,False,bea6c3ede55f4f368332e666d33a51f856e7935ff33e6a5c3188b2c2ba6336cd
rag_storage/16-05-2021-070111The-Richest-Man-in-Babylon/02_doctrine.json,.json,81299,2026-02-15T01:25:29.235423,False,ab1ca1d68c847cfeaf45d96e553a5e8fd3b564ee01a92e9c8e440bf1b6f6f378
rag_storage/16-05-2021-070111The-Richest-Man-in-Babylon/02_doctrine_chunks.json,.json,7108,2026-02-15T04:05:38.878483,False,e6b3c9934e5360652477b97f4f008439bed8ca39eddabe5897ca8070065ec4e2
rag_storage/16-05-2021-070111The-Richest-Man-in-Babylon/02_doctrine_errors.log,.log,4690,2026-02-15T04:05:38.875077,False,285e9c04ef6d2df4b225e88ff866ae3bc6db42aea93d9225c866ce456b2630a2
rag_storage/16-05-2021-070111The-Richest-Man-in-Babylon/03_5_minister_errors.log,.log,2311,2026-02-15T01:25:37.166488,False,f3c6dafc78c0326b74010165f657a7cf85a39d1ce26992479ca68d7554a090f2
rag_storage/16-05-2021-070111The-Richest-Man-in-Babylon/03_embeddings.json,.json,332,2026-02-15T01:25:36.853056,False,4ccc709f06a0ef823c048cef050c50d39dd1856ac5a51c048fe5f7a86179097c
rag_storage/16-05-2021-070111The-Richest-Man-in-Babylon/03_nodes_chunks.json,.json,3981,2026-02-15T01:25:29.239353,False,7b785d96b6eeff1c372b97af51c607add3b8be73b701fb804416b047998b8f28
rag_storage/16-05-2021-070111The-Richest-Man-in-Babylon/progress.json,.json,335,2026-02-15T04:04:55.187288,False,20bd48c1356c1e529ae4605572ba9cc40b6cb1d7b398c6ddacf149631b3e621d
rag_storage/Marcus-Aurelius-Meditations/progress.json,.json,350,2026-02-19T19:51:25.684729,False,0cac42c2546aac132d8c72f77b6d87be4d480fe700737513d06da29e868bab47
README.md,.md,12026,2026-02-19T20:17:31.980293,False,f452543c3d23f6268989ba8c3af2a0d3a27bef5435f0d18e134954a318d60f86
requirements.txt,.txt,1526,2026-02-19T20:23:22.783186,False,d18d2938a21b7f099e949788e3ed3f4f19caf486cbb7220e9cd1b0271fe9c5b9
review.txt,.txt,8295,2026-02-19T21:27:49.393463,False,e2666df45dd3f33c0fe8f658bdc6fb811ecc3bb74198f8c4744d695a6fadb28a
run_benchmark.py,.py,20807,2026-02-26T18:39:18.596851,False,b215158c76505348d027bb943b5c649a256a9b558547d2f7b8c2e981c43ee540
run_eval_demo.py,.py,8759,2026-02-19T22:00:11.554293,False,6e0dad93b4c77624c43c727c3f587f77be39279b7d3a8d4ebc71f8e5da15da08
run_output.log,.log,850,2026-02-17T03:00:17.300883,False,794f3112dbd5a45af175d93056de3ca81514552c82c0b42bb41029bc37658ff8
scripts/check_embed.py,.py,284,2026-02-14T15:08:53.484999,False,cdc67d7141170bf8e8406d81737c95627f76fa0a556a4889d855aa675f55fb84
scripts/check_ingestion_status.py,.py,1273,2026-02-14T15:08:53.485999,False,e5bb627fb302b6278f7573a1ec6b7b9b25c9bb9e622e333b906f3601a798e351
scripts/check_models.py,.py,1324,2026-02-14T15:08:53.485999,False,abdb70f0d639a0fe9c7052dc2e8daaa79f9b926c3750f38da57232e9506768e3
scripts/check_ollama_api.out,.out,191,2026-02-11T22:15:10.615295,False,b85121e036d5650151fc71157a93a74f8bf5262bba72b1fd60da4de1be41a0c9
scripts/check_ollama_api.py,.py,437,2026-02-14T15:08:53.484999,False,fa59093e32c7bc3d09e3d0dbb9603d647ad556e321cd88bae4403666b8647185
scripts/check_requirements.py,.py,897,2026-02-14T15:08:53.485999,False,b2e7f4c227ee376cb71ca44d6b685a9acf8c1c31dfb1ce601edcb4f10fe571d7
scripts/ingest_status.py,.py,2705,2026-02-14T15:08:53.485999,False,556733c92fef40e711b43b862c097cd37dec09a679d0e524e8f762aa1f8a565a
scripts/run_embed_only.out,.out,0,2026-02-11T22:56:47.276854,False,e3b0c44298fc1c149afbf4c8996fb92427ae41e4649b934ca495991b7852b855
scripts/run_embed_only.py,.py,855,2026-02-14T15:08:53.485999,False,8cde9328e53763fe73c7c4e6c9c5cfe9de9e8e9c82d2c44b6e0712b854e912b4
scripts/scan_rag_storage.py,.py,2010,2026-02-14T15:08:53.485999,False,535027659b2be10b3e7f263123cee82f3eecdd33500e60e8045223c51ebaddd7
scripts/STARTUP_GUIDE.py,.py,12043,2026-02-19T14:41:08.187616,False,ed6a4c5966c9b5a4ed4d2c6bfed3d63d7eab691e635c090b1f584de3c00c9174
scripts/stream_persona_live.py,.py,3801,2026-02-15T16:09:42.254807,False,5a1525cfbf10ad254e1c0e9adf52562a576d71e50232f6b16249617120862a0a
scripts/test_embed.out,.out,113276,2026-02-11T22:16:33.938270,False,c8122acd1ce381c98be86909a6558663a7167cf396448d7de41c21a0819712cb
scripts/test_generate.out,.out,432,2026-02-11T22:16:00.476223,False,3787be9ed41ad2458d0d92c1eb7bab4f740701b68b661e1765c4a5194931f657
scripts/VISUAL_SUMMARY.py,.py,6767,2026-02-19T14:28:31.316226,False,d5df73916a628a415197fd4cbc70c09840ac5b7ea30d83f966e30594767fa63f
SESSION_WORK_SUMMARY.md,.md,7988,2026-02-19T20:24:26.111540,False,8a1b2176b084d9d2ce50b477d3fe52ff5d548fc49385a1e461a480f52cf8f91c
sovereign/council/aggregator.py,.py,2018,2026-02-11T01:14:44.197204,False,7a42176795fd8201ce73fd802075e45803495ce10761c5fd0c65da93f631ca8a
sovereign/llm_adapter.py,.py,5508,2026-02-14T23:31:14.151772,False,fc22687b5ea0973196e0a3e7564f9a92d9267378f02ffe3e56d3790f35582fa3
sovereign/ministers/__init__.py,.py,5610,2026-02-14T16:32:42.152987,False,717e00b7df488798b43f1e6cfa5f50e9c894909e5a085cc88558a6dc86488b65
sovereign/ministers/adaptation.py,.py,1222,2026-02-14T16:32:42.152987,False,63edf4e6d0416efb5930ddb7b4ed97d153059f5c0a7e7cdee5a22a9eeb325263
sovereign/ministers/base_minister.py,.py,1268,2026-02-11T01:14:08.841244,False,dde46403786c3b2ad6a4e9506131cdd5bbac1eb2c44272726790e5026df66825
sovereign/ministers/conflict.py,.py,875,2026-02-14T16:32:42.152987,False,69720fd22a26f291a2db172ad9d36e8560be13d5101e3a1d508eb165740bd413
sovereign/ministers/data.py,.py,758,2026-02-14T16:32:42.152987,False,9599dc8ea65dbdc073b5d2e309b4d9917eeeff8eec5537ffcaa8fe15213da3e0
sovereign/ministers/diplomacy.py,.py,879,2026-02-14T16:32:42.152987,False,6636aae16e80db3844a4d7219ff961d1fd3d9c4330c4199af4996a55d5c30ed8
sovereign/ministers/discipline.py,.py,865,2026-02-14T16:32:42.152987,False,a7aa9366ffbfba4802f14c998d880ae52c2f715f3e9817ea86e990db8960944d
sovereign/ministers/examples.py,.py,6948,2026-02-14T16:32:42.152987,False,e588c888d2eb4fb2a17a19f01b8e04d7deb423558608b57e8fd68dfb2e89695d
sovereign/ministers/grand_strategist.py,.py,875,2026-02-14T16:32:42.152987,False,8defde6bc369b9219cfa1c422019ba3fe3fd95eedc430140126da144c9d83392
sovereign/ministers/intelligence.py,.py,875,2026-02-14T16:32:42.152987,False,688ce015a7cf2c65f40e2eb7afa10b183e1e52842b6a3de339de494222f17c31
sovereign/ministers/legitimacy.py,.py,847,2026-02-14T16:32:42.152987,False,9b00ee431f37f7cc52ed3c5db1cad48366ef3fc221af9b1104dc7c04d0568dc0
sovereign/ministers/meeting_flow.py,.py,12601,2026-02-14T23:14:01.941881,False,7ae1cd2ba7f3ca1e1f3dca974af4316b2690ce8e3b2ec5f6c4d3fb3846eda5e7
sovereign/ministers/narrative.py,.py,824,2026-02-14T16:32:42.152987,False,9b136db6a5efae0d84cb1aaf7ff0bfbebea82fb016bf48ef09d0c9cb9c6335af
sovereign/ministers/optionality.py,.py,854,2026-02-14T16:32:42.152987,False,fe5f7213180598941f4fb1540f106b01078cfe15887b568e6a9733ff93cbccf2
sovereign/ministers/orchestrator.py,.py,13457,2026-02-14T23:34:48.084390,False,b95eeaab912086820d32e2a73ff6c7318ae18d3f59d7b160151c2f9a2d496620
sovereign/ministers/power.py,.py,799,2026-02-14T16:32:42.152987,False,a2aaab94631adbf078d890dd5930d0b325dca1dde2754f64bacf61f0533604fe
sovereign/ministers/psychology.py,.py,841,2026-02-14T16:32:42.152987,False,7789210a45df22016efc25f2024764211674153240a0c04ae6a00713420c1e24
sovereign/ministers/README.md,.md,3711,2026-02-14T16:32:42.152987,False,a2319abbeb26dca9c0e244fc1568bf3275b82fe428ed1c6b6d87b22b8f7d4d08
sovereign/ministers/risk.py,.py,813,2026-02-14T16:32:42.152987,False,b1b604675b6a0b12b033043b93c8cd98994f1a62dae5d4e5a8aa09aace548eb4
sovereign/ministers/risk_minister.py,.py,2799,2026-02-11T01:14:23.577607,False,46b6a5dc7539140c293732e4f1d89236cc73abc26ad43a873df61c12217fa701
sovereign/ministers/risk_resources.py,.py,882,2026-02-14T16:32:42.152987,False,6f27bb9c8c2783b8b0e8c34db3104a4a7da08b65bc2ec72f74563cf1e0762383
sovereign/ministers/sovereign.py,.py,824,2026-02-14T16:32:42.152987,False,88c7fd35a241f314d03c98d7bc76f73eab7f89d3c3029eac944634ecb45e87f3
sovereign/ministers/technology.py,.py,821,2026-02-14T16:32:42.152987,False,1d3bac179b5706a067c3624b1131c9e6da25b1d2058a5b45f73f7d810ab7577d
sovereign/ministers/timing.py,.py,781,2026-02-14T16:32:42.152987,False,bb6fa52941f7037052b5a9b963526759b32bcec1742ff2db81ede34736fc19c2
sovereign/ministers/tribunal.py,.py,1192,2026-02-14T16:32:42.152987,False,68ea4b1542276c928e4915982308f4fdd5d272b2093c151e97009da4b3540153
sovereign/ministers/truth.py,.py,796,2026-02-14T16:32:42.152987,False,f195bb1e88c054dfae462e07d3512e112ecbdaf4f9aaa406bb3bff4434444d0f
sovereign/ministers/war_mode.py,.py,819,2026-02-14T16:32:42.152987,False,34f2e8a0e027a46ef0b14107dcf13e6845e818560edcf8aecae09c689540be51
sovereign/prime_confident.py,.py,8412,2026-02-14T23:30:33.867561,False,560ae48e8b01ca66f79f5733256f16ea1024ab4f2cdbeff71488c60d2bd3dc38
sovereign/runtime/council_runtime.py,.py,1820,2026-02-11T01:16:29.868871,False,27fdafc3cb84e67a7ba444d5c183025c56f0b34049d5abc7bd8bfb8d9e7b3d28
sovereign/runtime/minister_runtime.py,.py,1037,2026-02-11T01:14:29.749563,False,1471635f93bbdb908bac119819a27aa56e67152467cd969cdd9dd18c5b30764b
sovereign/sovereign_main.py,.py,5076,2026-02-17T01:34:03.022668,False,74c69a7ff384b4482500340611a8db116341c934e8cf3c036efed8d4f8b00b6b
sovereign/sovereign_main_integration_example.py,.py,10978,2026-02-16T05:07:34.664671,False,9fd8fc84398806d94d40354c15f02597c95ad23cd88956b05c4e044a76b291f1
START_HERE.md,.md,10413,2026-02-19T19:52:10.054112,False,228528d902b754ea485a5d50e9f7e6a8c4b237abb1eab8d59c1d342fa1ca539e
STARTUP_GUIDE.txt,.txt,6284,2026-02-19T14:41:39.658234,False,4d3f826084afe223a78b64f17fae0dfd97039cee1eec51a0c726e66b83d74680
system_main.py,.py,33762,2026-02-19T15:20:23.024930,False,b6c15bd87f33ae026e8aaa28d1556325d355c54f00ff83daa03c222cf4ea54ba
test_ingest_full_output.log,.log,872,2026-02-15T01:10:42.394973,False,7fec8f4945f83c3ee3dfe4bde8f9fdf19b1df26e53fa7d08e70491d8d91bf1cd
test_ingestion_debug.log,.log,502,2026-02-15T00:59:30.883985,False,076b6c646d47b701021f9af0d7e18af18bb6a27fffba3a1b74c0e1cc04e0c353
test_input.txt,.txt,62,2026-02-18T03:34:53.734527,False,1f5912c3ae89b1820835f897c293a630af7d445610d7e4eba71c319498a1c123
test_input_multi.txt,.txt,97,2026-02-18T03:43:29.832941,False,bf15550086063ec14ca506c6ec334ecb55829064b3cefd21464e60ef564d6857
test_results.log,.log,227,2026-02-19T19:50:35.041677,False,978a997a0218d9a2a84ad842884362c2f2fb636bf26d3fc5065a4fe9cba7cc39
tests/advanced_persona_test_suite.py,.py,19861,2026-02-14T04:30:41.851940,False,b758e33276fade75a0c3211f09049543ba68e1b7fb54505f52c470662251db53
tests/check_extraction.py,.py,1360,2026-02-14T15:08:53.557180,False,b9f875710e21931f22125c41a78c6a158baab332c5905299a6845cca8fccac17
tests/check_kis_in_doctrine.py,.py,700,2026-02-15T01:07:01.412905,False,8333a47607b54fdcf728f1807528c5675be7605abf03446c3633e0c40d093714
tests/comprehensive_feature_test.py,.py,17131,2026-02-14T13:53:15.444363,False,c3a9f07e8f4bc953edcc37ed5067e8d4d57d6a7ea8fa265eafd3d8842425c41e
tests/comprehensive_persona_test_suite.py,.py,30672,2026-02-14T04:30:41.852944,False,4f6c337c5ee643947bf8ba37c2b818406839edf51e1942750ad06a0f8758e7c3
tests/conftest.py,.py,2545,2026-02-14T15:08:53.485999,False,d059e12b0c763502f167a7d4e8aeae211e6d29028737e4d028f827b9ec50e5d0
tests/debug_kis_ingestion.py,.py,2281,2026-02-15T00:46:16.060100,False,456454729a7063b8ad8fd27583500abbebeb99b67a87ce73673e744479845507
tests/master_test_orchestrator.py,.py,26140,2026-02-14T04:45:46.398226,False,1d97c5419c9801af47fb996cb107089284d058ef7201f74f22b264795c9b0892
tests/pytest.ini,.ini,942,2026-02-14T15:08:53.652709,False,9e8bcb8290715aa7b5653ea8716a28390e63b3eccbd4398971bbc0e1ded5848f
tests/README.md,.md,9025,2026-02-14T15:08:53.487000,False,cbcd042f603e668b2f747315f97aeba6973a0c0f7a9ecaa13bae7473e789c47c
tests/run_adapter_test.py,.py,207,2026-02-15T04:39:26.767001,False,8d817d87e1ce0f73a812fc9efa7657b409890de831cb5c5b7157311cbb342e29
tests/run_kis_integration_test.py,.py,7181,2026-02-15T00:48:52.539747,False,cc0ee66c7ba991a8d9926b19546bcd9f90fb46f93fea389b49cafbc93a6e923d
tests/run_phase1_test.py,.py,1157,2026-02-10T17:01:50.344521,False,69649599ead702f58f13211d4ef06324bd00137d043257348b65154b6f56b168
tests/run_tests.py,.py,5432,2026-02-14T15:08:53.652709,False,a8e44c5edd435be2919490c8211568c19df881b6cd4be47e24a50c00a2b29818
tests/run_v2_ingest_test.py,.py,387,2026-02-10T17:19:17.570631,False,be4160718b777e8e9ce9d16f795b6cd7a810164123394a0f7c7588e3c34652bf
tests/sovereign_stress_test.py,.py,10851,2026-02-17T01:34:13.445908,False,e02efa1409520e3f9c7aa1bd40d4fdc045c64050d0258d82baf2b502b1810e7e
tests/test_async_embed.py,.py,3184,2026-02-12T11:40:13.713046,False,fb4dc308ee2e10e07873af3c52393ac56a6c147c24d1de188557704f3e035fd5
tests/test_async_embed_debug.py,.py,3480,2026-02-12T12:10:14.771051,False,644580aef62a635597a8ff7b9835bb37e0e42574545f853eab3ad7f15b87cfbd
tests/test_async_ingest.py,.py,6045,2026-02-14T15:08:53.511999,False,25840d29936fb1a68b124c573ca609e07315aa1cec25b179ef116a8667b2f03a
tests/test_async_ingestion.py,.py,11893,2026-02-14T23:48:03.025524,False,bfab45692399ef70e0764490aca9430a00329b4d318bc6cfc0c86983fd4b381e
tests/test_deepseek_doctrine.py,.py,4737,2026-02-12T10:46:46.878723,False,ffe6d1010d8df693a82feda3c15ae742e33c75c34ce4958c1d5e2da4303bf47e
tests/test_direct_ingest.py,.py,914,2026-02-15T01:08:09.307319,False,1275911f15cba56fa402de2f51adddd3351b98bee04c7d227396a2e81b6c8718
tests/test_e2e_ingestion.py,.py,7548,2026-02-14T15:08:53.526880,False,7879b41d66cb7e2285c205056b0f0704785e878b7889760fde3ac609afdba106
tests/test_embed.py,.py,349,2026-02-14T15:08:53.557180,False,905de065ec579163501996645793e44854b1e9f323901750e5b495fd7e736584
tests/test_embed_model.py,.py,664,2026-02-14T15:08:53.557180,False,0049c68aec31045c23219fcf33621dd04c6534d9f35141e1db036e261325c495
tests/test_features.py,.py,4849,2026-02-18T03:09:41.258402,False,24d3e7312067ae5cfb221c5cee47bf3c57355c97d3fe5699c31392348b804182
tests/test_generate.py,.py,344,2026-02-14T15:08:53.550016,False,45f42de4ac3c4c61193800644caef3d894ad06ac16a4e21958b25edb5f012d3a
tests/test_improved_doctrine.py,.py,6537,2026-02-14T15:08:53.557180,False,e59cb1cf4cdb387ed8c04a4851ee3faf60241d4392f1657f9c456a54e6484c5c
tests/test_kis_enhancement_direct.py,.py,2078,2026-02-15T01:07:32.392817,False,aa2da8e4c82012d4046bc6172c07b716e323f699273123ffbba2c894e730250f
tests/test_kis_exact_scenario.py,.py,3270,2026-02-15T00:47:09.566512,False,193c0cea1c5f3d2aa23c8e42f213c0774100e94115c93fc7a588b877989c8731
tests/test_kis_integration.py,.py,1580,2026-02-15T00:45:21.079041,False,47b5a4cab0b0407fbbd14c763aa1b602909bf1fa637ca2f98f553f7397ae459a
tests/test_llm_client.py,.py,4350,2026-02-15T04:08:47.404549,False,76904f811e82eed57df2674e7ee39f20cf3d2966ad7decb236c2b1a59b9755e5
tests/test_llm_kis_integration.py,.py,5875,2026-02-15T04:07:58.167799,False,ee787e0b7cbf53a6e4e0e8ef6afa46271f2763420319b62b4c9653059a7437ef
tests/TEST_MANIFEST.md,.md,6416,2026-02-14T15:08:53.487000,False,d49faf507fbb45deb169e8451cd30fb9c9c119c5b3f43803632c556990243beb
tests/test_minister_converter.py,.py,10483,2026-02-14T15:08:53.490000,False,6de69b1e91111dfb62f40b87055ab004d5dc911d9f9b7ce8076211cfaadfb57d
tests/test_nodes.json,.json,421,2026-02-12T12:08:55.611978,False,1d51c4c56b6d3fe165a8c540c1a3cd662effc210dfd9da4f369eafa9f67a1b22
tests/test_single.json,.json,135,2026-02-12T12:11:28.538411,False,9756223321687e1466fedd0c38ac8fc4be947bad4201b51afbdf60fa4f376bb8
tests/test_split.py,.py,1422,2026-02-10T17:01:50.344521,False,5a0d9114f535dd2f3cbf5892e262275eee4fefc99d59203ed12acb3b7ce3b1c6
tests/test_split_direct.py,.py,1231,2026-02-10T17:01:50.344521,False,f66f4dfde4474d92a95a647565f87c61fbfe22a36814bb97cfde5c3a1c2921f6
tests/test_split_qwen25.py,.py,1186,2026-02-10T17:01:50.344521,False,b1dde5329d5a185fc892258977a4d80448ee81d563ff91232f693643caf2388f
tests/test_step3_simple.py,.py,1186,2026-02-15T04:10:44.646368,False,03c451e22d614acfccc732ee4b58033557484598a99f84207c266db3fb1d867e
tests/test_step4_training_data.py,.py,11183,2026-02-15T04:15:47.140141,False,d00aa35fd8f8bc8cf8b47d6d48292855a91e04ff6d3145bc3597502bfba9b8fd
tests/vector_db_smoke.py,.py,554,2026-02-14T15:08:53.482999,False,b4fd67c55520e6ff36c6b0693c294440099bdb89a9c9c69327575a152e94d9bc
tests/verification/advanced_test_report.json,.json,1103,2026-02-14T04:46:29.738416,False,cdae21f8b7ec9ea42461cbf3995ed91e1bdbf854a0951f685b91680c64e73ec6
tests/verification/check_chapter_text.py,.py,953,2026-02-12T11:02:54.746844,False,e90d131b36b3abc06d7ca8f532c44bd4697c74bef04ad9e99192476edf63c55d
tests/verification/check_doctrine.py,.py,1140,2026-02-12T10:48:56.033862,False,10ccf30b0e4c8e118764fb9802cf187b2fc0efadc2c734ed67402954d979016d
tests/verification/check_extraction.py,.py,1360,2026-02-12T00:13:47.907596,False,b9f875710e21931f22125c41a78c6a158baab332c5905299a6845cca8fccac17
tests/verification/check_ingestion_status.py,.py,1510,2026-02-12T11:00:37.240231,False,469944093d40e798c836d6313908534ec13c15f757213d76e31eaebc255c6e7a
tests/verification/check_v2_status.py,.py,1410,2026-02-12T11:21:54.431740,False,e49cf2ed87e1e6a88a408df0aa20ed51220bdb03b81893057f47638ce1ccde54
tests/verification/COMPLETE_FEATURE_LIST.md,.md,13270,2026-02-14T15:08:53.487000,False,75a8adbcc9cbf34abd2df7e56238d6192225826974e749577008a2db3b8300d2
tests/verification/CONSOLIDATED_CODE.md,.md,67129,2026-02-14T15:08:53.534316,False,8203b7c2aa6e8c389a44cdcc91e0790ade4d991d939f0f9a294baa9eb7299ea6
tests/verification/CONSOLIDATED_STRUCTURE_GUIDE.md,.md,5858,2026-02-14T15:08:53.497001,False,41806637713bb0cb35745fadea8548873a20be00703e59e395443179f377916c
tests/verification/MASTER_DOCUMENTATION.md,.md,42820,2026-02-14T14:17:06.269110,False,adf19cc32742eab8bbed2418ffa8a68d84dd2a42bf4ab07be0616d194b7f0070
tests/verification/master_test_report.json,.json,5940,2026-02-14T13:51:02.960015,False,6e5aa10f48f7be82413e2c971f0929772d5f4d8ff407a8377c1d891c220fb4a2
tests/verification/master_test_report.txt,.txt,642,2026-02-14T13:51:02.961015,False,2f6bcc5c3d5e61387d2e719af76064dbd21a12c378fb77d7a1f8deda9e4095cf
tests/verification/quick_verify.py,.py,5286,2026-02-14T04:37:14.907618,False,027c1e38278f201d7d9f108e4a3c5cf38fb6caecd91523614361bcc257286a47
tests/verification/SESSION_SUMMARY_STEPS_2_3.md,.md,8429,2026-02-15T04:11:40.066375,False,a8ecfb8293d2d90950edac2f07fdad07c78f4d1a2b7aeb3a6e89864c6f66d818
tests/verification/SESSION_SUMMARY_STEPS_2_4_FINAL.md,.md,17589,2026-02-15T04:17:42.873938,False,70d52384eefa296f66ebfc4ba20ad5634fe9f7c67fbd177e06c77a54efa8449e
tests/verification/STEP_3_LLM_CLIENT_COMPLETE.md,.md,5131,2026-02-15T04:08:14.068377,False,13fcf4f86b2c8edf493aaf69ea65c5156e9366905318beee46e357c62e26f12f
tests/verification/STEP_4_TRAINING_DATA_COLLECTION.md,.md,14525,2026-02-15T04:16:52.583821,False,44a1b26a3e89b485d8d0c76cca1c23a7cc185350c10e539786aa00c54024352d
tests/verification/test_ml_layer.py,.py,8726,2026-02-17T02:58:07.628925,False,ecf57db1d2427aa6f9909357c440ff6cfc6a19d11cf8f5758f01bf9fde202bce
tests/verification/test_persona_simple.py,.py,2055,2026-02-17T02:07:53.735905,False,dc8b3532e58a069eede47785a03270c68300ba5ad8bbf8eebfa8382f563058cc
tests/verification/test_report.json,.json,9932,2026-02-14T13:51:24.543348,False,c3f97f81c54016abb5897b23ffb5e4ca17e66297f13390c300719b2aa03e16c4
tests/verification/test_startup.py,.py,750,2026-02-17T01:53:18.677519,False,fa641b1999c44a919f5fb336a8bd063872e00816c3999b84a155c30a3a13666f
tests/verification/verify_all_features.py,.py,9616,2026-02-14T04:33:10.634972,False,35154d04535d6af0db628b5e9b6cfa4eaacc2552eb249e51633ec7eda0e3eb0e
tests/verification/verify_and_run.py,.py,8632,2026-02-17T02:43:13.810961,False,94c24c2b170b0d2604ef286da83fbe197628d8f8f32a9514de7b8b5cbfb3b988
tests/verification/verify_improvements.py,.py,3819,2026-02-14T05:02:27.100697,False,0bfe38c6ede8b3592cbcc746a219592879a43ea77dae09753a8f86fe84f904e9
tests/verification/verify_llm_integration.py,.py,2114,2026-02-14T04:52:51.607677,False,9ff1fd7414a8251ff96ae27757a48367f6fb13e61611fe4872c858ee73f1c742
tests/verify_api_fixes.py,.py,7144,2026-02-18T03:45:23.391780,False,d3ee627d8fc5b19d047f2fde6bfa7001149355a5ca0528ef05b865188fbfd86a
tests/verify_kis_integration.py,.py,1918,2026-02-15T04:02:53.339660,False,fb55b4db567d608b74b4a1a3dd6fbae7cc848227650228c2040e045b999b2846
tests/verify_kis_saved.py,.py,931,2026-02-15T02:28:24.760716,False,41a48b2a6b35f27f0a63f41ecbb108608d18b0778dc306b0a9071ec6cecebdcd
tests/verify_llm_implementation.py,.py,4813,2026-02-15T04:10:32.675702,False,a991d780763618c145690c88e70cbcf2d5788d36f9383c1204c85eb970d56158
tests/verify_ml_integration.py,.py,10751,2026-02-19T14:39:55.242845,False,0135f0ae8fc1532f355c7f905e4a9d19f8e107a7a79582936cbe8b752df7215d
uncertainty_analysis_semantic_full_q30.json,.json,36947,2026-03-02T13:10:04.936797,False,ab227d701d3f0d2590efd93b55be1c40e5f1099241edbcacd1628616db21a6d3
UNIFIED_SYSTEM_GUIDE.txt,.txt,15382,2026-02-19T15:07:43.013880,False,513ab682b6ef3ce16ac2c424a5a297de4a4d81e71f545b381e07b73e9f4e804f
utils/__init__.py,.py,317,2026-02-15T16:10:22.553638,False,6e86fbdf6a140012fc5acf202caae9081f538776edf7321ad0a3e5db76fad4ec
utils/batch_convert_rag_storage.py,.py,5174,2026-02-14T15:08:53.481001,False,c4dab0a0d03904c701d3accb3cae6a43a799fad8cfe1e99cc36a458897f2f353
utils/cleanup_atomic_dirs.py,.py,2654,2026-02-14T15:08:53.481999,False,3683feba1e315449b95335ff2c0e01bc83203cfc102a1a78ff99da756bea32a7
utils/migrate_to_consolidated.py,.py,7512,2026-02-14T15:08:53.482999,False,c4b7718784248b071456a14292061dc9f748d4897960f75b8c60bb547430be97
utils/ML_WISDOM_INTEGRATION_GUIDE.py,.py,15207,2026-02-15T04:18:15.906193,False,fd05c8611fe4d2b7ae81f6b092137f735b7cc943b937c60383f9c156a2577df7
